order_date,sku,order_source,short_code,product_category,orders,customers,qty,rev
"Jul 25, 2026",BC-BL-PM-250,D2C,Peach Milk Malai Lotion - 250ml,Face Malai,2,2,2,410.73
"Jul 25, 2026",FC-AC-OV-050,Flipkart,Active Olive Vit-E Night Gel,Active Gel,1,1,1,304
"Jul 25, 2026",FC-DM-AA-030,Myntra,Clove Tea-Tree (Anti-Acne) Face Malai,Face Malai,1,1,1,332
"Jul 25, 2026",FC-DM-NR-030,Myntra,Cocoa Mogra (Overnight) Face Malai - 30g,Face Malai,2,2,2,501
"Jul 25, 2026",FC-AC-OK-050,Pop Club,Active Orange Kiwi Vit-C Gel,Active Gel,1,1,1,249
"Jul 25, 2026",FC-DM-AA-030,D2C,Clove Tea-Tree (Anti-Acne) Face Malai,Face Malai,20,20,21,5578.2
"Jul 25, 2026",FC-HDDM-TR-050,D2C,Tomato Rosehip (Hot Dry) 20 - 35 Yrs Face Malai - 50g,Face Malai,1,1,2,375
"Jul 25, 2026",FC-DM-PG-030,Flipkart,Turmeric Nutmeg (Pigmentation)  Face Malai - 30g,Face Malai,25,25,26,2396.89
"Jul 25, 2026",EC-UE-FNC-020,Myntra,Netraa Cream - UnderEye Vit-E Cream,Pure Netraa,3,3,3,854
"Jul 25, 2026",FC-DM-DP-030,Nykaa,Honey Multi-Nut (Dry & Peeling Skin) Face Malai,Face Malai,3,3,3,763.8
"Jul 25, 2026",FC-DM-NR-030,D2C,Cocoa Mogra (Overnight) Face Malai - 30g,Face Malai,7,7,7,2257.45
"Jul 25, 2026",BA-FM-MNO-075,First Cry,Baby Face Malai Multi-Nut Oats Vit-E,Baby Face Malai,8,8,8,2085.28
"Jul 25, 2026",FC-AC-NT-050,First Cry,Active Neem TeaTree Gel,Active Gel,2,2,2,459
"Jul 25, 2026",FC-HHDM-FC-030,Nykaa,Flax Carrot (Hot Humid) 35+ Face Malai - 30g,Face Malai,4,4,4,1037.43
"Jul 25, 2026",EC-UE-PN-009,Nykaa,Netraa - Under Eye Roll On Serum,Pure Netraa,23,23,23,5952.72
"Jul 25, 2026",FC-HDDM-FB-030,Nykaa,Flax Bakuchi (Hot Dry) 35+ Face Malai - 30g,Face Malai,4,4,4,1018.4
"Jul 25, 2026",FC-AC-OV-050,D2C,Active Olive Vit-E Night Gel,Active Gel,8,8,8,2208.99
"Jul 25, 2026",FC-DM-NR-030,First Cry,Cocoa Mogra (Overnight) Face Malai - 30g,Face Malai,1,1,1,209.5
"Jul 25, 2026",EC-UE-FNC-020,Nykaa,Netraa Cream - UnderEye Vit-E Cream,Pure Netraa,14,14,14,3763.22
"Jul 25, 2026",FC-CWDM-FW-030,Nykaa,Flax Walnut (Cold) 35+ Face Malai,Face Malai,2,2,2,512.89
"Jul 25, 2026",FC-AC-NT-050,Nykaa,Active Neem TeaTree Gel,Active Gel,2,2,2,635.7
"Jul 25, 2026",FC-HHDM-FC-050,D2C,Flax Carrot (Hot Humid) 35+ Face Malai - 50g,Face Malai,6,6,12,2151.67
"Jul 25, 2026",FC-DM-PG-030,Amazon,Turmeric Nutmeg (Pigmentation)  Face Malai - 30g,Face Malai,16,16,17,5694.15
"Jul 25, 2026",FC-DM-AA-030,Nykaa,Clove Tea-Tree (Anti-Acne) Face Malai,Face Malai,3,3,4,1083
"Jul 25, 2026",FC-CWDM-FW-030,D2C,Flax Walnut (Cold) 35+ Face Malai,Face Malai,3,3,3,1003.87
"Jul 25, 2026",FC-HDDM-FB-050,D2C,Flax Bakuchi (Hot Dry) 35+ Face Malai - 50g,Face Malai,5,5,10,1670.1
"Jul 25, 2026",BA-FM-MNO-075,Nykaa,Baby Face Malai Multi-Nut Oats Vit-E,Baby Face Malai,8,8,8,2262
"Jul 25, 2026",FC-HDDM-TR-030,D2C,Tomato Rosehip (Hot Dry) 20 - 35 Yrs Face Malai - 30g,Face Malai,3,3,3,885.5
"Jul 25, 2026",FC-CWDM-FW-030,Flipkart,Flax Walnut (Cold) 35+ Face Malai,Face Malai,1,1,1,266
"Jul 25, 2026",FC-HHDM-GAT-030,Nykaa,GreenApple Tulsi (Hot Humid) 13 - 19 Yrs Face Malai,Face Malai,1,1,1,256.5
"Jul 25, 2026",EC-UE-PN-009,Cred,Netraa - Under Eye Roll On Serum,Pure Netraa,2,2,2,418
"Jul 25, 2026",FC-DM-PG-030,D2C,Turmeric Nutmeg (Pigmentation)  Face Malai - 30g,Face Malai,17,17,17,4772.41
"Jul 25, 2026",FC-HHDM-TV-050,D2C,Tomato Vetiver (Hot Humid) 20 - 35 Yrs Face Malai - 50g,Face Malai,6,6,7,2046.9
"Jul 25, 2026",FC-HDDM-TR-030,Nykaa,Tomato Rosehip (Hot Dry) 20 - 35 Yrs Face Malai - 30g,Face Malai,5,5,5,1241.71
"Jul 25, 2026",BA-FM-MNO-075,Flipkart,Baby Face Malai Multi-Nut Oats Vit-E,Baby Face Malai,1,1,1,227
"Jul 25, 2026",FC-AC-OK-050,D2C,Active Orange Kiwi Vit-C Gel,Active Gel,33,33,36,10294.78
"Jul 25, 2026",FC-HDDM-TR-030,Amazon,Tomato Rosehip (Hot Dry) 20 - 35 Yrs Face Malai - 30g,Face Malai,5,5,5,1575
"Jul 25, 2026",FC-HHDM-TV-030,D2C,Tomato Vetiver (Hot Humid) 20 - 35 Yrs Face Malai,Face Malai,2,2,2,364
"Jul 25, 2026",FC-DM-PG-030,Nykaa,Turmeric Nutmeg (Pigmentation)  Face Malai - 30g,Face Malai,13,13,13,3569.79
"Jul 25, 2026",FC-DM-DP-030,D2C,Honey Multi-Nut (Dry & Peeling Skin) Face Malai,Face Malai,4,4,4,1247.05
"Jul 25, 2026",FC-DM-NR-030,Cred,Cocoa Mogra (Overnight) Face Malai - 30g,Face Malai,1,1,1,174.5
"Jul 25, 2026",FC-HDDM-FB-030,Cred,Flax Bakuchi (Hot Dry) 35+ Face Malai - 30g,Face Malai,1,1,1,217
"Jul 25, 2026",FC-AC-OK-050,Nykaa,Active Orange Kiwi Vit-C Gel,Active Gel,5,5,5,1636.6
"Jul 25, 2026",FC-AC-NT-050,Myntra,Active Neem TeaTree Gel,Active Gel,1,1,1,382
"Jul 25, 2026",FC-AC-OV-050,Nykaa,Active Olive Vit-E Night Gel,Active Gel,5,5,5,1569.8
"Jul 25, 2026",FC-AC-OV-050,First Cry,Active Olive Vit-E Night Gel,Active Gel,1,1,1,235.5
"Jul 25, 2026",FC-AC-BT-050,Nykaa,Active Beetroot Tomato Vit-A Gel,Active Gel,2,2,2,652
"Jul 25, 2026",FC-CWDM-BT-030,D2C,Winter Blackseed Tulsi (Cold) 13 - 19 Yrs Face Malai,Face Malai,1,1,1,280.33
"Jul 25, 2026",EC-UE-PN-009,D2C,Netraa - Under Eye Roll On Serum,Pure Netraa,23,23,25,5446.27
"Jul 25, 2026",FC-AC-BT-050,D2C,Active Beetroot Tomato Vit-A Gel,Active Gel,3,3,3,1007.5
"Jul 25, 2026",FC-CWDM-FW-030,Amazon,Flax Walnut (Cold) 35+ Face Malai,Face Malai,5,5,5,1695.75
"Jul 25, 2026",FC-AC-NT-050,Flipkart,Active Neem TeaTree Gel,Active Gel,2,2,2,562
"Jul 25, 2026",FC-DM-PG-030,Cred,Turmeric Nutmeg (Pigmentation)  Face Malai - 30g,Face Malai,2,2,2,373.5
"Jul 25, 2026",FC-HDDM-PT-030,Nykaa,Pomegranate Tulsi (Hot Dry) 13 - 19 Yrs Face Malai,Face Malai,1,1,1,270
"Jul 25, 2026",FC-HDDM-FB-030,First Cry,Flax Bakuchi (Hot Dry) 35+ Face Malai - 30g,Face Malai,1,1,1,312.91
"Jul 25, 2026",BA-FM-MNO-075,D2C,Baby Face Malai Multi-Nut Oats Vit-E,Baby Face Malai,11,11,11,2792.61
"Jul 25, 2026",FC-HHDM-FC-030,First Cry,Flax Carrot (Hot Humid) 35+ Face Malai - 30g,Face Malai,1,1,1,150.8
"Jul 25, 2026",FC-HHDM-TV-030,Nykaa,Tomato Vetiver (Hot Humid) 20 - 35 Yrs Face Malai,Face Malai,8,8,8,1999.5
"Jul 25, 2026",FC-AC-AC-050,D2C,Active Aloe Cactus Hydra Lift Gel,Active Gel,7,7,11,3926
"Jul 25, 2026",FC-HHDM-FC-030,D2C,Flax Carrot (Hot Humid) 35+ Face Malai - 30g,Face Malai,7,7,7,1901.24
"Jul 25, 2026",FC-AC-NT-050,D2C,Active Neem TeaTree Gel,Active Gel,19,19,21,6782.35
"Jul 25, 2026",FC-DM-PG-030,Myntra,Turmeric Nutmeg (Pigmentation)  Face Malai - 30g,Face Malai,3,3,3,928
"Jul 25, 2026",FC-AC-AC-050,Nykaa,Active Aloe Cactus Hydra Lift Gel,Active Gel,2,2,2,682.1
"Jul 25, 2026",FC-HDDM-PT-050,Myntra,Pomegranate Tulsi (Hot Dry) 13 - 19 Yrs Face Malai - 50g,Face Malai,1,1,1,375
"Jul 25, 2026",FC-DM-NR-030,Nykaa,Cocoa Mogra (Overnight) Face Malai - 30g,Face Malai,7,7,7,1882.42
"Jul 25, 2026",FC-AC-AC-050,First Cry,Active Aloe Cactus Hydra Lift Gel,Active Gel,1,1,1,253
"Jul 25, 2026",EC-UE-FNC-020,Flipkart,Netraa Cream - UnderEye Vit-E Cream,Pure Netraa,1,1,1,228.5
"Jul 25, 2026",FC-HDDM-FB-030,D2C,Flax Bakuchi (Hot Dry) 35+ Face Malai - 30g,Face Malai,4,4,4,1231.83
"Jul 25, 2026",FC-HHDM-TV-030,Cred,Tomato Vetiver (Hot Humid) 20 - 35 Yrs Face Malai,Face Malai,1,1,1,217
"Jul 25, 2026",FC-DM-NR-030,Amazon,Cocoa Mogra (Overnight) Face Malai - 30g,Face Malai,9,9,9,3014.55
"Jul 25, 2026",FC-AC-OV-050,Cred,Active Olive Vit-E Night Gel,Active Gel,1,1,1,339
"Jul 25, 2026",FC-AC-OK-050,Flipkart,Active Orange Kiwi Vit-C Gel,Active Gel,6,5,12,2960
"Jul 25, 2026",EC-UE-FNC-020,D2C,Netraa Cream - UnderEye Vit-E Cream,Pure Netraa,11,11,11,2727.51
"Jul 25, 2026",BC-BL-PM-250,Flipkart,Peach Milk Malai Lotion - 250ml,Face Malai,2,2,2,349.5
"Jul 25, 2026",FC-DM-PG-050,D2C,Turmeric Nutmeg (Pigmentation)  Face Malai - 50g ,Face Malai,15,15,32,5515.35
"Jul 25, 2026",FC-HHDM-TV-030,Flipkart,Tomato Vetiver (Hot Humid) 20 - 35 Yrs Face Malai,Face Malai,1,1,1,232.2
"Jul 25, 2026",FC-HDDM-PT-030,D2C,Pomegranate Tulsi (Hot Dry) 13 - 19 Yrs Face Malai,Face Malai,1,1,1,322
"Jul 25, 2026",BA-FM-MNO-075,Amazon,Baby Face Malai Multi-Nut Oats Vit-E,Baby Face Malai,1,1,1,300.3
"Jul 25, 2026",FC-DM-NR-050,Flipkart,Cocoa Mogra (Overnight) Face Malai - 50g ,Face Malai,1,1,2,348.5
"Jul 25, 2026",FC-DM-NR-050,D2C,Cocoa Mogra (Overnight) Face Malai - 50g ,Face Malai,7,7,22,3920.02
"Jul 25, 2026",FC-HHDM-FC-050,Flipkart,Flax Carrot (Hot Humid) 35+ Face Malai - 50g,Face Malai,2,2,4,690.5
"Jul 25, 2026",FC-AC-OK-050,Cred,Active Orange Kiwi Vit-C Gel,Active Gel,29,27,29,3914.14
"Jul 25, 2026",FC-HHDM-GAT-030,D2C,GreenApple Tulsi (Hot Humid) 13 - 19 Yrs Face Malai,Face Malai,3,3,3,702
"Jul 26, 2026",FC-AC-OK-050,D2C,Active Orange Kiwi Vit-C Gel,Active Gel,30,30,33,9533.99
"Jul 26, 2026",EC-UE-FNC-020,Nykaa,Netraa Cream - UnderEye Vit-E Cream,Pure Netraa,7,7,7,1883.75
"Jul 26, 2026",FC-CWDM-TP-030,D2C,Tomato Patchouli (Cold) 20 - 35 Yrs Face Malai,Face Malai,3,3,3,689.77
"Jul 26, 2026",EC-UE-PN-009,Flipkart,Netraa - Under Eye Roll On Serum,Pure Netraa,3,3,3,629.58
"Jul 26, 2026",FC-AC-OK-050,Myntra,Active Orange Kiwi Vit-C Gel,Active Gel,1,1,1,311
"Jul 26, 2026",FC-DM-NR-030,D2C,Cocoa Mogra (Overnight) Face Malai - 30g,Face Malai,20,19,21,6238.71
"Jul 26, 2026",BC-BL-PM-250,Flipkart Fulfilled,Peach Milk Malai Lotion - 250ml,Face Malai,5,5,5,1053
"Jul 26, 2026",EC-UE-PN-009,Nykaa,Netraa - Under Eye Roll On Serum,Pure Netraa,27,27,27,7061.34
"Jul 26, 2026",BA-FM-MNO-075,First Cry,Baby Face Malai Multi-Nut Oats Vit-E,Baby Face Malai,8,8,8,2120.4
"Jul 26, 2026",FC-DM-PG-050,D2C,Turmeric Nutmeg (Pigmentation)  Face Malai - 50g ,Face Malai,21,21,46,7132.25
"Jul 26, 2026",FC-DM-NR-030,Cred,Cocoa Mogra (Overnight) Face Malai - 30g,Face Malai,1,1,1,174.5
"Jul 26, 2026",FC-AC-OK-050,Meesho,Active Orange Kiwi Vit-C Gel,Active Gel,1,1,1,400
"Jul 26, 2026",FC-DM-PG-030,Flipkart,Turmeric Nutmeg (Pigmentation)  Face Malai - 30g,Face Malai,29,29,29,3002.59
"Jul 26, 2026",FC-AC-NT-050,D2C,Active Neem TeaTree Gel,Active Gel,7,7,7,2159.48
"Jul 26, 2026",FC-HHDM-FC-030,D2C,Flax Carrot (Hot Humid) 35+ Face Malai - 30g,Face Malai,12,12,13,3758.85
"Jul 26, 2026",EC-UE-FNC-020,First Cry,Netraa Cream - UnderEye Vit-E Cream,Pure Netraa,1,1,1,322.04
"Jul 26, 2026",FC-DM-AA-030,D2C,Clove Tea-Tree (Anti-Acne) Face Malai,Face Malai,11,11,11,3278.34
"Jul 26, 2026",FC-DM-PG-030,Nykaa,Turmeric Nutmeg (Pigmentation)  Face Malai - 30g,Face Malai,18,18,18,4894.71
"Jul 26, 2026",FC-CWDM-FW-030,Amazon,Flax Walnut (Cold) 35+ Face Malai,Face Malai,6,6,6,2034.9
"Jul 26, 2026",FC-AC-OV-050,Nykaa,Active Olive Vit-E Night Gel,Active Gel,3,3,4,1285.9
"Jul 26, 2026",FC-AC-OK-050,Cred,Active Orange Kiwi Vit-C Gel,Active Gel,28,28,28,3778.88
"Jul 26, 2026",FC-HHDM-TV-030,D2C,Tomato Vetiver (Hot Humid) 20 - 35 Yrs Face Malai,Face Malai,3,3,3,602.67
"Jul 26, 2026",FC-DM-DP-030,Nykaa,Honey Multi-Nut (Dry & Peeling Skin) Face Malai,Face Malai,2,2,2,509.2
"Jul 26, 2026",FC-DM-NR-030,Amazon,Cocoa Mogra (Overnight) Face Malai - 30g,Face Malai,5,5,5,1674.75
"Jul 26, 2026",FC-HHDM-GAT-050,Myntra,GreenApple Tulsi (Hot Humid) 13 - 19 Yrs Face Malai - -50g,Face Malai,1,1,1,375
"Jul 26, 2026",FC-HDDM-FB-030,D2C,Flax Bakuchi (Hot Dry) 35+ Face Malai - 30g,Face Malai,5,5,5,1347.58
"Jul 26, 2026",FC-DM-PG-030,Amazon,Turmeric Nutmeg (Pigmentation)  Face Malai - 30g,Face Malai,22,22,23,7703.85
"Jul 26, 2026",FC-AC-OK-050,Flipkart,Active Orange Kiwi Vit-C Gel,Active Gel,8,8,13,3372.5
"Jul 26, 2026",FC-HHDM-GAT-030,Nykaa,GreenApple Tulsi (Hot Humid) 13 - 19 Yrs Face Malai,Face Malai,5,5,5,1309.5
"Jul 26, 2026",FC-HHDM-GAT-030,D2C,GreenApple Tulsi (Hot Humid) 13 - 19 Yrs Face Malai,Face Malai,3,3,3,834
"Jul 26, 2026",FC-DM-PG-030,D2C,Turmeric Nutmeg (Pigmentation)  Face Malai - 30g,Face Malai,21,21,21,5964.3
"Jul 26, 2026",FC-AC-OV-050,Myntra,Active Olive Vit-E Night Gel,Active Gel,1,1,1,351
"Jul 26, 2026",FC-DM-NR-030,Myntra,Cocoa Mogra (Overnight) Face Malai - 30g,Face Malai,1,1,1,332
"Jul 26, 2026",FC-HHDM-FC-030,Myntra,Flax Carrot (Hot Humid) 35+ Face Malai - 30g,Face Malai,1,1,1,348
"Jul 26, 2026",EC-UE-PN-009,Myntra,Netraa - Under Eye Roll On Serum,Pure Netraa,2,2,2,624
"Jul 26, 2026",FC-HHDM-FC-050,Flipkart,Flax Carrot (Hot Humid) 35+ Face Malai - 50g,Face Malai,3,3,6,1037
"Jul 26, 2026",FC-DM-PG-030,Flipkart Fulfilled,Turmeric Nutmeg (Pigmentation)  Face Malai - 30g,Face Malai,2,2,2,464
"Jul 26, 2026",FC-AC-OV-050,D2C,Active Olive Vit-E Night Gel,Active Gel,15,15,15,4175.85
"Jul 26, 2026",FC-AC-AC-050,Myntra,Active Aloe Cactus Hydra Lift Gel,Active Gel,1,1,1,419
"Jul 26, 2026",FC-CWDM-FW-030,Nykaa,Flax Walnut (Cold) 35+ Face Malai,Face Malai,2,2,2,517.98
"Jul 26, 2026",FC-AC-AC-050,D2C,Active Aloe Cactus Hydra Lift Gel,Active Gel,2,2,2,506
"Jul 26, 2026",FC-DM-NR-030,First Cry,Cocoa Mogra (Overnight) Face Malai - 30g,Face Malai,1,1,1,188.55
"Jul 26, 2026",FC-CWDM-TP-030,Nykaa,Tomato Patchouli (Cold) 20 - 35 Yrs Face Malai,Face Malai,1,1,1,258
"Jul 26, 2026",FC-DM-DP-030,First Cry,Honey Multi-Nut (Dry & Peeling Skin) Face Malai,Face Malai,2,2,2,374.3
"Jul 26, 2026",FC-HHDM-TV-050,Flipkart,Tomato Vetiver (Hot Humid) 20 - 35 Yrs Face Malai - 50g,Face Malai,1,1,1,327
"Jul 26, 2026",FC-HHDM-TV-050,D2C,Tomato Vetiver (Hot Humid) 20 - 35 Yrs Face Malai - 50g,Face Malai,4,4,4,1042.36
"Jul 26, 2026",FC-AC-OK-050,Amazon,Active Orange Kiwi Vit-C Gel,Active Gel,1,1,1,376.95
"Jul 26, 2026",FC-HDDM-TR-030,Nykaa,Tomato Rosehip (Hot Dry) 20 - 35 Yrs Face Malai - 30g,Face Malai,4,4,4,1006.2
"Jul 26, 2026",FC-HHDM-FC-050,D2C,Flax Carrot (Hot Humid) 35+ Face Malai - 50g,Face Malai,7,7,14,2117.73
"Jul 26, 2026",FC-DM-AA-030,Nykaa,Clove Tea-Tree (Anti-Acne) Face Malai,Face Malai,3,3,4,1083
"Jul 26, 2026",FC-HDDM-FB-050,D2C,Flax Bakuchi (Hot Dry) 35+ Face Malai - 50g,Face Malai,5,5,10,1336
"Jul 26, 2026",FC-CWDM-FW-030,D2C,Flax Walnut (Cold) 35+ Face Malai,Face Malai,5,5,5,1371.96
"Jul 26, 2026",FC-DM-PG-030,Myntra,Turmeric Nutmeg (Pigmentation)  Face Malai - 30g,Face Malai,5,5,5,1461
"Jul 26, 2026",FC-AC-OK-050,Nykaa,Active Orange Kiwi Vit-C Gel,Active Gel,7,7,7,2271.05
"Jul 26, 2026",FC-DM-NR-030,Flipkart,Cocoa Mogra (Overnight) Face Malai - 30g,Face Malai,1,1,1,262
"Jul 26, 2026",FC-HDDM-PT-030,D2C,Pomegranate Tulsi (Hot Dry) 13 - 19 Yrs Face Malai,Face Malai,2,2,2,512
"Jul 26, 2026",FC-DM-NR-030,Nykaa,Cocoa Mogra (Overnight) Face Malai - 30g,Face Malai,11,11,11,2921.14
"Jul 26, 2026",FC-DM-NR-050,D2C,Cocoa Mogra (Overnight) Face Malai - 50g ,Face Malai,9,9,18,2734.43
"Jul 26, 2026",FC-DM-NR-050,Flipkart,Cocoa Mogra (Overnight) Face Malai - 50g ,Face Malai,1,1,2,334.5
"Jul 26, 2026",BA-FM-MNO-075,Nykaa,Baby Face Malai Multi-Nut Oats Vit-E,Baby Face Malai,15,15,15,4193.26
"Jul 26, 2026",EC-UE-FNC-020,Flipkart Fulfilled,Netraa Cream - UnderEye Vit-E Cream,Pure Netraa,1,1,1,382
"Jul 26, 2026",FC-HHDM-FC-030,Nykaa,Flax Carrot (Hot Humid) 35+ Face Malai - 30g,Face Malai,2,2,2,509.2
"Jul 26, 2026",EC-UE-PN-009,D2C,Netraa - Under Eye Roll On Serum,Pure Netraa,30,30,34,7263.34
"Jul 26, 2026",EC-UE-FNC-020,D2C,Netraa Cream - UnderEye Vit-E Cream,Pure Netraa,13,13,13,3382.95
"Jul 26, 2026",BC-BL-PM-250,Flipkart,Peach Milk Malai Lotion - 250ml,Face Malai,2,2,2,363
"Jul 26, 2026",FC-HHDM-TV-030,Flipkart Fulfilled,Tomato Vetiver (Hot Humid) 20 - 35 Yrs Face Malai,Face Malai,1,1,1,212
"Jul 26, 2026",FC-HDDM-TR-050,D2C,Tomato Rosehip (Hot Dry) 20 - 35 Yrs Face Malai - 50g,Face Malai,6,6,12,1488.35
"Jul 26, 2026",FC-HDDM-FB-030,First Cry,Flax Bakuchi (Hot Dry) 35+ Face Malai - 30g,Face Malai,1,1,1,150.8
"Jul 26, 2026",FC-DM-DP-030,D2C,Honey Multi-Nut (Dry & Peeling Skin) Face Malai,Face Malai,4,4,5,1271.2
"Jul 26, 2026",FC-HHDM-GAT-030,First Cry,GreenApple Tulsi (Hot Humid) 13 - 19 Yrs Face Malai,Face Malai,1,1,1,190
"Jul 26, 2026",FC-HDDM-FB-030,Nykaa,Flax Bakuchi (Hot Dry) 35+ Face Malai - 30g,Face Malai,2,2,2,507.23
"Jul 26, 2026",FC-HHDM-TV-030,Nykaa,Tomato Vetiver (Hot Humid) 20 - 35 Yrs Face Malai,Face Malai,3,3,3,754.38
"Jul 26, 2026",FC-AC-BT-050,D2C,Active Beetroot Tomato Vit-A Gel,Active Gel,3,3,4,918
"Jul 26, 2026",EC-UE-FNC-020,Myntra,Netraa Cream - UnderEye Vit-E Cream,Pure Netraa,2,2,2,584
"Jul 26, 2026",FC-DM-PG-030,Cred,Turmeric Nutmeg (Pigmentation)  Face Malai - 30g,Face Malai,2,2,2,391.5
"Jul 26, 2026",FC-AC-NT-050,Myntra,Active Neem TeaTree Gel,Active Gel,1,1,1,303
"Jul 26, 2026",BA-FM-MNO-075,D2C,Baby Face Malai Multi-Nut Oats Vit-E,Baby Face Malai,24,24,26,5897.12
"Jul 26, 2026",FC-HDDM-TR-030,Amazon,Tomato Rosehip (Hot Dry) 20 - 35 Yrs Face Malai - 30g,Face Malai,4,4,4,1260
"Jul 26, 2026",FC-HDDM-FB-050,Flipkart,Flax Bakuchi (Hot Dry) 35+ Face Malai - 50g,Face Malai,1,1,2,341
"Jul 26, 2026",FC-AC-BT-050,Nykaa,Active Beetroot Tomato Vit-A Gel,Active Gel,4,4,4,1252.24
"Jul 27, 2026",EC-UE-PN-009,Nykaa,Netraa - Under Eye Roll On Serum,Pure Netraa,16,16,18,4704.8
"Jul 27, 2026",FC-HHDM-TV-050,D2C,Tomato Vetiver (Hot Humid) 20 - 35 Yrs Face Malai - 50g,Face Malai,7,7,7,2469.5
"Jul 27, 2026",FC-HHDM-TV-050,Flipkart,Tomato Vetiver (Hot Humid) 20 - 35 Yrs Face Malai - 50g,Face Malai,1,1,1,327
"Jul 27, 2026",FC-DM-DP-030,D2C,Honey Multi-Nut (Dry & Peeling Skin) Face Malai,Face Malai,1,1,1,306.25
"Jul 27, 2026",FC-DM-NR-050,D2C,Cocoa Mogra (Overnight) Face Malai - 50g ,Face Malai,4,4,8,1664.75
"Jul 27, 2026",FC-HDDM-FB-030,Nykaa,Flax Bakuchi (Hot Dry) 35+ Face Malai - 30g,Face Malai,2,2,2,509.2
"Jul 27, 2026",EC-UE-FNC-020,Nykaa,Netraa Cream - UnderEye Vit-E Cream,Pure Netraa,6,6,6,1630.09
"Jul 27, 2026",FC-HDDM-TR-030,Myntra,Tomato Rosehip (Hot Dry) 20 - 35 Yrs Face Malai - 30g,Face Malai,1,1,1,328
"Jul 27, 2026",FC-HDDM-TR-050,D2C,Tomato Rosehip (Hot Dry) 20 - 35 Yrs Face Malai - 50g,Face Malai,3,3,6,941.75
"Jul 27, 2026",FC-HHDM-FC-030,Nykaa,Flax Carrot (Hot Humid) 35+ Face Malai - 30g,Face Malai,3,3,3,777.2
"Jul 27, 2026",FC-AC-NT-050,D2C,Active Neem TeaTree Gel,Active Gel,7,7,8,2546.41
"Jul 27, 2026",FC-DM-AA-030,Nykaa,Clove Tea-Tree (Anti-Acne) Face Malai,Face Malai,2,2,3,812.25
"Jul 27, 2026",FC-DM-DP-030,Nykaa,Honey Multi-Nut (Dry & Peeling Skin) Face Malai,Face Malai,1,1,1,254.6
"Jul 27, 2026",FC-DM-NR-030,Nykaa,Cocoa Mogra (Overnight) Face Malai - 30g,Face Malai,4,4,4,1069.09
"Jul 27, 2026",FC-HHDM-FC-030,Flipkart,Flax Carrot (Hot Humid) 35+ Face Malai - 30g,Face Malai,1,1,1,253.5
"Jul 27, 2026",FC-AC-BT-050,Nykaa,Active Beetroot Tomato Vit-A Gel,Active Gel,1,1,1,309.7
"Jul 27, 2026",FC-HHDM-TV-030,Flipkart Fulfilled,Tomato Vetiver (Hot Humid) 20 - 35 Yrs Face Malai,Face Malai,1,1,1,212
"Jul 27, 2026",FC-HHDM-FC-030,D2C,Flax Carrot (Hot Humid) 35+ Face Malai - 30g,Face Malai,5,5,5,1512.16
"Jul 27, 2026",EC-UE-FNC-020,First Cry,Netraa Cream - UnderEye Vit-E Cream,Pure Netraa,2,2,2,368.6
"Jul 27, 2026",FC-DM-AA-030,Myntra,Clove Tea-Tree (Anti-Acne) Face Malai,Face Malai,1,1,1,316
"Jul 27, 2026",FC-HHDM-TV-030,D2C,Tomato Vetiver (Hot Humid) 20 - 35 Yrs Face Malai,Face Malai,3,3,3,776
"Jul 27, 2026",FC-AC-NT-050,Nykaa,Active Neem TeaTree Gel,Active Gel,1,1,1,309.7
"Jul 27, 2026",EC-UE-FNC-020,Myntra,Netraa Cream - UnderEye Vit-E Cream,Pure Netraa,2,2,2,646
"Jul 27, 2026",FC-AC-OK-050,D2C,Active Orange Kiwi Vit-C Gel,Active Gel,15,15,16,5516.51
"Jul 27, 2026",FC-HHDM-GAT-030,Nykaa,GreenApple Tulsi (Hot Humid) 13 - 19 Yrs Face Malai,Face Malai,1,1,1,256.5
"Jul 27, 2026",FC-DM-AA-030,D2C,Clove Tea-Tree (Anti-Acne) Face Malai,Face Malai,4,4,4,1251.51
"Jul 27, 2026",FC-AC-OK-050,Amazon,Active Orange Kiwi Vit-C Gel,Active Gel,1,1,1,376.95
"Jul 27, 2026",FC-DM-PG-030,D2C,Turmeric Nutmeg (Pigmentation)  Face Malai - 30g,Face Malai,12,12,12,3153.39
"Jul 27, 2026",FC-AC-OK-050,Myntra,Active Orange Kiwi Vit-C Gel,Active Gel,1,1,1,391
"Jul 27, 2026",FC-HHDM-FC-050,Flipkart,Flax Carrot (Hot Humid) 35+ Face Malai - 50g,Face Malai,1,1,2,341
"Jul 27, 2026",FC-HHDM-TV-030,Myntra,Tomato Vetiver (Hot Humid) 20 - 35 Yrs Face Malai,Face Malai,1,1,1,328
"Jul 27, 2026",EC-UE-FNC-020,Pop Club,Netraa Cream - UnderEye Vit-E Cream,Pure Netraa,1,1,1,219
"Jul 27, 2026",EC-UE-FNC-020,D2C,Netraa Cream - UnderEye Vit-E Cream,Pure Netraa,12,12,12,3260.72
"Jul 27, 2026",BC-BL-PM-250,Flipkart,Peach Milk Malai Lotion - 250ml,Face Malai,3,3,3,540
"Jul 27, 2026",FC-AC-OK-050,Flipkart,Active Orange Kiwi Vit-C Gel,Active Gel,5,5,9,2279.5
"Jul 27, 2026",BA-FM-MNO-075,Nykaa,Baby Face Malai Multi-Nut Oats Vit-E,Baby Face Malai,9,9,9,2432.35
"Jul 27, 2026",BA-FM-MNO-075,Flipkart Fulfilled,Baby Face Malai Multi-Nut Oats Vit-E,Baby Face Malai,2,2,2,421
"Jul 27, 2026",FC-HHDM-FC-050,D2C,Flax Carrot (Hot Humid) 35+ Face Malai - 50g,Face Malai,4,4,10,1494.5
"Jul 27, 2026",FC-CWDM-TP-030,Nykaa,Tomato Patchouli (Cold) 20 - 35 Yrs Face Malai,Face Malai,2,2,2,503.1
"Jul 27, 2026",EC-UE-FNC-020,Flipkart Fulfilled,Netraa Cream - UnderEye Vit-E Cream,Pure Netraa,1,1,1,196
"Jul 27, 2026",FC-HDDM-TR-030,Nykaa,Tomato Rosehip (Hot Dry) 20 - 35 Yrs Face Malai - 30g,Face Malai,3,3,3,735.3
"Jul 27, 2026",FC-CWDM-FW-030,Nykaa,Flax Walnut (Cold) 35+ Face Malai,Face Malai,1,1,1,254.6
"Jul 27, 2026",BA-FM-MNO-075,Amazon,Baby Face Malai Multi-Nut Oats Vit-E,Baby Face Malai,3,3,3,900.9
"Jul 27, 2026",FC-DM-AA-030,Flipkart,Clove Tea-Tree (Anti-Acne) Face Malai,Face Malai,1,1,1,214
"Jul 27, 2026",FC-AC-OK-050,Nykaa,Active Orange Kiwi Vit-C Gel,Active Gel,7,7,8,2555.1
"Jul 27, 2026",FC-HHDM-TV-030,Nykaa,Tomato Vetiver (Hot Humid) 20 - 35 Yrs Face Malai,Face Malai,4,4,5,1251.3
"Jul 27, 2026",FC-HDDM-FB-030,Myntra,Flax Bakuchi (Hot Dry) 35+ Face Malai - 30g,Face Malai,1,1,1,348
"Jul 27, 2026",FC-DM-PG-030,Flipkart,Turmeric Nutmeg (Pigmentation)  Face Malai - 30g,Face Malai,16,16,16,1653.99
"Jul 27, 2026",FC-HDDM-FB-030,D2C,Flax Bakuchi (Hot Dry) 35+ Face Malai - 30g,Face Malai,3,3,4,1336
"Jul 27, 2026",FC-DM-PG-030,Nykaa,Turmeric Nutmeg (Pigmentation)  Face Malai - 30g,Face Malai,9,9,10,2725
"Jul 27, 2026",FC-DM-PG-030,Flipkart Fulfilled,Turmeric Nutmeg (Pigmentation)  Face Malai - 30g,Face Malai,2,2,2,461
"Jul 27, 2026",FC-DM-PG-030,Cred,Turmeric Nutmeg (Pigmentation)  Face Malai - 30g,Face Malai,1,1,1,217
"Jul 27, 2026",FC-AC-BT-050,D2C,Active Beetroot Tomato Vit-A Gel,Active Gel,3,3,3,971
"Jul 27, 2026",BA-FM-MNO-075,Flipkart,Baby Face Malai Multi-Nut Oats Vit-E,Baby Face Malai,1,1,1,211
"Jul 27, 2026",FC-AC-AC-050,D2C,Active Aloe Cactus Hydra Lift Gel,Active Gel,3,3,3,1089.37
"Jul 27, 2026",FC-DM-PG-030,Amazon,Turmeric Nutmeg (Pigmentation)  Face Malai - 30g,Face Malai,24,24,29,9713.55
"Jul 27, 2026",FC-CWDM-FW-030,Amazon,Flax Walnut (Cold) 35+ Face Malai,Face Malai,4,4,4,1356.6
"Jul 27, 2026",FC-HDDM-TR-030,Amazon,Tomato Rosehip (Hot Dry) 20 - 35 Yrs Face Malai - 30g,Face Malai,2,2,2,630
"Jul 27, 2026",FC-DM-NR-030,D2C,Cocoa Mogra (Overnight) Face Malai - 30g,Face Malai,6,6,6,1863.14
"Jul 27, 2026",FC-HDDM-FB-050,D2C,Flax Bakuchi (Hot Dry) 35+ Face Malai - 50g,Face Malai,2,2,4,800
"Jul 27, 2026",FC-AC-OV-050,Myntra,Active Olive Vit-E Night Gel,Active Gel,2,2,2,782
"Jul 27, 2026",FC-AC-OV-050,D2C,Active Olive Vit-E Night Gel,Active Gel,6,6,6,1930.8
"Jul 27, 2026",FC-CWDM-TP-030,D2C,Tomato Patchouli (Cold) 20 - 35 Yrs Face Malai,Face Malai,1,1,1,322
"Jul 27, 2026",FC-DM-PG-030,Myntra,Turmeric Nutmeg (Pigmentation)  Face Malai - 30g,Face Malai,3,3,3,958
"Jul 27, 2026",FC-AC-NT-050,Myntra,Active Neem TeaTree Gel,Active Gel,1,1,1,382
"Jul 27, 2026",FC-AC-OV-050,Nykaa,Active Olive Vit-E Night Gel,Active Gel,2,2,2,634.6
"Jul 27, 2026",EC-UE-PN-009,Flipkart,Netraa - Under Eye Roll On Serum,Pure Netraa,2,2,2,423.72
"Jul 27, 2026",FC-HDDM-FB-030,First Cry,Flax Bakuchi (Hot Dry) 35+ Face Malai - 30g,Face Malai,1,1,1,188.5
"Jul 27, 2026",FC-DM-PG-050,D2C,Turmeric Nutmeg (Pigmentation)  Face Malai - 50g ,Face Malai,8,8,18,3619.75
"Jul 27, 2026",FC-AC-OK-050,Cred,Active Orange Kiwi Vit-C Gel,Active Gel,28,27,28,3778.88
"Jul 27, 2026",BC-BL-PM-250,Flipkart Fulfilled,Peach Milk Malai Lotion - 250ml,Face Malai,4,4,4,883
"Jul 27, 2026",FC-HDDM-TR-030,Flipkart,Tomato Rosehip (Hot Dry) 20 - 35 Yrs Face Malai - 30g,Face Malai,1,1,1,242
"Jul 27, 2026",BA-FM-MNO-075,First Cry,Baby Face Malai Multi-Nut Oats Vit-E,Baby Face Malai,11,11,11,3056.14
"Jul 27, 2026",FC-CWDM-FW-030,D2C,Flax Walnut (Cold) 35+ Face Malai,Face Malai,6,6,7,2081.24
"Jul 27, 2026",FC-DM-NR-030,Amazon,Cocoa Mogra (Overnight) Face Malai - 30g,Face Malai,5,5,7,2344.65
"Jul 27, 2026",EC-UE-PN-009,D2C,Netraa - Under Eye Roll On Serum,Pure Netraa,16,16,16,3952.44
"Jul 27, 2026",FC-AC-OK-050,Pop Club,Active Orange Kiwi Vit-C Gel,Active Gel,1,1,1,249
"Jul 27, 2026",BA-FM-MNO-075,D2C,Baby Face Malai Multi-Nut Oats Vit-E,Baby Face Malai,11,11,14,3772.09
"Jul 28, 2026",BA-FM-MNO-075,First Cry,Baby Face Malai Multi-Nut Oats Vit-E,Baby Face Malai,6,6,8,2026.26
"Jul 28, 2026",FC-AC-OV-050,Nykaa,Active Olive Vit-E Night Gel,Active Gel,4,4,4,1275.47
"Jul 28, 2026",FC-AC-OK-050,Flipkart,Active Orange Kiwi Vit-C Gel,Active Gel,9,9,15,3856.5
"Jul 28, 2026",FC-DM-NR-030,First Cry,Cocoa Mogra (Overnight) Face Malai - 30g,Face Malai,1,1,1,167.6
"Jul 28, 2026",FC-CWDM-FW-030,Myntra,Flax Walnut (Cold) 35+ Face Malai,Face Malai,1,1,1,352
"Jul 28, 2026",FC-AC-BT-050,Myntra,Active Beetroot Tomato Vit-A Gel,Active Gel,1,1,1,343
"Jul 28, 2026",FC-HHDM-FC-030,First Cry,Flax Carrot (Hot Humid) 35+ Face Malai - 30g,Face Malai,1,1,1,188.5
"Jul 28, 2026",FC-HDDM-FB-050,D2C,Flax Bakuchi (Hot Dry) 35+ Face Malai - 50g,Face Malai,2,2,4,800
"Jul 28, 2026",BA-FM-MNO-075,Nykaa,Baby Face Malai Multi-Nut Oats Vit-E,Baby Face Malai,5,5,6,1639.95
"Jul 28, 2026",FC-AC-AC-050,D2C,Active Aloe Cactus Hydra Lift Gel,Active Gel,2,2,2,506
"Jul 28, 2026",FC-DM-PG-030,D2C,Turmeric Nutmeg (Pigmentation)  Face Malai - 30g,Face Malai,12,12,12,3807.57
"Jul 28, 2026",EC-UE-PN-009,Flipkart,Netraa - Under Eye Roll On Serum,Pure Netraa,1,1,1,226
"Jul 28, 2026",EC-UE-FNC-020,Nykaa,Netraa Cream - UnderEye Vit-E Cream,Pure Netraa,5,5,5,1347.5
"Jul 28, 2026",FC-HDDM-PT-030,D2C,Pomegranate Tulsi (Hot Dry) 13 - 19 Yrs Face Malai,Face Malai,1,1,1,294.25
"Jul 28, 2026",EC-UE-PN-009,Cred,Netraa - Under Eye Roll On Serum,Pure Netraa,1,1,1,259
"Jul 28, 2026",FC-HHDM-TV-030,Flipkart,Tomato Vetiver (Hot Humid) 20 - 35 Yrs Face Malai,Face Malai,2,2,2,473.2
"Jul 28, 2026",EC-UE-FNC-020,D2C,Netraa Cream - UnderEye Vit-E Cream,Pure Netraa,9,9,9,2850.99
"Jul 28, 2026",BC-BL-PM-250,Flipkart,Peach Milk Malai Lotion - 250ml,Face Malai,2,2,2,362.5
"Jul 28, 2026",FC-HHDM-TV-050,Amazon,Tomato Vetiver (Hot Humid) 20 - 35 Yrs Face Malai - 50g,Face Malai,1,1,1,394.12
"Jul 28, 2026",EC-UE-PN-009,D2C,Netraa - Under Eye Roll On Serum,Pure Netraa,11,11,11,2652.47
"Jul 28, 2026",FC-AC-NT-050,Nykaa,Active Neem TeaTree Gel,Active Gel,2,2,2,635.7
"Jul 28, 2026",EC-UE-FNC-020,First Cry,Netraa Cream - UnderEye Vit-E Cream,Pure Netraa,1,1,1,155.2
"Jul 28, 2026",FC-HHDM-FC-030,D2C,Flax Carrot (Hot Humid) 35+ Face Malai - 30g,Face Malai,4,4,4,1295.6
"Jul 28, 2026",FC-DM-PG-030,Amazon,Turmeric Nutmeg (Pigmentation)  Face Malai - 30g,Face Malai,17,17,18,6029.1
"Jul 28, 2026",FC-DM-NR-030,Nykaa,Cocoa Mogra (Overnight) Face Malai - 30g,Face Malai,3,3,3,771.04
"Jul 28, 2026",FC-HHDM-TV-030,Myntra,Tomato Vetiver (Hot Humid) 20 - 35 Yrs Face Malai,Face Malai,1,1,1,328
"Jul 28, 2026",FC-HHDM-FC-050,Flipkart,Flax Carrot (Hot Humid) 35+ Face Malai - 50g,Face Malai,2,2,4,695
"Jul 28, 2026",FC-DM-DP-030,Nykaa,Honey Multi-Nut (Dry & Peeling Skin) Face Malai,Face Malai,1,1,1,254.6
"Jul 28, 2026",FC-AC-BT-050,D2C,Active Beetroot Tomato Vit-A Gel,Active Gel,3,3,3,877.8
"Jul 28, 2026",FC-AC-OV-050,Flipkart,Active Olive Vit-E Night Gel,Active Gel,2,2,2,609
"Jul 28, 2026",FC-HHDM-TV-030,First Cry,Tomato Vetiver (Hot Humid) 20 - 35 Yrs Face Malai,Face Malai,1,1,1,157.6
"Jul 28, 2026",FC-HDDM-FB-030,D2C,Flax Bakuchi (Hot Dry) 35+ Face Malai - 30g,Face Malai,5,5,6,1888.46
"Jul 28, 2026",FC-DM-AA-030,Meesho,Clove Tea-Tree (Anti-Acne) Face Malai,Face Malai,2,2,2,744
"Jul 28, 2026",FC-AC-OK-050,Nykaa,Active Orange Kiwi Vit-C Gel,Active Gel,7,7,7,2247.67
"Jul 28, 2026",FC-DM-AA-030,D2C,Clove Tea-Tree (Anti-Acne) Face Malai,Face Malai,6,6,6,1949.25
"Jul 28, 2026",FC-AC-OK-050,Cred,Active Orange Kiwi Vit-C Gel,Active Gel,40,38,40,5588.7
"Jul 28, 2026",FC-CWDM-BT-030,D2C,Winter Blackseed Tulsi (Cold) 13 - 19 Yrs Face Malai,Face Malai,1,1,1,236.6
"Jul 28, 2026",FC-HDDM-FB-030,Nykaa,Flax Bakuchi (Hot Dry) 35+ Face Malai - 30g,Face Malai,1,1,1,254.6
"Jul 28, 2026",FC-DM-AA-030,Flipkart,Clove Tea-Tree (Anti-Acne) Face Malai,Face Malai,2,2,3,624
"Jul 28, 2026",FC-AC-AC-050,Nykaa,Active Aloe Cactus Hydra Lift Gel,Active Gel,1,1,1,341.05
"Jul 28, 2026",FC-DM-DP-030,First Cry,Honey Multi-Nut (Dry & Peeling Skin) Face Malai,Face Malai,1,1,1,197
"Jul 28, 2026",FC-DM-NR-050,Flipkart,Cocoa Mogra (Overnight) Face Malai - 50g ,Face Malai,1,1,2,348.5
"Jul 28, 2026",FC-DM-PG-030,Myntra,Turmeric Nutmeg (Pigmentation)  Face Malai - 30g,Face Malai,2,2,2,661
"Jul 28, 2026",FC-HDDM-FB-030,First Cry,Flax Bakuchi (Hot Dry) 35+ Face Malai - 30g,Face Malai,1,1,1,150.8
"Jul 28, 2026",FC-HDDM-TR-050,D2C,Tomato Rosehip (Hot Dry) 20 - 35 Yrs Face Malai - 50g,Face Malai,1,1,2,219.5
"Jul 28, 2026",EC-UE-PN-009,Myntra,Netraa - Under Eye Roll On Serum,Pure Netraa,2,2,2,626
"Jul 28, 2026",FC-CWDM-FW-030,D2C,Flax Walnut (Cold) 35+ Face Malai,Face Malai,5,5,6,1908.41
"Jul 28, 2026",FC-DM-AA-030,Nykaa,Clove Tea-Tree (Anti-Acne) Face Malai,Face Malai,3,3,3,826.5
"Jul 28, 2026",FC-AC-OK-050,Myntra,Active Orange Kiwi Vit-C Gel,Active Gel,1,1,1,391
"Jul 28, 2026",FC-HHDM-TV-030,D2C,Tomato Vetiver (Hot Humid) 20 - 35 Yrs Face Malai,Face Malai,2,2,2,573.85
"Jul 28, 2026",FC-HDDM-TR-030,D2C,Tomato Rosehip (Hot Dry) 20 - 35 Yrs Face Malai - 30g,Face Malai,4,4,5,1507.96
"Jul 28, 2026",EC-UE-PN-009,Nykaa,Netraa - Under Eye Roll On Serum,Pure Netraa,15,15,15,3881.39
"Jul 28, 2026",FC-DM-NR-030,D2C,Cocoa Mogra (Overnight) Face Malai - 30g,Face Malai,11,11,12,3817.91
"Jul 28, 2026",BA-FM-MNO-075,D2C,Baby Face Malai Multi-Nut Oats Vit-E,Baby Face Malai,5,5,5,1435.25
"Jul 28, 2026",EC-UE-FNC-020,Myntra,Netraa Cream - UnderEye Vit-E Cream,Pure Netraa,1,1,1,290
"Jul 28, 2026",EC-UE-FNC-020,Tata Cliq,Netraa Cream - UnderEye Vit-E Cream,Pure Netraa,1,1,1,368.5
"Jul 28, 2026",FC-HHDM-FC-030,Nykaa,Flax Carrot (Hot Humid) 35+ Face Malai - 30g,Face Malai,1,1,1,254.6
"Jul 28, 2026",FC-DM-PG-050,D2C,Turmeric Nutmeg (Pigmentation)  Face Malai - 50g ,Face Malai,8,8,16,3041.1
"Jul 28, 2026",FC-HDDM-TR-030,Nykaa,Tomato Rosehip (Hot Dry) 20 - 35 Yrs Face Malai - 30g,Face Malai,3,3,3,734.34
"Jul 28, 2026",FC-HHDM-TV-050,D2C,Tomato Vetiver (Hot Humid) 20 - 35 Yrs Face Malai - 50g,Face Malai,2,2,2,660.35
"Jul 28, 2026",FC-DM-DP-030,D2C,Honey Multi-Nut (Dry & Peeling Skin) Face Malai,Face Malai,4,4,5,1375.24
"Jul 28, 2026",FC-HDDM-TR-030,Amazon,Tomato Rosehip (Hot Dry) 20 - 35 Yrs Face Malai - 30g,Face Malai,1,1,1,315
"Jul 28, 2026",FC-AC-BT-050,Nykaa,Active Beetroot Tomato Vit-A Gel,Active Gel,3,3,3,929.1
"Jul 28, 2026",FC-HHDM-FC-050,D2C,Flax Carrot (Hot Humid) 35+ Face Malai - 50g,Face Malai,5,5,10,2000
"Jul 28, 2026",FC-HHDM-TV-030,Nykaa,Tomato Vetiver (Hot Humid) 20 - 35 Yrs Face Malai,Face Malai,2,2,2,490.2
"Jul 28, 2026",FC-DM-PG-030,Flipkart,Turmeric Nutmeg (Pigmentation)  Face Malai - 30g,Face Malai,25,25,29,4146.86
"Jul 28, 2026",FC-AC-OV-050,D2C,Active Olive Vit-E Night Gel,Active Gel,12,12,12,4344.76
"Jul 28, 2026",FC-AC-NT-050,D2C,Active Neem TeaTree Gel,Active Gel,6,6,6,1728.88
"Jul 28, 2026",FC-DM-PG-030,Nykaa,Turmeric Nutmeg (Pigmentation)  Face Malai - 30g,Face Malai,12,12,13,3526.17
"Jul 28, 2026",FC-DM-NR-050,D2C,Cocoa Mogra (Overnight) Face Malai - 50g ,Face Malai,6,6,12,2454.28
"Jul 28, 2026",FC-AC-OK-050,D2C,Active Orange Kiwi Vit-C Gel,Active Gel,23,23,24,8149.74
"Jul 28, 2026",FC-HHDM-GAT-030,Nykaa,GreenApple Tulsi (Hot Humid) 13 - 19 Yrs Face Malai,Face Malai,1,1,1,256.5
"Jul 28, 2026",FC-DM-NR-030,Amazon,Cocoa Mogra (Overnight) Face Malai - 30g,Face Malai,5,5,5,1674.75
"Jul 29, 2026",EC-UE-PN-009,D2C,Netraa - Under Eye Roll On Serum,Pure Netraa,19,19,22,4865.94
"Jul 29, 2026",FC-DM-DP-030,D2C,Honey Multi-Nut (Dry & Peeling Skin) Face Malai,Face Malai,4,4,6,1667.05
"Jul 29, 2026",FC-CWDM-BT-030,D2C,Winter Blackseed Tulsi (Cold) 13 - 19 Yrs Face Malai,Face Malai,1,1,1,322
"Jul 29, 2026",EC-UE-FNC-020,Tata Cliq,Netraa Cream - UnderEye Vit-E Cream,Pure Netraa,1,1,1,291.21
"Jul 29, 2026",FC-DM-PG-050,D2C,Turmeric Nutmeg (Pigmentation)  Face Malai - 50g ,Face Malai,13,13,28,5760.4
"Jul 29, 2026",FC-AC-AC-050,D2C,Active Aloe Cactus Hydra Lift Gel,Active Gel,3,3,3,1036.2
"Jul 29, 2026",FC-HHDM-FC-050,D2C,Flax Carrot (Hot Humid) 35+ Face Malai - 50g,Face Malai,7,7,18,3265.45
"Jul 29, 2026",FC-DM-NR-030,First Cry,Cocoa Mogra (Overnight) Face Malai - 30g,Face Malai,1,1,1,209.5
"Jul 29, 2026",FC-AC-OK-050,Flipkart Fulfilled,Active Orange Kiwi Vit-C Gel,Active Gel,1,1,1,265
"Jul 29, 2026",FC-HDDM-TR-030,Myntra,Tomato Rosehip (Hot Dry) 20 - 35 Yrs Face Malai - 30g,Face Malai,1,1,1,328
"Jul 29, 2026",FC-AC-OK-050,Flipkart,Active Orange Kiwi Vit-C Gel,Active Gel,10,10,20,4948.5
"Jul 29, 2026",FC-DM-PG-030,D2C,Turmeric Nutmeg (Pigmentation)  Face Malai - 30g,Face Malai,11,11,11,3425.5
"Jul 29, 2026",FC-HHDM-TV-050,Amazon,Tomato Vetiver (Hot Humid) 20 - 35 Yrs Face Malai - 50g,Face Malai,1,1,1,394.12
"Jul 29, 2026",FC-AC-OK-050,Nykaa,Active Orange Kiwi Vit-C Gel,Active Gel,6,6,6,2082.47
"Jul 29, 2026",FC-DM-DP-030,Nykaa,Honey Multi-Nut (Dry & Peeling Skin) Face Malai,Face Malai,2,2,2,565.35
"Jul 29, 2026",EC-UE-FNC-020,Nykaa,Netraa Cream - UnderEye Vit-E Cream,Pure Netraa,2,2,2,536.25
"Jul 29, 2026",FC-HHDM-FC-050,Flipkart,Flax Carrot (Hot Humid) 35+ Face Malai - 50g,Face Malai,1,1,2,351
"Jul 29, 2026",FC-CWDM-TP-030,Amazon,Tomato Patchouli (Cold) 20 - 35 Yrs Face Malai,Face Malai,1,1,1,320.25
"Jul 29, 2026",BA-FM-MNO-075,D2C,Baby Face Malai Multi-Nut Oats Vit-E,Baby Face Malai,18,18,21,5915.29
"Jul 29, 2026",FC-DM-PG-030,Cred,Turmeric Nutmeg (Pigmentation)  Face Malai - 30g,Face Malai,2,1,2,434
"Jul 29, 2026",FC-AC-OK-050,Cred,Active Orange Kiwi Vit-C Gel,Active Gel,35,34,35,4723.6
"Jul 29, 2026",BA-FM-MNO-075,Flipkart,Baby Face Malai Multi-Nut Oats Vit-E,Baby Face Malai,1,1,1,220
"Jul 29, 2026",EC-UE-FNC-020,First Cry,Netraa Cream - UnderEye Vit-E Cream,Pure Netraa,3,3,3,504.4
"Jul 29, 2026",FC-HHDM-FC-030,D2C,Flax Carrot (Hot Humid) 35+ Face Malai - 30g,Face Malai,8,8,8,2424.65
"Jul 29, 2026",FC-CWDM-FW-030,D2C,Flax Walnut (Cold) 35+ Face Malai,Face Malai,3,3,3,941.83
"Jul 29, 2026",FC-DM-AA-030,Nykaa,Clove Tea-Tree (Anti-Acne) Face Malai,Face Malai,1,1,1,316.35
"Jul 29, 2026",BC-BL-PM-250,D2C,Peach Milk Malai Lotion - 250ml,Face Malai,1,1,1,229.45
"Jul 29, 2026",FC-AC-OK-050,Meesho,Active Orange Kiwi Vit-C Gel,Active Gel,1,1,1,375
"Jul 29, 2026",FC-HDDM-TR-030,Nykaa,Tomato Rosehip (Hot Dry) 20 - 35 Yrs Face Malai - 30g,Face Malai,2,2,2,507.28
"Jul 29, 2026",EC-UE-PN-009,First Cry,Netraa - Under Eye Roll On Serum,Pure Netraa,3,3,3,451.2
"Jul 29, 2026",FC-AC-BT-050,D2C,Active Beetroot Tomato Vit-A Gel,Active Gel,6,6,6,2162.86
"Jul 29, 2026",FC-HHDM-FC-030,Nykaa,Flax Carrot (Hot Humid) 35+ Face Malai - 30g,Face Malai,4,3,4,1205.05
"Jul 29, 2026",BC-BL-PM-250,Flipkart Fulfilled,Peach Milk Malai Lotion - 250ml,Face Malai,5,5,5,996
"Jul 29, 2026",BA-FM-MNO-075,Nykaa,Baby Face Malai Multi-Nut Oats Vit-E,Baby Face Malai,8,8,10,3025.07
"Jul 29, 2026",BA-FM-MNO-075,Myntra,Baby Face Malai Multi-Nut Oats Vit-E,Baby Face Malai,2,2,2,626
"Jul 29, 2026",FC-DM-PG-030,Nykaa,Turmeric Nutmeg (Pigmentation)  Face Malai - 30g,Face Malai,8,8,8,2361.81
"Jul 29, 2026",EC-UE-FNC-020,D2C,Netraa Cream - UnderEye Vit-E Cream,Pure Netraa,10,10,10,2862.73
"Jul 29, 2026",BC-BL-PM-250,Flipkart,Peach Milk Malai Lotion - 250ml,Face Malai,3,3,3,543.5
"Jul 29, 2026",FC-DM-NR-030,D2C,Cocoa Mogra (Overnight) Face Malai - 30g,Face Malai,9,8,9,2916.51
"Jul 29, 2026",FC-AC-OV-050,D2C,Active Olive Vit-E Night Gel,Active Gel,2,2,2,786
"Jul 29, 2026",FC-AC-NT-050,Nykaa,Active Neem TeaTree Gel,Active Gel,6,6,6,2159.88
"Jul 29, 2026",FC-DM-NR-050,D2C,Cocoa Mogra (Overnight) Face Malai - 50g ,Face Malai,3,3,6,1068
"Jul 29, 2026",FC-HHDM-GAT-030,D2C,GreenApple Tulsi (Hot Humid) 13 - 19 Yrs Face Malai,Face Malai,2,2,2,569
"Jul 29, 2026",FC-CWDM-FW-030,Nykaa,Flax Walnut (Cold) 35+ Face Malai,Face Malai,1,1,1,297.35
"Jul 29, 2026",FC-AC-OV-050,Nykaa,Active Olive Vit-E Night Gel,Active Gel,2,2,2,708.3
"Jul 29, 2026",FC-DM-NR-030,Amazon,Cocoa Mogra (Overnight) Face Malai - 30g,Face Malai,3,3,3,1004.85
"Jul 29, 2026",FC-DM-AA-030,Flipkart Fulfilled,Clove Tea-Tree (Anti-Acne) Face Malai,Face Malai,1,1,2,320
"Jul 29, 2026",FC-HDDM-TR-030,Amazon,Tomato Rosehip (Hot Dry) 20 - 35 Yrs Face Malai - 30g,Face Malai,3,3,3,945
"Jul 29, 2026",FC-DM-DP-030,First Cry,Honey Multi-Nut (Dry & Peeling Skin) Face Malai,Face Malai,1,1,1,287.23
"Jul 29, 2026",FC-HHDM-TV-050,D2C,Tomato Vetiver (Hot Humid) 20 - 35 Yrs Face Malai - 50g,Face Malai,2,2,2,663
"Jul 29, 2026",BA-FM-MNO-075,First Cry,Baby Face Malai Multi-Nut Oats Vit-E,Baby Face Malai,7,7,7,2000
"Jul 29, 2026",FC-HDDM-FB-050,D2C,Flax Bakuchi (Hot Dry) 35+ Face Malai - 50g,Face Malai,3,3,6,1200
"Jul 29, 2026",EC-UE-FNC-020,Myntra,Netraa Cream - UnderEye Vit-E Cream,Pure Netraa,2,2,2,613
"Jul 29, 2026",FC-DM-PG-030,Flipkart Fulfilled,Turmeric Nutmeg (Pigmentation)  Face Malai - 30g,Face Malai,4,4,4,934
"Jul 29, 2026",FC-DM-PG-030,Myntra,Turmeric Nutmeg (Pigmentation)  Face Malai - 30g,Face Malai,4,4,4,1287
"Jul 29, 2026",FC-DM-AA-030,D2C,Clove Tea-Tree (Anti-Acne) Face Malai,Face Malai,5,5,5,1705
"Jul 29, 2026",FC-AC-OK-050,D2C,Active Orange Kiwi Vit-C Gel,Active Gel,17,17,18,6572.17
"Jul 29, 2026",FC-CWDM-FW-030,Amazon,Flax Walnut (Cold) 35+ Face Malai,Face Malai,4,4,4,1356.6
"Jul 29, 2026",FC-DM-PG-030,Flipkart,Turmeric Nutmeg (Pigmentation)  Face Malai - 30g,Face Malai,31,31,33,3537.55
"Jul 29, 2026",FC-CWDM-TP-030,D2C,Tomato Patchouli (Cold) 20 - 35 Yrs Face Malai,Face Malai,1,1,1,272
"Jul 29, 2026",FC-DM-NR-050,Flipkart,Cocoa Mogra (Overnight) Face Malai - 50g ,Face Malai,1,1,2,339.5
"Jul 29, 2026",FC-HHDM-TV-030,Nykaa,Tomato Vetiver (Hot Humid) 20 - 35 Yrs Face Malai,Face Malai,5,5,5,1367.44
"Jul 29, 2026",FC-HDDM-TR-050,D2C,Tomato Rosehip (Hot Dry) 20 - 35 Yrs Face Malai - 50g,Face Malai,1,1,2,285.35
"Jul 29, 2026",FC-HDDM-FB-030,First Cry,Flax Bakuchi (Hot Dry) 35+ Face Malai - 30g,Face Malai,2,2,2,463.33
"Jul 29, 2026",FC-AC-NT-050,D2C,Active Neem TeaTree Gel,Active Gel,6,6,7,2239.96
"Jul 29, 2026",EC-UE-PN-009,Nykaa,Netraa - Under Eye Roll On Serum,Pure Netraa,17,17,18,5325.55
"Jul 29, 2026",FC-DM-NR-030,Myntra,Cocoa Mogra (Overnight) Face Malai - 30g,Face Malai,1,1,1,313
"Jul 29, 2026",FC-HHDM-TV-030,Flipkart,Tomato Vetiver (Hot Humid) 20 - 35 Yrs Face Malai,Face Malai,1,1,1,222.2
"Jul 29, 2026",FC-HDDM-PT-030,D2C,Pomegranate Tulsi (Hot Dry) 13 - 19 Yrs Face Malai,Face Malai,2,2,2,588
"Jul 29, 2026",FC-HHDM-TV-030,D2C,Tomato Vetiver (Hot Humid) 20 - 35 Yrs Face Malai,Face Malai,2,2,2,509.75
"Jul 29, 2026",FC-DM-NR-030,Nykaa,Cocoa Mogra (Overnight) Face Malai - 30g,Face Malai,3,3,5,1444.95
"Jul 29, 2026",FC-HDDM-FB-030,D2C,Flax Bakuchi (Hot Dry) 35+ Face Malai - 30g,Face Malai,7,7,7,2125.88
"Jul 29, 2026",FC-DM-PG-030,Amazon,Turmeric Nutmeg (Pigmentation)  Face Malai - 30g,Face Malai,13,13,13,4354.35
"Jul 30, 2026",FC-AC-OK-050,Myntra,Active Orange Kiwi Vit-C Gel,Active Gel,1,1,1,390
"Jul 30, 2026",FC-CWDM-FW-030,D2C,Flax Walnut (Cold) 35+ Face Malai,Face Malai,4,4,5,1358.01
"Jul 30, 2026",FC-AC-AC-050,D2C,Active Aloe Cactus Hydra Lift Gel,Active Gel,2,2,2,757.9
"Jul 30, 2026",FC-HDDM-PT-030,Nykaa,Pomegranate Tulsi (Hot Dry) 13 - 19 Yrs Face Malai,Face Malai,1,1,1,315
"Jul 30, 2026",FC-DM-NR-030,Cred,Cocoa Mogra (Overnight) Face Malai - 30g,Face Malai,2,2,2,349
"Jul 30, 2026",FC-AC-NT-050,D2C,Active Neem TeaTree Gel,Active Gel,11,11,11,4003.94
"Jul 30, 2026",FC-DM-NR-030,Amazon,Cocoa Mogra (Overnight) Face Malai - 30g,Face Malai,11,11,11,3684.45
"Jul 30, 2026",FC-HDDM-TR-030,Nykaa,Tomato Rosehip (Hot Dry) 20 - 35 Yrs Face Malai - 30g,Face Malai,5,5,6,1804.72
"Jul 30, 2026",FC-HHDM-GAT-030,D2C,GreenApple Tulsi (Hot Humid) 13 - 19 Yrs Face Malai,Face Malai,1,1,1,291.75
"Jul 30, 2026",FC-HHDM-GAT-030,Nykaa,GreenApple Tulsi (Hot Humid) 13 - 19 Yrs Face Malai,Face Malai,1,1,1,315
"Jul 30, 2026",FC-HDDM-TR-030,D2C,Tomato Rosehip (Hot Dry) 20 - 35 Yrs Face Malai - 30g,Face Malai,2,2,2,580.08
"Jul 30, 2026",FC-DM-DP-030,D2C,Honey Multi-Nut (Dry & Peeling Skin) Face Malai,Face Malai,3,3,3,801.33
"Jul 30, 2026",FC-HHDM-FC-050,Flipkart,Flax Carrot (Hot Humid) 35+ Face Malai - 50g,Face Malai,1,1,2,354
"Jul 30, 2026",EC-UE-FNC-020,Myntra,Netraa Cream - UnderEye Vit-E Cream,Pure Netraa,2,2,2,644
"Jul 30, 2026",FC-HDDM-TR-030,Myntra,Tomato Rosehip (Hot Dry) 20 - 35 Yrs Face Malai - 30g,Face Malai,1,1,1,253
"Jul 30, 2026",BA-FM-MNO-075,Nykaa,Baby Face Malai Multi-Nut Oats Vit-E,Baby Face Malai,6,6,6,1845.78
"Jul 30, 2026",EC-UE-PN-009,Myntra,Netraa - Under Eye Roll On Serum,Pure Netraa,1,1,1,280
"Jul 30, 2026",FC-AC-OV-050,D2C,Active Olive Vit-E Night Gel,Active Gel,7,7,8,2841.51
"Jul 30, 2026",FC-HHDM-TV-030,Flipkart,Tomato Vetiver (Hot Humid) 20 - 35 Yrs Face Malai,Face Malai,3,3,3,675.6
"Jul 30, 2026",FC-HDDM-PT-030,D2C,Pomegranate Tulsi (Hot Dry) 13 - 19 Yrs Face Malai,Face Malai,4,4,4,1069.6
"Jul 30, 2026",FC-HDDM-TR-030,Flipkart,Tomato Rosehip (Hot Dry) 20 - 35 Yrs Face Malai - 30g,Face Malai,1,1,1,242
"Jul 30, 2026",FC-AC-NT-050,Nykaa,Active Neem TeaTree Gel,Active Gel,3,3,3,1142.89
"Jul 30, 2026",FC-AC-OK-050,Flipkart,Active Orange Kiwi Vit-C Gel,Active Gel,9,9,18,4453
"Jul 30, 2026",FC-DM-NR-050,Flipkart,Cocoa Mogra (Overnight) Face Malai - 50g ,Face Malai,1,1,2,334.5
"Jul 30, 2026",FC-CWDM-TP-030,D2C,Tomato Patchouli (Cold) 20 - 35 Yrs Face Malai,Face Malai,3,3,4,1176.24
"Jul 30, 2026",BA-FM-MNO-075,Myntra,Baby Face Malai Multi-Nut Oats Vit-E,Baby Face Malai,1,1,1,312
"Jul 30, 2026",FC-HHDM-TV-030,D2C,Tomato Vetiver (Hot Humid) 20 - 35 Yrs Face Malai,Face Malai,5,5,5,1277.84
"Jul 30, 2026",FC-DM-AA-030,Nykaa,Clove Tea-Tree (Anti-Acne) Face Malai,Face Malai,3,3,3,993.6
"Jul 30, 2026",FC-DM-NR-030,Myntra,Cocoa Mogra (Overnight) Face Malai - 30g,Face Malai,3,3,3,954
"Jul 30, 2026",FC-DM-PG-030,Pop Club,Turmeric Nutmeg (Pigmentation)  Face Malai - 30g,Face Malai,1,1,1,259
"Jul 30, 2026",FC-HHDM-TV-030,Nykaa,Tomato Vetiver (Hot Humid) 20 - 35 Yrs Face Malai,Face Malai,4,4,4,1194.71
"Jul 30, 2026",FC-DM-PG-030,D2C,Turmeric Nutmeg (Pigmentation)  Face Malai - 30g,Face Malai,10,10,10,3116.95
"Jul 30, 2026",FC-DM-NR-050,D2C,Cocoa Mogra (Overnight) Face Malai - 50g ,Face Malai,7,7,14,2817.5
"Jul 30, 2026",FC-DM-PG-030,Flipkart,Turmeric Nutmeg (Pigmentation)  Face Malai - 30g,Face Malai,13,13,14,1805.89
"Jul 30, 2026",FC-AC-NT-050,Flipkart,Active Neem TeaTree Gel,Active Gel,1,1,1,276.5
"Jul 30, 2026",BA-FM-MNO-075,Meesho,Baby Face Malai Multi-Nut Oats Vit-E,Baby Face Malai,1,1,1,302
"Jul 30, 2026",FC-HHDM-TV-050,D2C,Tomato Vetiver (Hot Humid) 20 - 35 Yrs Face Malai - 50g,Face Malai,2,2,2,625
"Jul 30, 2026",FC-HHDM-FC-030,D2C,Flax Carrot (Hot Humid) 35+ Face Malai - 30g,Face Malai,2,2,2,580.14
"Jul 30, 2026",FC-HDDM-TR-030,Amazon,Tomato Rosehip (Hot Dry) 20 - 35 Yrs Face Malai - 30g,Face Malai,3,3,3,945
"Jul 30, 2026",BA-FM-MNO-075,Amazon,Baby Face Malai Multi-Nut Oats Vit-E,Baby Face Malai,3,3,3,900.9
"Jul 30, 2026",FC-DM-AA-030,Flipkart,Clove Tea-Tree (Anti-Acne) Face Malai,Face Malai,2,2,3,624
"Jul 30, 2026",FC-HDDM-FB-030,Nykaa,Flax Bakuchi (Hot Dry) 35+ Face Malai - 30g,Face Malai,2,2,2,626
"Jul 30, 2026",FC-AC-OK-050,Cred,Active Orange Kiwi Vit-C Gel,Active Gel,18,16,18,2429.28
"Jul 30, 2026",FC-DM-DP-030,Flipkart,Honey Multi-Nut (Dry & Peeling Skin) Face Malai,Face Malai,1,1,1,242
"Jul 30, 2026",FC-HDDM-PT-030,Myntra,Pomegranate Tulsi (Hot Dry) 13 - 19 Yrs Face Malai,Face Malai,1,1,1,315
"Jul 30, 2026",FC-CWDM-FW-030,Amazon,Flax Walnut (Cold) 35+ Face Malai,Face Malai,2,2,2,678.3
"Jul 30, 2026",FC-AC-OK-050,Nykaa,Active Orange Kiwi Vit-C Gel,Active Gel,2,2,2,762.45
"Jul 30, 2026",BA-FM-MNO-075,First Cry,Baby Face Malai Multi-Nut Oats Vit-E,Baby Face Malai,7,7,7,2123.36
"Jul 30, 2026",FC-AC-OV-050,Nykaa,Active Olive Vit-E Night Gel,Active Gel,3,3,3,1168.89
"Jul 30, 2026",FC-DM-AA-030,D2C,Clove Tea-Tree (Anti-Acne) Face Malai,Face Malai,5,5,5,1546.2
"Jul 30, 2026",EC-UE-PN-009,First Cry,Netraa - Under Eye Roll On Serum,Pure Netraa,2,2,2,376
"Jul 30, 2026",FC-HHDM-FC-050,D2C,Flax Carrot (Hot Humid) 35+ Face Malai - 50g,Face Malai,7,7,14,2383.96
"Jul 30, 2026",FC-DM-PG-030,Nykaa,Turmeric Nutmeg (Pigmentation)  Face Malai - 30g,Face Malai,6,6,6,1885.1
"Jul 30, 2026",FC-HHDM-TV-050,Amazon,Tomato Vetiver (Hot Humid) 20 - 35 Yrs Face Malai - 50g,Face Malai,1,1,1,394.12
"Jul 30, 2026",EC-UE-PN-009,Cred,Netraa - Under Eye Roll On Serum,Pure Netraa,1,1,1,259
"Jul 30, 2026",FC-DM-PG-030,Myntra,Turmeric Nutmeg (Pigmentation)  Face Malai - 30g,Face Malai,6,6,6,1823
"Jul 30, 2026",FC-AC-OK-050,D2C,Active Orange Kiwi Vit-C Gel,Active Gel,17,17,18,6123.16
"Jul 30, 2026",EC-UE-PN-009,Flipkart,Netraa - Under Eye Roll On Serum,Pure Netraa,3,3,3,649.72
"Jul 30, 2026",EC-UE-FNC-020,Nykaa,Netraa Cream - UnderEye Vit-E Cream,Pure Netraa,3,3,3,960.01
"Jul 30, 2026",FC-DM-NR-030,Nykaa,Cocoa Mogra (Overnight) Face Malai - 30g,Face Malai,2,2,2,666
"Jul 30, 2026",FC-DM-NR-030,Flipkart,Cocoa Mogra (Overnight) Face Malai - 30g,Face Malai,1,1,1,253.5
"Jul 30, 2026",FC-HHDM-FC-030,Cred,Flax Carrot (Hot Humid) 35+ Face Malai - 30g,Face Malai,1,1,1,217
"Jul 30, 2026",FC-CWDM-TP-030,Myntra,Tomato Patchouli (Cold) 20 - 35 Yrs Face Malai,Face Malai,2,2,2,604
"Jul 30, 2026",FC-HDDM-FB-030,D2C,Flax Bakuchi (Hot Dry) 35+ Face Malai - 30g,Face Malai,3,3,3,834.95
"Jul 30, 2026",FC-AC-BT-050,D2C,Active Beetroot Tomato Vit-A Gel,Active Gel,5,5,5,1838.46
"Jul 30, 2026",FC-DM-DP-030,Nykaa,Honey Multi-Nut (Dry & Peeling Skin) Face Malai,Face Malai,2,2,2,626
"Jul 30, 2026",FC-DM-PG-030,Cred,Turmeric Nutmeg (Pigmentation)  Face Malai - 30g,Face Malai,2,2,2,349
"Jul 30, 2026",BC-BL-PM-250,Flipkart,Peach Milk Malai Lotion - 250ml,Face Malai,4,4,4,712
"Jul 30, 2026",EC-UE-FNC-020,D2C,Netraa Cream - UnderEye Vit-E Cream,Pure Netraa,13,13,13,3860.27
"Jul 30, 2026",BA-FM-MNO-075,D2C,Baby Face Malai Multi-Nut Oats Vit-E,Baby Face Malai,14,14,14,3127.75
"Jul 30, 2026",BC-BL-PM-250,D2C,Peach Milk Malai Lotion - 250ml,Face Malai,1,1,1,258.53
"Jul 30, 2026",FC-CWDM-BT-030,D2C,Winter Blackseed Tulsi (Cold) 13 - 19 Yrs Face Malai,Face Malai,1,1,1,322
"Jul 30, 2026",EC-UE-PN-009,Nykaa,Netraa - Under Eye Roll On Serum,Pure Netraa,7,7,7,2138.53
"Jul 30, 2026",BA-FM-MNO-075,Flipkart,Baby Face Malai Multi-Nut Oats Vit-E,Baby Face Malai,2,2,2,422
"Jul 30, 2026",FC-DM-NR-030,D2C,Cocoa Mogra (Overnight) Face Malai - 30g,Face Malai,10,10,11,3420.93
"Jul 30, 2026",EC-UE-PN-009,D2C,Netraa - Under Eye Roll On Serum,Pure Netraa,14,14,16,3906.79
"Jul 30, 2026",EC-UE-FNC-020,First Cry,Netraa Cream - UnderEye Vit-E Cream,Pure Netraa,1,1,1,174.6
"Jul 30, 2026",FC-DM-PG-030,Amazon,Turmeric Nutmeg (Pigmentation)  Face Malai - 30g,Face Malai,12,11,12,4019.4
"Jul 30, 2026",FC-DM-PG-050,D2C,Turmeric Nutmeg (Pigmentation)  Face Malai - 50g ,Face Malai,16,16,36,7457.6
"Jul 30, 2026",FC-HDDM-FB-050,D2C,Flax Bakuchi (Hot Dry) 35+ Face Malai - 50g,Face Malai,3,3,6,982.59
"Jul 30, 2026",FC-AC-BT-050,Nykaa,Active Beetroot Tomato Vit-A Gel,Active Gel,2,2,2,762
"Jul 31, 2026",EC-UE-PN-009,Cred,Netraa - Under Eye Roll On Serum,Pure Netraa,10,9,10,1590
"Jul 31, 2026",BA-FM-MNO-075,D2C,Baby Face Malai Multi-Nut Oats Vit-E,Baby Face Malai,12,12,14,3378.56
"Jul 31, 2026",FC-DM-PG-030,Cred,Turmeric Nutmeg (Pigmentation)  Face Malai - 30g,Face Malai,3,3,3,546.79
"Jul 31, 2026",FC-CWDM-FW-030,D2C,Flax Walnut (Cold) 35+ Face Malai,Face Malai,7,7,7,1538.03
"Jul 31, 2026",FC-HHDM-FC-030,D2C,Flax Carrot (Hot Humid) 35+ Face Malai - 30g,Face Malai,8,8,8,2101.53
"Jul 31, 2026",FC-DM-NR-030,Nykaa,Cocoa Mogra (Overnight) Face Malai - 30g,Face Malai,2,2,2,663.79
"Jul 31, 2026",FC-CWDM-TP-030,Nykaa,Tomato Patchouli (Cold) 20 - 35 Yrs Face Malai,Face Malai,1,1,1,298.81
"Jul 31, 2026",FC-HDDM-FB-030,D2C,Flax Bakuchi (Hot Dry) 35+ Face Malai - 30g,Face Malai,4,4,5,1454.4
"Jul 31, 2026",FC-HHDM-TV-050,D2C,Tomato Vetiver (Hot Humid) 20 - 35 Yrs Face Malai - 50g,Face Malai,2,2,2,452.9
"Jul 31, 2026",EC-UE-FNC-020,Nykaa,Netraa Cream - UnderEye Vit-E Cream,Pure Netraa,4,4,4,1283.43
"Jul 31, 2026",FC-AC-OK-050,Pop Club,Active Orange Kiwi Vit-C Gel,Active Gel,3,3,7,4233
"Jul 31, 2026",BC-BL-PM-250,Flipkart Fulfilled,Peach Milk Malai Lotion - 250ml,Face Malai,5,5,5,881
"Jul 31, 2026",FC-DM-PG-030,Amazon,Turmeric Nutmeg (Pigmentation)  Face Malai - 30g,Face Malai,15,15,16,5359.2
"Jul 31, 2026",FC-AC-OV-050,Flipkart,Active Olive Vit-E Night Gel,Active Gel,1,1,1,304
"Jul 31, 2026",FC-HHDM-FC-030,Nykaa,Flax Carrot (Hot Humid) 35+ Face Malai - 30g,Face Malai,3,3,3,928.51
"Jul 31, 2026",BA-FM-MNO-075,First Cry,Baby Face Malai Multi-Nut Oats Vit-E,Baby Face Malai,5,5,5,1467.64
"Jul 31, 2026",FC-CWDM-TP-030,Amazon,Tomato Patchouli (Cold) 20 - 35 Yrs Face Malai,Face Malai,1,1,1,320.25
"Jul 31, 2026",FC-HHDM-FC-050,Flipkart,Flax Carrot (Hot Humid) 35+ Face Malai - 50g,Face Malai,1,1,2,332
"Jul 31, 2026",BA-FM-MNO-075,Amazon,Baby Face Malai Multi-Nut Oats Vit-E,Baby Face Malai,1,1,2,600.6
"Jul 31, 2026",FC-DM-AA-030,Flipkart,Clove Tea-Tree (Anti-Acne) Face Malai,Face Malai,1,1,2,416
"Jul 31, 2026",EC-UE-PN-009,D2C,Netraa - Under Eye Roll On Serum,Pure Netraa,25,25,26,5731
"Jul 31, 2026",FC-DM-NR-050,Flipkart,Cocoa Mogra (Overnight) Face Malai - 50g ,Face Malai,1,1,2,339.5
"Jul 31, 2026",FC-CWDM-TP-030,D2C,Tomato Patchouli (Cold) 20 - 35 Yrs Face Malai,Face Malai,4,4,4,964.22
"Jul 31, 2026",FC-AC-NT-050,Nykaa,Active Neem TeaTree Gel,Active Gel,2,2,2,752.25
"Jul 31, 2026",FC-HHDM-FC-050,D2C,Flax Carrot (Hot Humid) 35+ Face Malai - 50g,Face Malai,6,6,12,1750.82
"Jul 31, 2026",EC-UE-FNC-020,Myntra,Netraa Cream - UnderEye Vit-E Cream,Pure Netraa,2,2,2,611
"Jul 31, 2026",FC-HDDM-FB-050,D2C,Flax Bakuchi (Hot Dry) 35+ Face Malai - 50g,Face Malai,2,2,4,674.35
"Jul 31, 2026",FC-AC-AC-050,D2C,Active Aloe Cactus Hydra Lift Gel,Active Gel,10,10,12,3314.6
"Jul 31, 2026",FC-HDDM-PT-030,D2C,Pomegranate Tulsi (Hot Dry) 13 - 19 Yrs Face Malai,Face Malai,1,1,1,190
"Jul 31, 2026",FC-HHDM-TV-030,D2C,Tomato Vetiver (Hot Humid) 20 - 35 Yrs Face Malai,Face Malai,7,6,10,2171.9
"Jul 31, 2026",FC-AC-OK-050,D2C,Active Orange Kiwi Vit-C Gel,Active Gel,42,42,49,13982.53
"Jul 31, 2026",BA-FM-MNO-075,Nykaa,Baby Face Malai Multi-Nut Oats Vit-E,Baby Face Malai,6,6,6,1872
"Jul 31, 2026",FC-DM-AA-030,D2C,Clove Tea-Tree (Anti-Acne) Face Malai,Face Malai,12,12,13,3168.49
"Jul 31, 2026",FC-HHDM-TV-050,Nykaa,Tomato Vetiver (Hot Humid) 20 - 35 Yrs Face Malai - 50g,Face Malai,1,1,1,439
"Jul 31, 2026",FC-CWDM-FW-030,Amazon,Flax Walnut (Cold) 35+ Face Malai,Face Malai,1,1,1,339.15
"Jul 31, 2026",EC-UE-FNC-020,Pop Club,Netraa Cream - UnderEye Vit-E Cream,Pure Netraa,5,5,7,2847
"Jul 31, 2026",FC-DM-NR-030,Cred,Cocoa Mogra (Overnight) Face Malai - 30g,Face Malai,2,2,2,373.5
"Jul 31, 2026",FC-DM-DP-030,Myntra,Honey Multi-Nut (Dry & Peeling Skin) Face Malai,Face Malai,1,1,1,312
"Jul 31, 2026",FC-DM-PG-030,D2C,Turmeric Nutmeg (Pigmentation)  Face Malai - 30g,Face Malai,20,20,20,5180.5
"Jul 31, 2026",FC-DM-PG-030,Myntra,Turmeric Nutmeg (Pigmentation)  Face Malai - 30g,Face Malai,4,4,4,1226
"Jul 31, 2026",FC-HDDM-TR-030,Amazon,Tomato Rosehip (Hot Dry) 20 - 35 Yrs Face Malai - 30g,Face Malai,2,2,2,630
"Jul 31, 2026",FC-AC-OV-050,D2C,Active Olive Vit-E Night Gel,Active Gel,12,12,14,3542.4
"Jul 31, 2026",FC-DM-PG-030,Flipkart,Turmeric Nutmeg (Pigmentation)  Face Malai - 30g,Face Malai,5,5,5,1055.17
"Jul 31, 2026",FC-HHDM-FC-030,Myntra,Flax Carrot (Hot Humid) 35+ Face Malai - 30g,Face Malai,1,1,1,348
"Jul 31, 2026",BC-BL-PM-250,Flipkart,Peach Milk Malai Lotion - 250ml,Face Malai,1,1,1,177.5
"Jul 31, 2026",EC-UE-FNC-020,D2C,Netraa Cream - UnderEye Vit-E Cream,Pure Netraa,14,14,15,3913.2
"Jul 31, 2026",FC-DM-NR-030,D2C,Cocoa Mogra (Overnight) Face Malai - 30g,Face Malai,20,20,20,5517.33
"Jul 31, 2026",FC-HHDM-TV-030,Nykaa,Tomato Vetiver (Hot Humid) 20 - 35 Yrs Face Malai,Face Malai,2,2,2,604
"Jul 31, 2026",EC-UE-PN-009,Nykaa,Netraa - Under Eye Roll On Serum,Pure Netraa,13,13,13,4037.9
"Jul 31, 2026",FC-AC-OK-050,Flipkart,Active Orange Kiwi Vit-C Gel,Active Gel,5,5,9,2254
"Jul 31, 2026",FC-HDDM-TR-050,D2C,Tomato Rosehip (Hot Dry) 20 - 35 Yrs Face Malai - 50g,Face Malai,10,10,22,2850.9
"Jul 31, 2026",FC-HDDM-FB-030,First Cry,Flax Bakuchi (Hot Dry) 35+ Face Malai - 30g,Face Malai,1,1,1,150.8
"Jul 31, 2026",FC-AC-OK-050,Cred,Active Orange Kiwi Vit-C Gel,Active Gel,17,17,17,2505.1
"Jul 31, 2026",EC-UE-PN-009,Flipkart,Netraa - Under Eye Roll On Serum,Pure Netraa,2,2,2,413.72
"Jul 31, 2026",FC-HDDM-TR-030,Cred,Tomato Rosehip (Hot Dry) 20 - 35 Yrs Face Malai - 30g,Face Malai,3,3,3,537
"Jul 31, 2026",FC-DM-NR-030,Amazon,Cocoa Mogra (Overnight) Face Malai - 30g,Face Malai,3,3,3,1004.85
"Jul 31, 2026",FC-AC-OV-050,Nykaa,Active Olive Vit-E Night Gel,Active Gel,2,2,3,1160.24
"Jul 31, 2026",FC-DM-PG-030,Flipkart Fulfilled,Turmeric Nutmeg (Pigmentation)  Face Malai - 30g,Face Malai,6,6,6,1573
"Jul 31, 2026",EC-UE-FNC-020,Flipkart,Netraa Cream - UnderEye Vit-E Cream,Pure Netraa,1,1,1,236.5
"Jul 31, 2026",FC-AC-OK-050,Nykaa,Active Orange Kiwi Vit-C Gel,Active Gel,4,4,4,1557.98
"Jul 31, 2026",FC-HDDM-TR-030,D2C,Tomato Rosehip (Hot Dry) 20 - 35 Yrs Face Malai - 30g,Face Malai,3,3,3,691.96
"Jul 31, 2026",FC-HHDM-TV-030,Myntra,Tomato Vetiver (Hot Humid) 20 - 35 Yrs Face Malai,Face Malai,1,1,1,302
"Jul 31, 2026",FC-DM-AA-030,Pop Club,Clove Tea-Tree (Anti-Acne) Face Malai,Face Malai,1,1,1,259
"Jul 31, 2026",FC-AC-BT-050,Nykaa,Active Beetroot Tomato Vit-A Gel,Active Gel,1,1,1,373.72
"Jul 31, 2026",FC-HDDM-TR-050,Flipkart,Tomato Rosehip (Hot Dry) 20 - 35 Yrs Face Malai - 50g,Face Malai,1,1,2,327
"Jul 31, 2026",FC-DM-DP-030,D2C,Honey Multi-Nut (Dry & Peeling Skin) Face Malai,Face Malai,7,7,9,2697.2
"Jul 31, 2026",FC-DM-NR-030,First Cry,Cocoa Mogra (Overnight) Face Malai - 30g,Face Malai,1,1,1,209.5
"Jul 31, 2026",FC-DM-PG-030,Nykaa,Turmeric Nutmeg (Pigmentation)  Face Malai - 30g,Face Malai,6,6,6,1949.88
"Jul 31, 2026",FC-HHDM-FC-030,Flipkart,Flax Carrot (Hot Humid) 35+ Face Malai - 30g,Face Malai,1,1,1,260
"Jul 31, 2026",FC-AC-AC-050,First Cry,Active Aloe Cactus Hydra Lift Gel,Active Gel,1,1,1,227.7
"Jul 31, 2026",BC-BL-PM-200,Cred,Peach Milk Malai Lotion - 200ml,Face Malai,2,2,2,118.46
"Jul 31, 2026",FC-AC-OK-050,Myntra,Active Orange Kiwi Vit-C Gel,Active Gel,1,1,1,390
"Jul 31, 2026",FC-AC-OK-050,First Cry,Active Orange Kiwi Vit-C Gel,Active Gel,2,2,2,471
"Jul 31, 2026",FC-AC-NT-050,D2C,Active Neem TeaTree Gel,Active Gel,20,20,20,5333.15
"Jul 31, 2026",FC-DM-AA-030,Nykaa,Clove Tea-Tree (Anti-Acne) Face Malai,Face Malai,3,3,3,988.27
"Jul 31, 2026",EC-UE-FNC-020,First Cry,Netraa Cream - UnderEye Vit-E Cream,Pure Netraa,1,1,1,174.6
"Jul 31, 2026",FC-HDDM-TR-030,Nykaa,Tomato Rosehip (Hot Dry) 20 - 35 Yrs Face Malai - 30g,Face Malai,1,1,1,302
"Jul 31, 2026",FC-DM-NR-050,D2C,Cocoa Mogra (Overnight) Face Malai - 50g ,Face Malai,6,6,12,2003.47
"Jul 31, 2026",FC-DM-AA-030,First Cry,Clove Tea-Tree (Anti-Acne) Face Malai,Face Malai,1,1,1,171
"Jul 31, 2026",FC-DM-DP-030,Nykaa,Honey Multi-Nut (Dry & Peeling Skin) Face Malai,Face Malai,1,1,1,313
"Jul 31, 2026",FC-AC-NT-050,Myntra,Active Neem TeaTree Gel,Active Gel,1,1,1,380
"Jul 31, 2026",FC-HHDM-GAT-030,D2C,GreenApple Tulsi (Hot Humid) 13 - 19 Yrs Face Malai,Face Malai,3,3,3,646
"Jul 31, 2026",EC-UE-PN-009,First Cry,Netraa - Under Eye Roll On Serum,Pure Netraa,1,1,1,188
"Jul 31, 2026",EC-UE-PN-009,Myntra,Netraa - Under Eye Roll On Serum,Pure Netraa,1,1,1,269
"Jul 31, 2026",FC-DM-PG-050,D2C,Turmeric Nutmeg (Pigmentation)  Face Malai - 50g ,Face Malai,22,22,50,7567.53
"Jul 31, 2026",FC-AC-BT-050,D2C,Active Beetroot Tomato Vit-A Gel,Active Gel,9,9,9,2635.8
"Aug 1, 2026",EC-UE-FNC-020,Flipkart,Netraa Cream - UnderEye Vit-E Cream,Pure Netraa,3,3,3,684.5
"Aug 1, 2026",FC-DM-NR-030,Flipkart,Cocoa Mogra (Overnight) Face Malai - 30g,Face Malai,1,1,1,244.5
"Aug 1, 2026",FC-HHDM-TV-050,Amazon,Tomato Vetiver (Hot Humid) 20 - 35 Yrs Face Malai - 50g,Face Malai,1,1,1,394.12
"Aug 1, 2026",EC-UE-FNC-020,Myntra,Netraa Cream - UnderEye Vit-E Cream,Pure Netraa,7,6,7,2090
"Aug 1, 2026",FC-AC-OV-050,Nykaa,Active Olive Vit-E Night Gel,Active Gel,1,1,1,391
"Aug 1, 2026",BA-FM-MNO-075,D2C,Baby Face Malai Multi-Nut Oats Vit-E,Baby Face Malai,16,16,17,3703.78
"Aug 1, 2026",EC-UE-PN-009,First Cry,Netraa - Under Eye Roll On Serum,Pure Netraa,1,1,1,150.4
"Aug 1, 2026",FC-DM-NR-030,Myntra,Cocoa Mogra (Overnight) Face Malai - 30g,Face Malai,2,2,2,569
"Aug 1, 2026",FC-DM-PG-030,D2C,Turmeric Nutmeg (Pigmentation)  Face Malai - 30g,Face Malai,23,23,23,5918.59
"Aug 1, 2026",FC-AC-OK-050,Amazon,Active Orange Kiwi Vit-C Gel,Active Gel,1,1,1,376.95
"Aug 1, 2026",FC-CWDM-FW-030,Flipkart,Flax Walnut (Cold) 35+ Face Malai,Face Malai,2,2,2,492.5
"Aug 1, 2026",FC-HDDM-TR-030,D2C,Tomato Rosehip (Hot Dry) 20 - 35 Yrs Face Malai - 30g,Face Malai,4,4,4,888.98
"Aug 1, 2026",FC-DM-AA-030,Nykaa,Clove Tea-Tree (Anti-Acne) Face Malai,Face Malai,1,1,1,328.36
"Aug 1, 2026",FC-HDDM-FB-050,D2C,Flax Bakuchi (Hot Dry) 35+ Face Malai - 50g,Face Malai,5,5,10,1548.8
"Aug 1, 2026",FC-AC-OK-050,Myntra,Active Orange Kiwi Vit-C Gel,Active Gel,2,2,2,725
"Aug 1, 2026",FC-DM-NR-050,D2C,Cocoa Mogra (Overnight) Face Malai - 50g ,Face Malai,11,11,32,4673.47
"Aug 1, 2026",BA-FM-MNO-075,Myntra,Baby Face Malai Multi-Nut Oats Vit-E,Baby Face Malai,1,1,1,312
"Aug 1, 2026",FC-AC-AC-050,D2C,Active Aloe Cactus Hydra Lift Gel,Active Gel,7,7,8,2074.7
"Aug 1, 2026",FC-DM-PG-030,Nykaa,Turmeric Nutmeg (Pigmentation)  Face Malai - 30g,Face Malai,7,7,7,2325.49
"Aug 1, 2026",FC-AC-BT-050,D2C,Active Beetroot Tomato Vit-A Gel,Active Gel,12,12,13,3250.91
"Aug 1, 2026",FC-DM-AA-030,Flipkart,Clove Tea-Tree (Anti-Acne) Face Malai,Face Malai,1,1,1,223
"Aug 1, 2026",BA-FM-MNO-075,Amazon,Baby Face Malai Multi-Nut Oats Vit-E,Baby Face Malai,3,3,3,870.51
"Aug 1, 2026",FC-AC-AC-050,Flipkart,Active Aloe Cactus Hydra Lift Gel,Active Gel,1,1,1,335
"Aug 1, 2026",EC-UE-PN-009,D2C,Netraa - Under Eye Roll On Serum,Pure Netraa,38,38,39,9292.16
"Aug 1, 2026",FC-HHDM-TV-030,D2C,Tomato Vetiver (Hot Humid) 20 - 35 Yrs Face Malai,Face Malai,7,7,7,1419.61
"Aug 1, 2026",FC-DM-NR-030,D2C,Cocoa Mogra (Overnight) Face Malai - 30g,Face Malai,21,21,21,5102.51
"Aug 1, 2026",EC-UE-PN-009,Nykaa,Netraa - Under Eye Roll On Serum,Pure Netraa,12,12,12,3686.45
"Aug 1, 2026",FC-DM-PG-050,D2C,Turmeric Nutmeg (Pigmentation)  Face Malai - 50g ,Face Malai,23,23,48,8463.85
"Aug 1, 2026",BA-FM-MNO-075,First Cry,Baby Face Malai Multi-Nut Oats Vit-E,Baby Face Malai,10,10,10,2686.39
"Aug 1, 2026",BC-BL-PM-250,D2C,Peach Milk Malai Lotion - 250ml,Face Malai,2,2,5,882.5
"Aug 1, 2026",FC-HHDM-FC-030,Nykaa,Flax Carrot (Hot Humid) 35+ Face Malai - 30g,Face Malai,2,2,2,626
"Aug 1, 2026",FC-AC-NT-050,Nykaa,Active Neem TeaTree Gel,Active Gel,1,1,2,762
"Aug 1, 2026",BC-BL-PM-250,Flipkart Fulfilled,Peach Milk Malai Lotion - 250ml,Face Malai,7,7,7,1159
"Aug 1, 2026",BC-BL-PM-250,Flipkart,Peach Milk Malai Lotion - 250ml,Face Malai,3,3,3,518
"Aug 1, 2026",EC-UE-FNC-020,D2C,Netraa Cream - UnderEye Vit-E Cream,Pure Netraa,29,29,29,7578.44
"Aug 1, 2026",FC-HHDM-TV-030,Flipkart,Tomato Vetiver (Hot Humid) 20 - 35 Yrs Face Malai,Face Malai,1,1,1,222.2
"Aug 1, 2026",FC-HDDM-PT-030,D2C,Pomegranate Tulsi (Hot Dry) 13 - 19 Yrs Face Malai,Face Malai,2,2,2,512
"Aug 1, 2026",FC-DM-PG-030,Pop Club,Turmeric Nutmeg (Pigmentation)  Face Malai - 30g,Face Malai,3,3,3,777
"Aug 1, 2026",FC-DM-PG-030,Myntra,Turmeric Nutmeg (Pigmentation)  Face Malai - 30g,Face Malai,3,3,5,1353.02
"Aug 1, 2026",FC-DM-NR-030,Amazon,Cocoa Mogra (Overnight) Face Malai - 30g,Face Malai,2,2,2,669.9
"Aug 1, 2026",FC-AC-OK-050,Cred,Active Orange Kiwi Vit-C Gel,Active Gel,9,8,9,1319.28
"Aug 1, 2026",FC-DM-DP-030,Nykaa,Honey Multi-Nut (Dry & Peeling Skin) Face Malai,Face Malai,1,1,1,313
"Aug 1, 2026",FC-HDDM-TR-030,Myntra,Tomato Rosehip (Hot Dry) 20 - 35 Yrs Face Malai - 30g,Face Malai,1,1,1,302
"Aug 1, 2026",FC-HHDM-TV-050,Flipkart,Tomato Vetiver (Hot Humid) 20 - 35 Yrs Face Malai - 50g,Face Malai,1,1,1,315
"Aug 1, 2026",EC-UE-FNC-020,First Cry,Netraa Cream - UnderEye Vit-E Cream,Pure Netraa,2,2,2,457.84
"Aug 1, 2026",FC-HHDM-FC-030,D2C,Flax Carrot (Hot Humid) 35+ Face Malai - 30g,Face Malai,14,14,15,3110.3
"Aug 1, 2026",FC-HDDM-TR-050,D2C,Tomato Rosehip (Hot Dry) 20 - 35 Yrs Face Malai - 50g,Face Malai,8,8,18,2607.15
"Aug 1, 2026",FC-DM-AA-030,D2C,Clove Tea-Tree (Anti-Acne) Face Malai,Face Malai,18,18,18,4459.84
"Aug 1, 2026",FC-DM-PG-030,Cred,Turmeric Nutmeg (Pigmentation)  Face Malai - 30g,Face Malai,5,5,5,921.5
"Aug 1, 2026",FC-CWDM-FW-030,Amazon,Flax Walnut (Cold) 35+ Face Malai,Face Malai,4,4,5,1695.75
"Aug 1, 2026",FC-DM-PG-030,Flipkart,Turmeric Nutmeg (Pigmentation)  Face Malai - 30g,Face Malai,9,9,9,1464.85
"Aug 1, 2026",BA-FM-MNO-075,Flipkart,Baby Face Malai Multi-Nut Oats Vit-E,Baby Face Malai,1,1,1,227
"Aug 1, 2026",FC-HHDM-TV-030,Nykaa,Tomato Vetiver (Hot Humid) 20 - 35 Yrs Face Malai,Face Malai,4,4,4,1196.27
"Aug 1, 2026",FC-DM-AA-030,Myntra,Clove Tea-Tree (Anti-Acne) Face Malai,Face Malai,2,2,2,664
"Aug 1, 2026",EC-UE-PN-009,Myntra,Netraa - Under Eye Roll On Serum,Pure Netraa,4,4,4,1110
"Aug 1, 2026",FC-CWDM-BT-030,D2C,Winter Blackseed Tulsi (Cold) 13 - 19 Yrs Face Malai,Face Malai,3,3,3,655.2
"Aug 1, 2026",EC-UE-FNC-020,Pop Club,Netraa Cream - UnderEye Vit-E Cream,Pure Netraa,5,5,5,1095
"Aug 1, 2026",FC-DM-PG-030,Amazon,Turmeric Nutmeg (Pigmentation)  Face Malai - 30g,Face Malai,10,10,11,3684.45
"Aug 1, 2026",EC-UE-PN-009,Cred,Netraa - Under Eye Roll On Serum,Pure Netraa,4,4,4,636
"Aug 1, 2026",FC-CWDM-TP-030,D2C,Tomato Patchouli (Cold) 20 - 35 Yrs Face Malai,Face Malai,4,4,4,1026.2
"Aug 1, 2026",EC-UE-PN-009,Flipkart,Netraa - Under Eye Roll On Serum,Pure Netraa,3,3,3,647.58
"Aug 1, 2026",FC-HHDM-TV-030,Flipkart Fulfilled,Tomato Vetiver (Hot Humid) 20 - 35 Yrs Face Malai,Face Malai,1,1,1,222
"Aug 1, 2026",FC-DM-NR-050,Flipkart,Cocoa Mogra (Overnight) Face Malai - 50g ,Face Malai,1,1,2,348.5
"Aug 1, 2026",FC-DM-NR-030,First Cry,Cocoa Mogra (Overnight) Face Malai - 30g,Face Malai,2,2,2,481.85
"Aug 1, 2026",FC-AC-OK-050,D2C,Active Orange Kiwi Vit-C Gel,Active Gel,64,64,67,19111.16
"Aug 1, 2026",FC-DM-AA-030,Pop Club,Clove Tea-Tree (Anti-Acne) Face Malai,Face Malai,1,1,1,259
"Aug 1, 2026",FC-DM-NR-030,Cred,Cocoa Mogra (Overnight) Face Malai - 30g,Face Malai,3,3,3,523.5
"Aug 1, 2026",FC-HDDM-FB-050,Flipkart,Flax Bakuchi (Hot Dry) 35+ Face Malai - 50g,Face Malai,2,2,4,686
"Aug 1, 2026",FC-HDDM-FB-030,D2C,Flax Bakuchi (Hot Dry) 35+ Face Malai - 30g,Face Malai,12,12,12,2844.6
"Aug 1, 2026",FC-DM-NR-030,Pop Club,Cocoa Mogra (Overnight) Face Malai - 30g,Face Malai,5,5,5,1295
"Aug 1, 2026",FC-AC-OK-050,Nykaa,Active Orange Kiwi Vit-C Gel,Active Gel,2,2,2,779.93
"Aug 1, 2026",FC-HHDM-TV-030,Pop Club,Tomato Vetiver (Hot Humid) 20 - 35 Yrs Face Malai,Face Malai,1,1,1,259
"Aug 1, 2026",FC-DM-AA-030,Flipkart Fulfilled,Clove Tea-Tree (Anti-Acne) Face Malai,Face Malai,1,1,1,190
"Aug 1, 2026",FC-AC-OV-050,Myntra,Active Olive Vit-E Night Gel,Active Gel,1,1,1,335
"Aug 1, 2026",FC-AC-OV-050,D2C,Active Olive Vit-E Night Gel,Active Gel,23,23,23,6304.56
"Aug 1, 2026",FC-HHDM-FC-030,Myntra,Flax Carrot (Hot Humid) 35+ Face Malai - 30g,Face Malai,1,1,1,348
"Aug 1, 2026",FC-AC-NT-050,D2C,Active Neem TeaTree Gel,Active Gel,11,11,11,2981.2
"Aug 1, 2026",FC-DM-DP-030,First Cry,Honey Multi-Nut (Dry & Peeling Skin) Face Malai,Face Malai,1,1,1,197
"Aug 1, 2026",FC-HDDM-TR-030,Cred,Tomato Rosehip (Hot Dry) 20 - 35 Yrs Face Malai - 30g,Face Malai,1,1,1,179
"Aug 1, 2026",FC-AC-OK-050,Flipkart,Active Orange Kiwi Vit-C Gel,Active Gel,13,13,24,6068
"Aug 1, 2026",FC-HHDM-TV-050,D2C,Tomato Vetiver (Hot Humid) 20 - 35 Yrs Face Malai - 50g,Face Malai,6,6,6,1516.4
"Aug 1, 2026",FC-HDDM-TR-030,Nykaa,Tomato Rosehip (Hot Dry) 20 - 35 Yrs Face Malai - 30g,Face Malai,2,2,2,599.78
"Aug 1, 2026",BA-FM-MNO-075,Nykaa,Baby Face Malai Multi-Nut Oats Vit-E,Baby Face Malai,1,1,1,312
"Aug 1, 2026",FC-HHDM-FC-050,D2C,Flax Carrot (Hot Humid) 35+ Face Malai - 50g,Face Malai,17,17,36,4955.53
"Aug 1, 2026",FC-CWDM-FW-030,D2C,Flax Walnut (Cold) 35+ Face Malai,Face Malai,7,7,8,2011.68
"Aug 1, 2026",FC-HHDM-GAT-030,D2C,GreenApple Tulsi (Hot Humid) 13 - 19 Yrs Face Malai,Face Malai,2,2,2,456
"Aug 1, 2026",FC-HDDM-TR-030,Amazon,Tomato Rosehip (Hot Dry) 20 - 35 Yrs Face Malai - 30g,Face Malai,2,2,2,630
"Aug 1, 2026",EC-UE-FNC-020,Nykaa,Netraa Cream - UnderEye Vit-E Cream,Pure Netraa,7,7,7,2216.63
"Aug 1, 2026",FC-AC-OK-050,Pop Club,Active Orange Kiwi Vit-C Gel,Active Gel,2,2,2,498
"Aug 1, 2026",FC-DM-DP-030,D2C,Honey Multi-Nut (Dry & Peeling Skin) Face Malai,Face Malai,8,8,9,2044.05
"Aug 1, 2026",FC-HDDM-FB-030,Nykaa,Flax Bakuchi (Hot Dry) 35+ Face Malai - 30g,Face Malai,3,3,3,935.81
"Aug 2, 2026",FC-AC-BT-050,D2C,Active Beetroot Tomato Vit-A Gel,Active Gel,9,9,12,3512.38
"Aug 2, 2026",EC-UE-PN-009,Myntra,Netraa - Under Eye Roll On Serum,Pure Netraa,3,3,3,936
"Aug 2, 2026",FC-HHDM-TV-050,Amazon,Tomato Vetiver (Hot Humid) 20 - 35 Yrs Face Malai - 50g,Face Malai,1,1,2,788.24
"Aug 2, 2026",FC-CWDM-FW-030,Amazon,Flax Walnut (Cold) 35+ Face Malai,Face Malai,2,2,2,678.3
"Aug 2, 2026",FC-AC-NT-050,Flipkart,Active Neem TeaTree Gel,Active Gel,1,1,1,296
"Aug 2, 2026",FC-DM-NR-030,Cred,Cocoa Mogra (Overnight) Face Malai - 30g,Face Malai,3,3,3,572.5
"Aug 2, 2026",FC-CWDM-TP-030,D2C,Tomato Patchouli (Cold) 20 - 35 Yrs Face Malai,Face Malai,8,8,9,2161.47
"Aug 2, 2026",FC-HHDM-GAT-030,D2C,GreenApple Tulsi (Hot Humid) 13 - 19 Yrs Face Malai,Face Malai,4,4,4,1024
"Aug 2, 2026",FC-AC-OK-050,First Cry,Active Orange Kiwi Vit-C Gel,Active Gel,2,2,2,471
"Aug 2, 2026",FC-AC-OV-050,D2C,Active Olive Vit-E Night Gel,Active Gel,23,23,23,6043.15
"Aug 2, 2026",EC-UE-PN-009,Nykaa,Netraa - Under Eye Roll On Serum,Pure Netraa,12,12,12,3708.31
"Aug 2, 2026",BA-FM-MNO-075,Nykaa,Baby Face Malai Multi-Nut Oats Vit-E,Baby Face Malai,6,6,7,2158.19
"Aug 2, 2026",FC-AC-OK-050,Flipkart,Active Orange Kiwi Vit-C Gel,Active Gel,9,8,17,4311.5
"Aug 2, 2026",FC-DM-NR-030,D2C,Cocoa Mogra (Overnight) Face Malai - 30g,Face Malai,33,33,33,8155.96
"Aug 2, 2026",EC-UE-FNC-020,Pop Club,Netraa Cream - UnderEye Vit-E Cream,Pure Netraa,4,4,4,876
"Aug 2, 2026",FC-HHDM-GAT-030,Flipkart,GreenApple Tulsi (Hot Humid) 13 - 19 Yrs Face Malai,Face Malai,1,1,1,230
"Aug 2, 2026",FC-CWDM-FW-030,D2C,Flax Walnut (Cold) 35+ Face Malai,Face Malai,6,6,7,1464.47
"Aug 2, 2026",FC-DM-AA-030,Pop Club,Clove Tea-Tree (Anti-Acne) Face Malai,Face Malai,1,1,1,259
"Aug 2, 2026",FC-DM-NR-050,D2C,Cocoa Mogra (Overnight) Face Malai - 50g ,Face Malai,9,9,18,2834.4
"Aug 2, 2026",FC-DM-DP-030,D2C,Honey Multi-Nut (Dry & Peeling Skin) Face Malai,Face Malai,8,8,9,2227.25
"Aug 2, 2026",FC-AC-NT-050,Nykaa,Active Neem TeaTree Gel,Active Gel,2,2,2,762
"Aug 2, 2026",FC-HHDM-TV-030,D2C,Tomato Vetiver (Hot Humid) 20 - 35 Yrs Face Malai,Face Malai,10,10,11,2654.87
"Aug 2, 2026",FC-AC-NT-050,Myntra,Active Neem TeaTree Gel,Active Gel,1,1,1,335
"Aug 2, 2026",FC-AC-OV-050,Nykaa,Active Olive Vit-E Night Gel,Active Gel,4,4,4,1560.66
"Aug 2, 2026",FC-HDDM-FB-030,Nykaa,Flax Bakuchi (Hot Dry) 35+ Face Malai - 30g,Face Malai,5,5,5,1564.66
"Aug 2, 2026",BA-FM-MNO-075,Amazon,Baby Face Malai Multi-Nut Oats Vit-E,Baby Face Malai,5,5,5,1501.5
"Aug 2, 2026",FC-AC-OK-050,Pop Club,Active Orange Kiwi Vit-C Gel,Active Gel,1,1,1,249
"Aug 2, 2026",FC-DM-PG-030,Pop Club,Turmeric Nutmeg (Pigmentation)  Face Malai - 30g,Face Malai,2,2,2,518
"Aug 2, 2026",EC-UE-FNC-020,First Cry,Netraa Cream - UnderEye Vit-E Cream,Pure Netraa,4,4,4,717.8
"Aug 2, 2026",FC-HHDM-FC-030,D2C,Flax Carrot (Hot Humid) 35+ Face Malai - 30g,Face Malai,11,11,11,2584.47
"Aug 2, 2026",FC-DM-PG-030,Myntra,Turmeric Nutmeg (Pigmentation)  Face Malai - 30g,Face Malai,10,10,11,3388
"Aug 2, 2026",FC-DM-DP-030,Myntra,Honey Multi-Nut (Dry & Peeling Skin) Face Malai,Face Malai,2,2,2,589
"Aug 2, 2026",FC-DM-PG-030,Cred,Turmeric Nutmeg (Pigmentation)  Face Malai - 30g,Face Malai,3,3,3,572.5
"Aug 2, 2026",FC-HHDM-GAT-030,First Cry,GreenApple Tulsi (Hot Humid) 13 - 19 Yrs Face Malai,Face Malai,1,1,1,171
"Aug 2, 2026",FC-DM-DP-030,Nykaa,Honey Multi-Nut (Dry & Peeling Skin) Face Malai,Face Malai,1,1,1,306.85
"Aug 2, 2026",FC-CWDM-FW-030,Myntra,Flax Walnut (Cold) 35+ Face Malai,Face Malai,1,1,1,350
"Aug 2, 2026",FC-DM-NR-030,Amazon,Cocoa Mogra (Overnight) Face Malai - 30g,Face Malai,5,5,5,1674.75
"Aug 2, 2026",BC-BL-PM-250,D2C,Peach Milk Malai Lotion - 250ml,Face Malai,1,1,1,211.8
"Aug 2, 2026",FC-DM-PG-030,Flipkart,Turmeric Nutmeg (Pigmentation)  Face Malai - 30g,Face Malai,5,5,5,984.9
"Aug 2, 2026",FC-DM-NR-030,Nykaa,Cocoa Mogra (Overnight) Face Malai - 30g,Face Malai,4,4,4,1324.46
"Aug 2, 2026",FC-CWDM-TP-030,Myntra,Tomato Patchouli (Cold) 20 - 35 Yrs Face Malai,Face Malai,1,1,1,302
"Aug 2, 2026",FC-AC-AC-050,Nykaa,Active Aloe Cactus Hydra Lift Gel,Active Gel,1,1,1,416.72
"Aug 2, 2026",FC-HHDM-TV-050,Flipkart,Tomato Vetiver (Hot Humid) 20 - 35 Yrs Face Malai - 50g,Face Malai,1,1,1,325
"Aug 2, 2026",FC-DM-PG-030,Amazon,Turmeric Nutmeg (Pigmentation)  Face Malai - 30g,Face Malai,12,12,12,4019.4
"Aug 2, 2026",FC-HDDM-FB-050,D2C,Flax Bakuchi (Hot Dry) 35+ Face Malai - 50g,Face Malai,9,9,22,2926.1
"Aug 2, 2026",FC-HHDM-FC-050,Flipkart,Flax Carrot (Hot Humid) 35+ Face Malai - 50g,Face Malai,1,1,2,332
"Aug 2, 2026",FC-AC-OK-050,Cred,Active Orange Kiwi Vit-C Gel,Active Gel,11,11,11,1590.4
"Aug 2, 2026",EC-UE-PN-009,Cred,Netraa - Under Eye Roll On Serum,Pure Netraa,1,1,1,159
"Aug 2, 2026",FC-CWDM-FW-030,Flipkart,Flax Walnut (Cold) 35+ Face Malai,Face Malai,1,1,1,266
"Aug 2, 2026",FC-DM-PG-050,D2C,Turmeric Nutmeg (Pigmentation)  Face Malai - 50g ,Face Malai,34,34,70,12087.03
"Aug 2, 2026",FC-DM-AA-030,Nykaa,Clove Tea-Tree (Anti-Acne) Face Malai,Face Malai,2,2,2,663.72
"Aug 2, 2026",FC-DM-PG-030,Nykaa,Turmeric Nutmeg (Pigmentation)  Face Malai - 30g,Face Malai,10,10,11,3644.08
"Aug 2, 2026",EC-UE-FNC-020,Nykaa,Netraa Cream - UnderEye Vit-E Cream,Pure Netraa,5,5,5,1610
"Aug 2, 2026",FC-AC-OK-050,Nykaa,Active Orange Kiwi Vit-C Gel,Active Gel,4,4,4,1549.98
"Aug 2, 2026",EC-UE-PN-009,First Cry,Netraa - Under Eye Roll On Serum,Pure Netraa,2,2,2,376
"Aug 2, 2026",BA-FM-MNO-075,D2C,Baby Face Malai Multi-Nut Oats Vit-E,Baby Face Malai,24,24,26,6454.09
"Aug 2, 2026",EC-UE-PN-009,D2C,Netraa - Under Eye Roll On Serum,Pure Netraa,38,38,40,8360.01
"Aug 2, 2026",FC-HDDM-FB-030,D2C,Flax Bakuchi (Hot Dry) 35+ Face Malai - 30g,Face Malai,10,10,10,2651.63
"Aug 2, 2026",FC-HDDM-TR-050,D2C,Tomato Rosehip (Hot Dry) 20 - 35 Yrs Face Malai - 50g,Face Malai,11,11,22,2857.2
"Aug 2, 2026",EC-UE-FNC-020,Flipkart,Netraa Cream - UnderEye Vit-E Cream,Pure Netraa,4,4,4,936.5
"Aug 2, 2026",FC-HHDM-TV-030,Nykaa,Tomato Vetiver (Hot Humid) 20 - 35 Yrs Face Malai,Face Malai,5,5,5,1505.56
"Aug 2, 2026",FC-AC-BT-050,Nykaa,Active Beetroot Tomato Vit-A Gel,Active Gel,2,2,3,1142.67
"Aug 2, 2026",FC-AC-NT-050,D2C,Active Neem TeaTree Gel,Active Gel,27,27,28,7784.82
"Aug 2, 2026",FC-DM-PG-030,D2C,Turmeric Nutmeg (Pigmentation)  Face Malai - 30g,Face Malai,19,19,19,4709.56
"Aug 2, 2026",FC-AC-AC-050,D2C,Active Aloe Cactus Hydra Lift Gel,Active Gel,11,10,13,3390.3
"Aug 2, 2026",FC-DM-NR-030,Myntra,Cocoa Mogra (Overnight) Face Malai - 30g,Face Malai,3,3,4,1167
"Aug 2, 2026",FC-HHDM-TV-050,D2C,Tomato Vetiver (Hot Humid) 20 - 35 Yrs Face Malai - 50g,Face Malai,5,5,5,1163.35
"Aug 2, 2026",EC-UE-FNC-020,Myntra,Netraa Cream - UnderEye Vit-E Cream,Pure Netraa,8,7,9,2765
"Aug 2, 2026",FC-CWDM-TP-030,Nykaa,Tomato Patchouli (Cold) 20 - 35 Yrs Face Malai,Face Malai,1,1,1,302
"Aug 2, 2026",FC-DM-AA-030,D2C,Clove Tea-Tree (Anti-Acne) Face Malai,Face Malai,14,14,14,3473.06
"Aug 2, 2026",FC-HHDM-FC-030,Myntra,Flax Carrot (Hot Humid) 35+ Face Malai - 30g,Face Malai,3,3,3,1044
"Aug 2, 2026",FC-AC-OK-050,D2C,Active Orange Kiwi Vit-C Gel,Active Gel,70,70,72,20500.61
"Aug 2, 2026",FC-HDDM-TR-030,D2C,Tomato Rosehip (Hot Dry) 20 - 35 Yrs Face Malai - 30g,Face Malai,4,4,4,745.21
"Aug 2, 2026",FC-AC-AC-050,Flipkart,Active Aloe Cactus Hydra Lift Gel,Active Gel,1,1,1,313.5
"Aug 2, 2026",BC-BL-PM-250,Flipkart,Peach Milk Malai Lotion - 250ml,Face Malai,9,9,9,1585
"Aug 2, 2026",EC-UE-FNC-020,D2C,Netraa Cream - UnderEye Vit-E Cream,Pure Netraa,42,42,44,10790.39
"Aug 2, 2026",FC-HHDM-FC-050,D2C,Flax Carrot (Hot Humid) 35+ Face Malai - 50g,Face Malai,19,19,38,5939.04
"Aug 2, 2026",FC-HDDM-TR-030,Amazon,Tomato Rosehip (Hot Dry) 20 - 35 Yrs Face Malai - 30g,Face Malai,3,3,3,945
"Aug 2, 2026",FC-HHDM-FC-030,Nykaa,Flax Carrot (Hot Humid) 35+ Face Malai - 30g,Face Malai,1,1,1,313
"Aug 2, 2026",BA-FM-MNO-075,First Cry,Baby Face Malai Multi-Nut Oats Vit-E,Baby Face Malai,11,11,11,2968.04
"Aug 2, 2026",FC-HDDM-PT-030,D2C,Pomegranate Tulsi (Hot Dry) 13 - 19 Yrs Face Malai,Face Malai,1,1,1,190
"Aug 2, 2026",FC-HHDM-TV-030,Flipkart,Tomato Vetiver (Hot Humid) 20 - 35 Yrs Face Malai,Face Malai,1,1,1,231.2
"Aug 2, 2026",EC-UE-PN-009,Flipkart,Netraa - Under Eye Roll On Serum,Pure Netraa,1,1,1,206.86
"Aug 3, 2026",FC-DM-AA-030,Nykaa,Clove Tea-Tree (Anti-Acne) Face Malai,Face Malai,1,1,1,333
"Aug 3, 2026",BA-FM-MNO-075,First Cry,Baby Face Malai Multi-Nut Oats Vit-E,Baby Face Malai,7,7,8,2274.42
"Aug 3, 2026",EC-UE-FNC-020,Nykaa,Netraa Cream - UnderEye Vit-E Cream,Pure Netraa,5,5,5,1603.19
"Aug 3, 2026",FC-AC-NT-050,Flipkart,Active Neem TeaTree Gel,Active Gel,1,1,2,513
"Aug 3, 2026",BA-FM-MNO-075,Amazon,Baby Face Malai Multi-Nut Oats Vit-E,Baby Face Malai,1,1,1,300.3
"Aug 3, 2026",FC-CWDM-FW-030,Nykaa,Flax Walnut (Cold) 35+ Face Malai,Face Malai,3,3,3,934
"Aug 3, 2026",FC-HHDM-TV-050,D2C,Tomato Vetiver (Hot Humid) 20 - 35 Yrs Face Malai - 50g,Face Malai,5,5,5,1362.75
"Aug 3, 2026",FC-AC-BT-050,D2C,Active Beetroot Tomato Vit-A Gel,Active Gel,5,5,6,1696
"Aug 3, 2026",BA-FM-MNO-075,Myntra,Baby Face Malai Multi-Nut Oats Vit-E,Baby Face Malai,1,1,1,313
"Aug 3, 2026",EC-UE-PN-009,Nykaa,Netraa - Under Eye Roll On Serum,Pure Netraa,18,18,18,5554.63
"Aug 3, 2026",FC-HHDM-FC-030,Myntra,Flax Carrot (Hot Humid) 35+ Face Malai - 30g,Face Malai,1,1,1,348
"Aug 3, 2026",FC-DM-AA-030,D2C,Clove Tea-Tree (Anti-Acne) Face Malai,Face Malai,18,18,19,4343.61
"Aug 3, 2026",FC-AC-OK-050,Nykaa,Active Orange Kiwi Vit-C Gel,Active Gel,6,6,6,2345
"Aug 3, 2026",FC-DM-PG-030,Amazon,Turmeric Nutmeg (Pigmentation)  Face Malai - 30g,Face Malai,13,13,13,4354.35
"Aug 3, 2026",EC-UE-PN-009,Myntra,Netraa - Under Eye Roll On Serum,Pure Netraa,2,2,2,570
"Aug 3, 2026",FC-HHDM-GAT-030,Flipkart,GreenApple Tulsi (Hot Humid) 13 - 19 Yrs Face Malai,Face Malai,1,1,1,230
"Aug 3, 2026",FC-HHDM-TV-030,Flipkart,Tomato Vetiver (Hot Humid) 20 - 35 Yrs Face Malai,Face Malai,2,2,2,444.4
"Aug 3, 2026",FC-HDDM-PT-030,D2C,Pomegranate Tulsi (Hot Dry) 13 - 19 Yrs Face Malai,Face Malai,3,3,3,570
"Aug 3, 2026",FC-HDDM-FB-050,Flipkart,Flax Bakuchi (Hot Dry) 35+ Face Malai - 50g,Face Malai,1,1,2,332
"Aug 3, 2026",FC-HHDM-FC-030,D2C,Flax Carrot (Hot Humid) 35+ Face Malai - 30g,Face Malai,10,10,10,2118.83
"Aug 3, 2026",FC-DM-NR-030,Flipkart,Cocoa Mogra (Overnight) Face Malai - 30g,Face Malai,2,2,2,489
"Aug 3, 2026",FC-HHDM-FC-030,Cred,Flax Carrot (Hot Humid) 35+ Face Malai - 30g,Face Malai,1,1,1,199
"Aug 3, 2026",FC-DM-NR-030,Nykaa,Cocoa Mogra (Overnight) Face Malai - 30g,Face Malai,3,3,3,993.58
"Aug 3, 2026",FC-DM-DP-030,Nykaa,Honey Multi-Nut (Dry & Peeling Skin) Face Malai,Face Malai,2,2,2,517.29
"Aug 3, 2026",FC-AC-OK-050,Flipkart,Active Orange Kiwi Vit-C Gel,Active Gel,10,10,20,4949.5
"Aug 3, 2026",FC-AC-NT-050,Nykaa,Active Neem TeaTree Gel,Active Gel,2,2,2,758.81
"Aug 3, 2026",FC-DM-NR-030,Amazon,Cocoa Mogra (Overnight) Face Malai - 30g,Face Malai,4,4,4,1339.8
"Aug 3, 2026",FC-DM-PG-030,Nykaa,Turmeric Nutmeg (Pigmentation)  Face Malai - 30g,Face Malai,12,12,12,3983.93
"Aug 3, 2026",FC-HDDM-FB-030,D2C,Flax Bakuchi (Hot Dry) 35+ Face Malai - 30g,Face Malai,5,5,6,1397.68
"Aug 3, 2026",FC-DM-NR-030,Pop Club,Cocoa Mogra (Overnight) Face Malai - 30g,Face Malai,2,2,2,518
"Aug 3, 2026",FC-AC-NT-050,Meesho,Active Neem TeaTree Gel,Active Gel,2,2,2,729
"Aug 3, 2026",FC-HDDM-TR-050,D2C,Tomato Rosehip (Hot Dry) 20 - 35 Yrs Face Malai - 50g,Face Malai,6,6,14,1900.17
"Aug 3, 2026",FC-AC-OK-050,Myntra,Active Orange Kiwi Vit-C Gel,Active Gel,2,2,2,782
"Aug 3, 2026",FC-CWDM-FW-030,D2C,Flax Walnut (Cold) 35+ Face Malai,Face Malai,9,9,10,2274.44
"Aug 3, 2026",FC-DM-PG-050,D2C,Turmeric Nutmeg (Pigmentation)  Face Malai - 50g ,Face Malai,27,27,58,8490.77
"Aug 3, 2026",FC-DM-PG-030,Flipkart,Turmeric Nutmeg (Pigmentation)  Face Malai - 30g,Face Malai,3,3,6,1381.5
"Aug 3, 2026",EC-UE-PN-009,Cred,Netraa - Under Eye Roll On Serum,Pure Netraa,2,2,2,318
"Aug 3, 2026",FC-HHDM-FC-030,First Cry,Flax Carrot (Hot Humid) 35+ Face Malai - 30g,Face Malai,2,2,3,565.5
"Aug 3, 2026",FC-DM-PG-030,Pop Club,Turmeric Nutmeg (Pigmentation)  Face Malai - 30g,Face Malai,1,1,1,259
"Aug 3, 2026",FC-AC-OK-050,D2C,Active Orange Kiwi Vit-C Gel,Active Gel,64,64,68,19091.13
"Aug 3, 2026",EC-UE-PN-009,Flipkart,Netraa - Under Eye Roll On Serum,Pure Netraa,1,1,1,206.86
"Aug 3, 2026",FC-DM-DP-030,Myntra,Honey Multi-Nut (Dry & Peeling Skin) Face Malai,Face Malai,1,1,1,258
"Aug 3, 2026",FC-HHDM-TV-005,Amazon,Tomato Vetiver (Hot Humid) 20 - 35 Yrs Face Malai - 5g - Brand starter,Face Malai,1,1,1,66.67
"Aug 3, 2026",FC-AC-AC-050,D2C,Active Aloe Cactus Hydra Lift Gel,Active Gel,6,6,7,1847.4
"Aug 3, 2026",FC-DM-DP-030,D2C,Honey Multi-Nut (Dry & Peeling Skin) Face Malai,Face Malai,4,4,4,1045
"Aug 3, 2026",FC-CWDM-TP-030,D2C,Tomato Patchouli (Cold) 20 - 35 Yrs Face Malai,Face Malai,2,2,2,400.4
"Aug 3, 2026",FC-HHDM-TV-050,Amazon,Tomato Vetiver (Hot Humid) 20 - 35 Yrs Face Malai - 50g,Face Malai,3,3,3,1182.36
"Aug 3, 2026",EC-UE-PN-009,D2C,Netraa - Under Eye Roll On Serum,Pure Netraa,34,34,35,7783.82
"Aug 3, 2026",FC-DM-NR-030,D2C,Cocoa Mogra (Overnight) Face Malai - 30g,Face Malai,17,17,17,3931.37
"Aug 3, 2026",FC-AC-AC-050,Nykaa,Active Aloe Cactus Hydra Lift Gel,Active Gel,1,1,1,420
"Aug 3, 2026",FC-DM-DP-030,Amazon,Honey Multi-Nut (Dry & Peeling Skin) Face Malai,Face Malai,1,1,1,315
"Aug 3, 2026",FC-HDDM-TR-030,D2C,Tomato Rosehip (Hot Dry) 20 - 35 Yrs Face Malai - 30g,Face Malai,5,5,5,917.34
"Aug 3, 2026",FC-AC-OV-050,D2C,Active Olive Vit-E Night Gel,Active Gel,24,24,24,6801.64
"Aug 3, 2026",BA-FM-MNO-075,D2C,Baby Face Malai Multi-Nut Oats Vit-E,Baby Face Malai,14,14,15,3290.02
"Aug 3, 2026",FC-DM-PG-030,Cred,Turmeric Nutmeg (Pigmentation)  Face Malai - 30g,Face Malai,3,3,3,572.5
"Aug 3, 2026",FC-HHDM-TV-030,D2C,Tomato Vetiver (Hot Humid) 20 - 35 Yrs Face Malai,Face Malai,9,9,10,2084.13
"Aug 3, 2026",FC-HDDM-TR-030,Amazon,Tomato Rosehip (Hot Dry) 20 - 35 Yrs Face Malai - 30g,Face Malai,2,2,2,630
"Aug 3, 2026",EC-UE-FNC-020,Flipkart,Netraa Cream - UnderEye Vit-E Cream,Pure Netraa,9,9,9,2069
"Aug 3, 2026",FC-HHDM-TV-030,Nykaa,Tomato Vetiver (Hot Humid) 20 - 35 Yrs Face Malai,Face Malai,3,3,3,869.15
"Aug 3, 2026",FC-HHDM-TV-030,Pop Club,Tomato Vetiver (Hot Humid) 20 - 35 Yrs Face Malai,Face Malai,1,1,1,259
"Aug 3, 2026",FC-DM-PG-030,Myntra,Turmeric Nutmeg (Pigmentation)  Face Malai - 30g,Face Malai,1,1,1,313
"Aug 3, 2026",FC-HDDM-FB-030,Nykaa,Flax Bakuchi (Hot Dry) 35+ Face Malai - 30g,Face Malai,3,3,4,1252
"Aug 3, 2026",FC-DM-NR-050,D2C,Cocoa Mogra (Overnight) Face Malai - 50g ,Face Malai,11,11,22,3189.86
"Aug 3, 2026",FC-DM-NR-050,Flipkart,Cocoa Mogra (Overnight) Face Malai - 50g ,Face Malai,1,1,2,339.5
"Aug 3, 2026",FC-AC-NT-050,D2C,Active Neem TeaTree Gel,Active Gel,25,25,26,8124.17
"Aug 3, 2026",FC-DM-NR-030,Cred,Cocoa Mogra (Overnight) Face Malai - 30g,Face Malai,1,1,1,174.5
"Aug 3, 2026",FC-CWDM-BT-030,D2C,Winter Blackseed Tulsi (Cold) 13 - 19 Yrs Face Malai,Face Malai,2,2,2,504
"Aug 3, 2026",FC-HHDM-FC-050,D2C,Flax Carrot (Hot Humid) 35+ Face Malai - 50g,Face Malai,13,13,26,3789.99
"Aug 3, 2026",FC-HDDM-FB-050,D2C,Flax Bakuchi (Hot Dry) 35+ Face Malai - 50g,Face Malai,11,11,22,3300.49
"Aug 3, 2026",FC-HHDM-TV-050,Flipkart,Tomato Vetiver (Hot Humid) 20 - 35 Yrs Face Malai - 50g,Face Malai,1,1,1,324
"Aug 3, 2026",BA-FM-MNO-075,Nykaa,Baby Face Malai Multi-Nut Oats Vit-E,Baby Face Malai,4,4,4,1206.4
"Aug 3, 2026",FC-HDDM-TR-030,Myntra,Tomato Rosehip (Hot Dry) 20 - 35 Yrs Face Malai - 30g,Face Malai,3,3,3,959
"Aug 3, 2026",BC-BL-PM-250,Flipkart,Peach Milk Malai Lotion - 250ml,Face Malai,3,3,3,539.5
"Aug 3, 2026",EC-UE-FNC-020,D2C,Netraa Cream - UnderEye Vit-E Cream,Pure Netraa,24,24,25,5468.4
"Aug 3, 2026",EC-UE-FNC-020,Pop Club,Netraa Cream - UnderEye Vit-E Cream,Pure Netraa,3,3,3,657
"Aug 3, 2026",FC-DM-PG-030,D2C,Turmeric Nutmeg (Pigmentation)  Face Malai - 30g,Face Malai,22,22,22,5731.55
"Aug 3, 2026",FC-AC-OK-050,Cred,Active Orange Kiwi Vit-C Gel,Active Gel,4,4,4,748.22
"Aug 3, 2026",FC-DM-NR-030,Myntra,Cocoa Mogra (Overnight) Face Malai - 30g,Face Malai,2,2,2,661
"Aug 3, 2026",EC-UE-FNC-020,Myntra,Netraa Cream - UnderEye Vit-E Cream,Pure Netraa,2,2,2,645
"Aug 3, 2026",FC-HHDM-GAT-030,D2C,GreenApple Tulsi (Hot Humid) 13 - 19 Yrs Face Malai,Face Malai,3,3,4,930
"Aug 3, 2026",EC-UE-PN-009,First Cry,Netraa - Under Eye Roll On Serum,Pure Netraa,1,1,1,188
"Aug 4, 2026",FC-DM-AA-030,Flipkart,Clove Tea-Tree (Anti-Acne) Face Malai,Face Malai,1,1,1,230
"Aug 4, 2026",BA-FM-MNO-075,Amazon,Baby Face Malai Multi-Nut Oats Vit-E,Baby Face Malai,2,2,2,600.6
"Aug 4, 2026",FC-AC-OK-050,First Cry,Active Orange Kiwi Vit-C Gel,Active Gel,2,2,6,1130.4
"Aug 4, 2026",FC-DM-AA-030,Amazon,Clove Tea-Tree (Anti-Acne) Face Malai,Face Malai,2,2,2,609
"Aug 4, 2026",FC-DM-PG-030,Snapdeal,Turmeric Nutmeg (Pigmentation)  Face Malai - 30g,Face Malai,1,1,1,247
"Aug 4, 2026",FC-HDDM-TR-030,Myntra,Tomato Rosehip (Hot Dry) 20 - 35 Yrs Face Malai - 30g,Face Malai,1,1,1,295
"Aug 4, 2026",FC-DM-DP-030,D2C,Honey Multi-Nut (Dry & Peeling Skin) Face Malai,Face Malai,9,9,10,2396.9
"Aug 4, 2026",FC-DM-PG-030,Flipkart,Turmeric Nutmeg (Pigmentation)  Face Malai - 30g,Face Malai,15,15,19,3640.48
"Aug 4, 2026",FC-DM-PG-030,Myntra,Turmeric Nutmeg (Pigmentation)  Face Malai - 30g,Face Malai,2,2,2,696
"Aug 4, 2026",FC-AC-OK-050,Flipkart,Active Orange Kiwi Vit-C Gel,Active Gel,10,10,23,5814.01
"Aug 4, 2026",EC-UE-PN-009,Nykaa,Netraa - Under Eye Roll On Serum,Pure Netraa,10,10,10,3120
"Aug 4, 2026",FC-HDDM-TR-030,Cred,Tomato Rosehip (Hot Dry) 20 - 35 Yrs Face Malai - 30g,Face Malai,1,1,1,179
"Aug 4, 2026",FC-HHDM-FC-030,Tata Cliq,Flax Carrot (Hot Humid) 35+ Face Malai - 30g,Face Malai,1,1,1,364.67
"Aug 4, 2026",FC-HHDM-TV-050,D2C,Tomato Vetiver (Hot Humid) 20 - 35 Yrs Face Malai - 50g,Face Malai,4,4,4,965.8
"Aug 4, 2026",FC-HHDM-TV-005,Amazon,Tomato Vetiver (Hot Humid) 20 - 35 Yrs Face Malai - 5g - Brand starter,Face Malai,1,1,1,66.67
"Aug 4, 2026",FC-AC-NT-050,D2C,Active Neem TeaTree Gel,Active Gel,18,18,22,5809.77
"Aug 4, 2026",FC-CWDM-FW-030,D2C,Flax Walnut (Cold) 35+ Face Malai,Face Malai,11,11,11,2440.57
"Aug 4, 2026",FC-AC-OV-050,First Cry,Active Olive Vit-E Night Gel,Active Gel,1,1,1,188.4
"Aug 4, 2026",FC-AC-OK-050,Cred,Active Orange Kiwi Vit-C Gel,Active Gel,11,11,11,1486.06
"Aug 4, 2026",FC-HHDM-FC-050,Flipkart,Flax Carrot (Hot Humid) 35+ Face Malai - 50g,Face Malai,1,1,2,341
"Aug 4, 2026",FC-HHDM-TV-030,Myntra,Tomato Vetiver (Hot Humid) 20 - 35 Yrs Face Malai,Face Malai,2,2,2,656
"Aug 4, 2026",FC-DM-AA-030,Myntra,Clove Tea-Tree (Anti-Acne) Face Malai,Face Malai,1,1,1,316
"Aug 4, 2026",FC-AC-OK-050,Pop Club,Active Orange Kiwi Vit-C Gel,Active Gel,3,3,7,6723
"Aug 4, 2026",EC-UE-PN-009,First Cry,Netraa - Under Eye Roll On Serum,Pure Netraa,2,2,3,488.8
"Aug 4, 2026",FC-AC-BT-050,Nykaa,Active Beetroot Tomato Vit-A Gel,Active Gel,3,3,3,1143
"Aug 4, 2026",FC-DM-PG-030,Amazon,Turmeric Nutmeg (Pigmentation)  Face Malai - 30g,Face Malai,18,18,19,6364.05
"Aug 4, 2026",EC-UE-PN-009,D2C,Netraa - Under Eye Roll On Serum,Pure Netraa,41,41,44,10141.02
"Aug 4, 2026",FC-HHDM-TV-030,D2C,Tomato Vetiver (Hot Humid) 20 - 35 Yrs Face Malai,Face Malai,9,9,11,2410.26
"Aug 4, 2026",FC-DM-NR-030,Nykaa,Cocoa Mogra (Overnight) Face Malai - 30g,Face Malai,1,1,1,333
"Aug 4, 2026",FC-DM-AA-030,First Cry,Clove Tea-Tree (Anti-Acne) Face Malai,Face Malai,1,1,1,190
"Aug 4, 2026",EC-UE-FNC-020,Flipkart,Netraa Cream - UnderEye Vit-E Cream,Pure Netraa,5,5,5,1127
"Aug 4, 2026",FC-HDDM-PT-030,D2C,Pomegranate Tulsi (Hot Dry) 13 - 19 Yrs Face Malai,Face Malai,3,3,3,702
"Aug 4, 2026",FC-HHDM-TV-030,Flipkart,Tomato Vetiver (Hot Humid) 20 - 35 Yrs Face Malai,Face Malai,1,1,1,222.2
"Aug 4, 2026",FC-DM-PG-030,Cred,Turmeric Nutmeg (Pigmentation)  Face Malai - 30g,Face Malai,5,5,5,846
"Aug 4, 2026",BA-FM-MNO-075,D2C,Baby Face Malai Multi-Nut Oats Vit-E,Baby Face Malai,29,29,31,6670.53
"Aug 4, 2026",FC-DM-AA-030,D2C,Clove Tea-Tree (Anti-Acne) Face Malai,Face Malai,21,21,21,4768.29
"Aug 4, 2026",FC-CWDM-FW-030,Amazon,Flax Walnut (Cold) 35+ Face Malai,Face Malai,2,2,2,678.3
"Aug 4, 2026",FC-AC-OK-050,D2C,Active Orange Kiwi Vit-C Gel,Active Gel,82,81,86,23758.91
"Aug 4, 2026",FC-HHDM-FC-030,Amazon,Flax Carrot (Hot Humid) 35+ Face Malai - 30g,Face Malai,1,1,1,334.95
"Aug 4, 2026",FC-AC-AC-050,D2C,Active Aloe Cactus Hydra Lift Gel,Active Gel,8,7,8,2512.65
"Aug 4, 2026",EC-UE-FNC-020,First Cry,Netraa Cream - UnderEye Vit-E Cream,Pure Netraa,2,2,2,310.4
"Aug 4, 2026",FC-HHDM-FC-030,D2C,Flax Carrot (Hot Humid) 35+ Face Malai - 30g,Face Malai,9,9,9,2256.9
"Aug 4, 2026",FC-DM-PG-030,Nykaa,Turmeric Nutmeg (Pigmentation)  Face Malai - 30g,Face Malai,7,7,7,2313.69
"Aug 4, 2026",FC-HHDM-FC-030,Flipkart,Flax Carrot (Hot Humid) 35+ Face Malai - 30g,Face Malai,1,1,1,253.5
"Aug 4, 2026",FC-AC-OV-050,D2C,Active Olive Vit-E Night Gel,Active Gel,19,19,19,4857.97
"Aug 4, 2026",FC-CWDM-FW-030,Internal,Flax Walnut (Cold) 35+ Face Malai,Face Malai,1,1,1,254.31
"Aug 4, 2026",FC-DM-NR-030,Cred,Cocoa Mogra (Overnight) Face Malai - 30g,Face Malai,2,2,2,349
"Aug 4, 2026",FC-HHDM-TV-030,Nykaa,Tomato Vetiver (Hot Humid) 20 - 35 Yrs Face Malai,Face Malai,1,1,1,288.65
"Aug 4, 2026",FC-AC-BT-050,First Cry,Active Beetroot Tomato Vit-A Gel,Active Gel,1,1,1,183.6
"Aug 4, 2026",FC-DM-PG-030,Pop Club,Turmeric Nutmeg (Pigmentation)  Face Malai - 30g,Face Malai,1,1,1,259
"Aug 4, 2026",FC-AC-OV-050,Cred,Active Olive Vit-E Night Gel,Active Gel,1,1,1,239
"Aug 4, 2026",FC-DM-PG-050,D2C,Turmeric Nutmeg (Pigmentation)  Face Malai - 50g ,Face Malai,34,34,80,13034.52
"Aug 4, 2026",FC-HHDM-TV-030,Cred,Tomato Vetiver (Hot Humid) 20 - 35 Yrs Face Malai,Face Malai,1,1,1,179
"Aug 4, 2026",EC-UE-FNC-020,D2C,Netraa Cream - UnderEye Vit-E Cream,Pure Netraa,32,32,35,8378.56
"Aug 4, 2026",BA-FM-MNO-075,First Cry,Baby Face Malai Multi-Nut Oats Vit-E,Baby Face Malai,14,14,14,3603.03
"Aug 4, 2026",FC-HDDM-PT-030,First Cry,Pomegranate Tulsi (Hot Dry) 13 - 19 Yrs Face Malai,Face Malai,1,1,2,380
"Aug 4, 2026",FC-HDDM-FB-050,D2C,Flax Bakuchi (Hot Dry) 35+ Face Malai - 50g,Face Malai,11,11,24,3242.96
"Aug 4, 2026",FC-DM-NR-050,D2C,Cocoa Mogra (Overnight) Face Malai - 50g ,Face Malai,10,10,28,4237.27
"Aug 4, 2026",EC-UE-PN-009,Myntra,Netraa - Under Eye Roll On Serum,Pure Netraa,1,1,1,281
"Aug 4, 2026",FC-DM-NR-030,Myntra,Cocoa Mogra (Overnight) Face Malai - 30g,Face Malai,1,1,1,313
"Aug 4, 2026",FC-DM-PG-030,D2C,Turmeric Nutmeg (Pigmentation)  Face Malai - 30g,Face Malai,28,28,28,7559.07
"Aug 4, 2026",FC-HDDM-TR-030,Amazon,Tomato Rosehip (Hot Dry) 20 - 35 Yrs Face Malai - 30g,Face Malai,2,2,2,630
"Aug 4, 2026",FC-HDDM-TR-030,D2C,Tomato Rosehip (Hot Dry) 20 - 35 Yrs Face Malai - 30g,Face Malai,2,2,2,493.57
"Aug 4, 2026",FC-HHDM-GAT-030,D2C,GreenApple Tulsi (Hot Humid) 13 - 19 Yrs Face Malai,Face Malai,1,1,1,209
"Aug 4, 2026",FC-CWDM-FW-030,Myntra,Flax Walnut (Cold) 35+ Face Malai,Face Malai,1,1,1,352
"Aug 4, 2026",FC-DM-DP-030,Amazon,Honey Multi-Nut (Dry & Peeling Skin) Face Malai,Face Malai,5,5,5,1575
"Aug 4, 2026",FC-HHDM-FC-030,Cred,Flax Carrot (Hot Humid) 35+ Face Malai - 30g,Face Malai,1,1,1,199
"Aug 4, 2026",FC-AC-OK-050,Myntra,Active Orange Kiwi Vit-C Gel,Active Gel,1,1,1,391
"Aug 4, 2026",FC-AC-OK-050,Amazon,Active Orange Kiwi Vit-C Gel,Active Gel,1,1,1,376.95
"Aug 4, 2026",FC-DM-NR-030,Amazon,Cocoa Mogra (Overnight) Face Malai - 30g,Face Malai,2,2,2,669.9
"Aug 4, 2026",EC-UE-FNC-020,Myntra,Netraa Cream - UnderEye Vit-E Cream,Pure Netraa,3,3,3,969
"Aug 4, 2026",FC-AC-NT-050,Nykaa,Active Neem TeaTree Gel,Active Gel,1,1,1,381
"Aug 4, 2026",FC-HDDM-TR-050,D2C,Tomato Rosehip (Hot Dry) 20 - 35 Yrs Face Malai - 50g,Face Malai,9,9,20,2721.55
"Aug 4, 2026",FC-AC-OV-050,Myntra,Active Olive Vit-E Night Gel,Active Gel,1,1,1,391
"Aug 4, 2026",FC-HHDM-TV-030,Pop Club,Tomato Vetiver (Hot Humid) 20 - 35 Yrs Face Malai,Face Malai,1,1,1,259
"Aug 4, 2026",FC-DM-NR-030,D2C,Cocoa Mogra (Overnight) Face Malai - 30g,Face Malai,17,17,17,4143.03
"Aug 4, 2026",FC-DM-AA-030,Nykaa,Clove Tea-Tree (Anti-Acne) Face Malai,Face Malai,1,1,1,333
"Aug 4, 2026",FC-HDDM-FB-030,Amazon,Flax Bakuchi (Hot Dry) 35+ Face Malai - 30g,Face Malai,1,1,1,334.95
"Aug 4, 2026",FC-HHDM-FC-050,D2C,Flax Carrot (Hot Humid) 35+ Face Malai - 50g,Face Malai,17,17,36,5175.45
"Aug 4, 2026",FC-CWDM-BT-030,D2C,Winter Blackseed Tulsi (Cold) 13 - 19 Yrs Face Malai,Face Malai,2,2,3,563.8
"Aug 4, 2026",FC-HDDM-TR-030,Nykaa,Tomato Rosehip (Hot Dry) 20 - 35 Yrs Face Malai - 30g,Face Malai,1,1,1,302
"Aug 4, 2026",EC-UE-FNC-020,Pop Club,Netraa Cream - UnderEye Vit-E Cream,Pure Netraa,2,2,2,438
"Aug 4, 2026",EC-UE-PN-009,Cred,Netraa - Under Eye Roll On Serum,Pure Netraa,5,5,5,795
"Aug 4, 2026",BA-FM-MNO-075,Nykaa,Baby Face Malai Multi-Nut Oats Vit-E,Baby Face Malai,7,7,7,2164.57
"Aug 4, 2026",FC-AC-OK-050,Nykaa,Active Orange Kiwi Vit-C Gel,Active Gel,5,5,6,2327.08
"Aug 4, 2026",FC-AC-NT-050,Myntra,Active Neem TeaTree Gel,Active Gel,2,2,2,764
"Aug 4, 2026",FC-AC-OV-050,Nykaa,Active Olive Vit-E Night Gel,Active Gel,2,2,3,1173
"Aug 4, 2026",EC-UE-FNC-020,Nykaa,Netraa Cream - UnderEye Vit-E Cream,Pure Netraa,5,5,5,1283.6
"Aug 4, 2026",FC-DM-NR-030,First Cry,Cocoa Mogra (Overnight) Face Malai - 30g,Face Malai,1,1,1,188.55
"Aug 4, 2026",EC-UE-PN-009,Flipkart,Netraa - Under Eye Roll On Serum,Pure Netraa,2,2,2,407.72
"Aug 4, 2026",FC-CWDM-TP-030,D2C,Tomato Patchouli (Cold) 20 - 35 Yrs Face Malai,Face Malai,4,4,4,922.2
"Aug 4, 2026",FC-AC-BT-050,D2C,Active Beetroot Tomato Vit-A Gel,Active Gel,2,2,2,641.45
"Aug 4, 2026",FC-AC-OV-050,Flipkart,Active Olive Vit-E Night Gel,Active Gel,1,1,2,529
"Aug 4, 2026",FC-HHDM-FC-030,Myntra,Flax Carrot (Hot Humid) 35+ Face Malai - 30g,Face Malai,1,1,1,348
"Aug 4, 2026",FC-DM-NR-030,Pop Club,Cocoa Mogra (Overnight) Face Malai - 30g,Face Malai,1,1,1,259
"Aug 4, 2026",FC-HDDM-FB-030,D2C,Flax Bakuchi (Hot Dry) 35+ Face Malai - 30g,Face Malai,10,10,10,2274.58
"Aug 5, 2026",FC-DM-NR-030,First Cry,Cocoa Mogra (Overnight) Face Malai - 30g,Face Malai,4,3,4,850.15
"Aug 5, 2026",EC-UE-FNC-020,Pop Club,Netraa Cream - UnderEye Vit-E Cream,Pure Netraa,2,2,3,1095
"Aug 5, 2026",FC-DM-PG-030,Myntra,Turmeric Nutmeg (Pigmentation)  Face Malai - 30g,Face Malai,4,4,4,1324
"Aug 5, 2026",FC-HHDM-FC-050,D2C,Flax Carrot (Hot Humid) 35+ Face Malai - 50g,Face Malai,13,13,26,3282.47
"Aug 5, 2026",FC-HDDM-FB-050,D2C,Flax Bakuchi (Hot Dry) 35+ Face Malai - 50g,Face Malai,11,11,22,3449.49
"Aug 5, 2026",EC-UE-FNC-020,Flipkart Fulfilled,Netraa Cream - UnderEye Vit-E Cream,Pure Netraa,2,2,2,424
"Aug 5, 2026",FC-AC-NT-050,D2C,Active Neem TeaTree Gel,Active Gel,33,33,36,9320.21
"Aug 5, 2026",FC-HDDM-TR-030,Nykaa,Tomato Rosehip (Hot Dry) 20 - 35 Yrs Face Malai - 30g,Face Malai,1,1,1,300.6
"Aug 5, 2026",BA-FM-MNO-075,First Cry,Baby Face Malai Multi-Nut Oats Vit-E,Baby Face Malai,12,12,12,3145.56
"Aug 5, 2026",FC-CWDM-BT-030,D2C,Winter Blackseed Tulsi (Cold) 13 - 19 Yrs Face Malai,Face Malai,1,1,1,322
"Aug 5, 2026",EC-UE-PN-009,Myntra,Netraa - Under Eye Roll On Serum,Pure Netraa,4,4,4,1252
"Aug 5, 2026",FC-HDDM-FB-030,Nykaa,Flax Bakuchi (Hot Dry) 35+ Face Malai - 30g,Face Malai,1,1,1,309.17
"Aug 5, 2026",FC-CWDM-FW-030,Flipkart,Flax Walnut (Cold) 35+ Face Malai,Face Malai,1,1,1,260
"Aug 5, 2026",EC-UE-PN-009,Cred,Netraa - Under Eye Roll On Serum,Pure Netraa,4,4,4,636
"Aug 5, 2026",FC-HHDM-TV-030,Flipkart Fulfilled,Tomato Vetiver (Hot Humid) 20 - 35 Yrs Face Malai,Face Malai,2,2,2,433
"Aug 5, 2026",FC-HDDM-TR-030,Flipkart,Tomato Rosehip (Hot Dry) 20 - 35 Yrs Face Malai - 30g,Face Malai,1,1,1,225
"Aug 5, 2026",FC-HHDM-FC-030,Amazon,Flax Carrot (Hot Humid) 35+ Face Malai - 30g,Face Malai,2,2,2,669.9
"Aug 5, 2026",FC-AC-OV-050,First Cry,Active Olive Vit-E Night Gel,Active Gel,1,1,1,235.5
"Aug 5, 2026",FC-AC-OK-050,D2C,Active Orange Kiwi Vit-C Gel,Active Gel,80,80,92,25622.12
"Aug 5, 2026",FC-HDDM-TR-030,D2C,Tomato Rosehip (Hot Dry) 20 - 35 Yrs Face Malai - 30g,Face Malai,2,2,2,499.72
"Aug 5, 2026",EC-UE-PN-009,Flipkart,Netraa - Under Eye Roll On Serum,Pure Netraa,2,2,2,421.72
"Aug 5, 2026",FC-DM-DP-030,Nykaa,Honey Multi-Nut (Dry & Peeling Skin) Face Malai,Face Malai,2,2,2,623.13
"Aug 5, 2026",FC-DM-DP-030,Amazon,Honey Multi-Nut (Dry & Peeling Skin) Face Malai,Face Malai,3,3,3,945
"Aug 5, 2026",EC-UE-FNC-020,Nykaa,Netraa Cream - UnderEye Vit-E Cream,Pure Netraa,8,8,8,2534.42
"Aug 5, 2026",FC-HHDM-GAT-030,D2C,GreenApple Tulsi (Hot Humid) 13 - 19 Yrs Face Malai,Face Malai,9,9,10,2547.33
"Aug 5, 2026",FC-DM-NR-030,Cred,Cocoa Mogra (Overnight) Face Malai - 30g,Face Malai,1,1,1,199
"Aug 5, 2026",FC-AC-OK-050,Pop Club,Active Orange Kiwi Vit-C Gel,Active Gel,1,1,1,249
"Aug 5, 2026",FC-DM-PG-030,Nykaa,Turmeric Nutmeg (Pigmentation)  Face Malai - 30g,Face Malai,4,4,4,1326.68
"Aug 5, 2026",FC-HHDM-TV-050,Nykaa,Tomato Vetiver (Hot Humid) 20 - 35 Yrs Face Malai - 50g,Face Malai,1,1,1,439
"Aug 5, 2026",FC-AC-NT-050,Nykaa,Active Neem TeaTree Gel,Active Gel,1,1,1,381
"Aug 5, 2026",FC-DM-NR-030,D2C,Cocoa Mogra (Overnight) Face Malai - 30g,Face Malai,37,36,39,9501.4
"Aug 5, 2026",EC-UE-PN-009,D2C,Netraa - Under Eye Roll On Serum,Pure Netraa,43,43,43,9212.65
"Aug 5, 2026",FC-DM-PG-030,Flipkart,Turmeric Nutmeg (Pigmentation)  Face Malai - 30g,Face Malai,7,7,7,1134.72
"Aug 5, 2026",FC-DM-PG-030,Snapdeal,Turmeric Nutmeg (Pigmentation)  Face Malai - 30g,Face Malai,1,1,1,247
"Aug 5, 2026",FC-HHDM-TV-030,Nykaa,Tomato Vetiver (Hot Humid) 20 - 35 Yrs Face Malai,Face Malai,2,2,2,603.05
"Aug 5, 2026",BA-FM-MNO-075,Myntra,Baby Face Malai Multi-Nut Oats Vit-E,Baby Face Malai,1,1,1,313
"Aug 5, 2026",FC-HDDM-TR-030,Amazon,Tomato Rosehip (Hot Dry) 20 - 35 Yrs Face Malai - 30g,Face Malai,3,3,3,945
"Aug 5, 2026",FC-HDDM-TR-050,D2C,Tomato Rosehip (Hot Dry) 20 - 35 Yrs Face Malai - 50g,Face Malai,10,10,22,2772.75
"Aug 5, 2026",FC-CWDM-TP-030,D2C,Tomato Patchouli (Cold) 20 - 35 Yrs Face Malai,Face Malai,6,6,6,1138.08
"Aug 5, 2026",FC-HDDM-FB-030,First Cry,Flax Bakuchi (Hot Dry) 35+ Face Malai - 30g,Face Malai,2,2,2,377
"Aug 5, 2026",BA-FM-MNO-075,Nykaa,Baby Face Malai Multi-Nut Oats Vit-E,Baby Face Malai,1,1,1,312
"Aug 5, 2026",FC-AC-OK-050,Nykaa,Active Orange Kiwi Vit-C Gel,Active Gel,3,3,3,1159.25
"Aug 5, 2026",FC-AC-OV-050,Nykaa,Active Olive Vit-E Night Gel,Active Gel,1,1,1,391
"Aug 5, 2026",FC-CWDM-FW-030,Amazon,Flax Walnut (Cold) 35+ Face Malai,Face Malai,1,1,1,339.15
"Aug 5, 2026",FC-AC-NT-050,Amazon,Active Neem TeaTree Gel,Active Gel,1,1,1,367.5
"Aug 5, 2026",FC-HDDM-FB-030,Amazon,Flax Bakuchi (Hot Dry) 35+ Face Malai - 30g,Face Malai,2,2,2,669.9
"Aug 5, 2026",FC-CWDM-TP-030,Nykaa,Tomato Patchouli (Cold) 20 - 35 Yrs Face Malai,Face Malai,1,1,3,906
"Aug 5, 2026",FC-DM-AA-030,Flipkart Fulfilled,Clove Tea-Tree (Anti-Acne) Face Malai,Face Malai,1,1,1,198
"Aug 5, 2026",FC-HHDM-TV-030,Amazon,Tomato Vetiver (Hot Humid) 20 - 35 Yrs Face Malai,Face Malai,2,2,2,630
"Aug 5, 2026",FC-CWDM-FW-030,D2C,Flax Walnut (Cold) 35+ Face Malai,Face Malai,16,15,16,3754.99
"Aug 5, 2026",FC-HHDM-TV-030,Myntra,Tomato Vetiver (Hot Humid) 20 - 35 Yrs Face Malai,Face Malai,3,3,3,984
"Aug 5, 2026",FC-HHDM-FC-050,Flipkart,Flax Carrot (Hot Humid) 35+ Face Malai - 50g,Face Malai,1,1,2,354
"Aug 5, 2026",FC-AC-OK-050,Myntra,Active Orange Kiwi Vit-C Gel,Active Gel,2,2,2,782
"Aug 5, 2026",FC-HDDM-TR-050,Flipkart Fulfilled,Tomato Rosehip (Hot Dry) 20 - 35 Yrs Face Malai - 50g,Face Malai,1,1,2,277
"Aug 5, 2026",FC-CWDM-TP-030,Flipkart,Tomato Patchouli (Cold) 20 - 35 Yrs Face Malai,Face Malai,1,1,1,247
"Aug 5, 2026",FC-DM-PG-030,Cred,Turmeric Nutmeg (Pigmentation)  Face Malai - 30g,Face Malai,36,36,36,5364
"Aug 5, 2026",EC-UE-FNC-020,Flipkart,Netraa Cream - UnderEye Vit-E Cream,Pure Netraa,1,1,1,230.5
"Aug 5, 2026",FC-DM-NR-030,Flipkart,Cocoa Mogra (Overnight) Face Malai - 30g,Face Malai,1,1,1,256
"Aug 5, 2026",FC-DM-NR-050,D2C,Cocoa Mogra (Overnight) Face Malai - 50g ,Face Malai,9,9,18,2901.79
"Aug 5, 2026",FC-DM-NR-030,Nykaa,Cocoa Mogra (Overnight) Face Malai - 30g,Face Malai,1,1,1,333
"Aug 5, 2026",FC-AC-AC-050,D2C,Active Aloe Cactus Hydra Lift Gel,Active Gel,7,7,8,2190.1
"Aug 5, 2026",FC-CWDM-FW-030,Nykaa,Flax Walnut (Cold) 35+ Face Malai,Face Malai,2,2,2,622.54
"Aug 5, 2026",BA-FM-MNO-075,Meesho,Baby Face Malai Multi-Nut Oats Vit-E,Baby Face Malai,1,1,1,302
"Aug 5, 2026",FC-AC-BT-050,D2C,Active Beetroot Tomato Vit-A Gel,Active Gel,8,8,8,2488.75
"Aug 5, 2026",FC-HHDM-TV-005,Amazon,Tomato Vetiver (Hot Humid) 20 - 35 Yrs Face Malai - 5g - Brand starter,Face Malai,1,1,1,66.67
"Aug 5, 2026",FC-AC-OK-050,First Cry,Active Orange Kiwi Vit-C Gel,Active Gel,1,1,1,296.73
"Aug 5, 2026",FC-HHDM-TV-030,Flipkart,Tomato Vetiver (Hot Humid) 20 - 35 Yrs Face Malai,Face Malai,1,1,1,226.2
"Aug 5, 2026",FC-HDDM-PT-030,D2C,Pomegranate Tulsi (Hot Dry) 13 - 19 Yrs Face Malai,Face Malai,7,7,8,2036
"Aug 5, 2026",FC-DM-PG-030,D2C,Turmeric Nutmeg (Pigmentation)  Face Malai - 30g,Face Malai,30,30,31,7222.47
"Aug 5, 2026",EC-UE-PN-009,Nykaa,Netraa - Under Eye Roll On Serum,Pure Netraa,8,8,8,2482.17
"Aug 5, 2026",FC-HHDM-FC-030,First Cry,Flax Carrot (Hot Humid) 35+ Face Malai - 30g,Face Malai,2,2,2,339.3
"Aug 5, 2026",FC-DM-NR-050,Flipkart,Cocoa Mogra (Overnight) Face Malai - 50g ,Face Malai,1,1,2,365.5
"Aug 5, 2026",FC-AC-OK-050,Cred,Active Orange Kiwi Vit-C Gel,Active Gel,5,5,5,675.4
"Aug 5, 2026",FC-DM-AA-030,D2C,Clove Tea-Tree (Anti-Acne) Face Malai,Face Malai,20,20,21,5077.54
"Aug 5, 2026",EC-UE-FNC-020,Myntra,Netraa Cream - UnderEye Vit-E Cream,Pure Netraa,3,3,3,969
"Aug 5, 2026",FC-AC-OV-050,D2C,Active Olive Vit-E Night Gel,Active Gel,27,27,27,7271.48
"Aug 5, 2026",FC-DM-PG-050,D2C,Turmeric Nutmeg (Pigmentation)  Face Malai - 50g ,Face Malai,38,38,84,13309.16
"Aug 5, 2026",FC-HDDM-FB-030,Myntra,Flax Bakuchi (Hot Dry) 35+ Face Malai - 30g,Face Malai,1,1,1,348
"Aug 5, 2026",FC-DM-AA-030,Myntra,Clove Tea-Tree (Anti-Acne) Face Malai,Face Malai,1,1,3,948
"Aug 5, 2026",FC-HHDM-TV-050,D2C,Tomato Vetiver (Hot Humid) 20 - 35 Yrs Face Malai - 50g,Face Malai,6,6,6,1494.45
"Aug 5, 2026",EC-UE-PN-009,First Cry,Netraa - Under Eye Roll On Serum,Pure Netraa,1,1,1,150.4
"Aug 5, 2026",BA-FM-MNO-075,Flipkart Fulfilled,Baby Face Malai Multi-Nut Oats Vit-E,Baby Face Malai,3,3,3,588
"Aug 5, 2026",FC-DM-PG-030,Flipkart Fulfilled,Turmeric Nutmeg (Pigmentation)  Face Malai - 30g,Face Malai,1,1,1,236
"Aug 5, 2026",FC-DM-DP-030,D2C,Honey Multi-Nut (Dry & Peeling Skin) Face Malai,Face Malai,5,5,5,1488.79
"Aug 5, 2026",FC-AC-BT-050,Nykaa,Active Beetroot Tomato Vit-A Gel,Active Gel,3,3,3,1134.04
"Aug 5, 2026",FC-AC-OK-050,Flipkart,Active Orange Kiwi Vit-C Gel,Active Gel,10,10,19,5006.5
"Aug 5, 2026",FC-HHDM-FC-030,D2C,Flax Carrot (Hot Humid) 35+ Face Malai - 30g,Face Malai,18,18,20,4378.8
"Aug 5, 2026",FC-AC-OK-050,Amazon,Active Orange Kiwi Vit-C Gel,Active Gel,1,1,1,376.95
"Aug 5, 2026",BA-FM-MNO-075,D2C,Baby Face Malai Multi-Nut Oats Vit-E,Baby Face Malai,25,25,27,5924.46
"Aug 5, 2026",FC-HDDM-FB-030,D2C,Flax Bakuchi (Hot Dry) 35+ Face Malai - 30g,Face Malai,8,8,9,2206.71
"Aug 5, 2026",FC-DM-NR-030,Pop Club,Cocoa Mogra (Overnight) Face Malai - 30g,Face Malai,2,2,2,518
"Aug 5, 2026",FC-DM-PG-030,Amazon,Turmeric Nutmeg (Pigmentation)  Face Malai - 30g,Face Malai,20,20,21,7033.95
"Aug 5, 2026",FC-HHDM-TV-030,D2C,Tomato Vetiver (Hot Humid) 20 - 35 Yrs Face Malai,Face Malai,24,23,29,6387.99
"Aug 5, 2026",FC-DM-AA-030,Amazon,Clove Tea-Tree (Anti-Acne) Face Malai,Face Malai,2,2,2,609
"Aug 5, 2026",EC-UE-FNC-020,D2C,Netraa Cream - UnderEye Vit-E Cream,Pure Netraa,39,39,41,9282.81
"Aug 6, 2026",EC-UE-FNC-020,Pop Club,Netraa Cream - UnderEye Vit-E Cream,Pure Netraa,8,8,12,7008
"Aug 6, 2026",FC-HDDM-PT-030,Nykaa,Pomegranate Tulsi (Hot Dry) 13 - 19 Yrs Face Malai,Face Malai,1,1,1,304.65
"Aug 6, 2026",EC-UE-PN-009,First Cry,Netraa - Under Eye Roll On Serum,Pure Netraa,1,1,1,188
"Aug 6, 2026",FC-DM-DP-030,D2C,Honey Multi-Nut (Dry & Peeling Skin) Face Malai,Face Malai,4,4,7,1968.34
"Aug 6, 2026",FC-AC-NT-050,D2C,Active Neem TeaTree Gel,Active Gel,6,6,6,2040.64
"Aug 6, 2026",FC-CWDM-BT-030,D2C,Winter Blackseed Tulsi (Cold) 13 - 19 Yrs Face Malai,Face Malai,1,1,1,322
"Aug 6, 2026",FC-HDDM-TR-030,First Cry,Tomato Rosehip (Hot Dry) 20 - 35 Yrs Face Malai - 30g,Face Malai,1,1,1,182
"Aug 6, 2026",FC-DM-AA-030,D2C,Clove Tea-Tree (Anti-Acne) Face Malai,Face Malai,13,13,13,4043.85
"Aug 6, 2026",EC-UE-FNC-020,Myntra,Netraa Cream - UnderEye Vit-E Cream,Pure Netraa,4,4,4,1292
"Aug 6, 2026",FC-AC-AC-050,D2C,Active Aloe Cactus Hydra Lift Gel,Active Gel,2,2,2,657.8
"Aug 6, 2026",EC-UE-FNC-020,Flipkart,Netraa Cream - UnderEye Vit-E Cream,Pure Netraa,2,2,2,442
"Aug 6, 2026",FC-HHDM-TV-050,Nykaa,Tomato Vetiver (Hot Humid) 20 - 35 Yrs Face Malai - 50g,Face Malai,1,1,1,424.57
"Aug 6, 2026",FC-DM-NR-030,Cred,Cocoa Mogra (Overnight) Face Malai - 30g,Face Malai,2,2,2,373.5
"Aug 6, 2026",FC-DM-NR-030,Nykaa,Cocoa Mogra (Overnight) Face Malai - 30g,Face Malai,2,2,3,997.94
"Aug 6, 2026",FC-HHDM-GAT-030,D2C,GreenApple Tulsi (Hot Humid) 13 - 19 Yrs Face Malai,Face Malai,1,1,1,259.5
"Aug 6, 2026",FC-HHDM-FC-030,D2C,Flax Carrot (Hot Humid) 35+ Face Malai - 30g,Face Malai,8,8,8,2241.69
"Aug 6, 2026",FC-DM-DP-030,Amazon,Honey Multi-Nut (Dry & Peeling Skin) Face Malai,Face Malai,1,1,1,315
"Aug 6, 2026",FC-CWDM-FW-030,D2C,Flax Walnut (Cold) 35+ Face Malai,Face Malai,8,8,8,2358.19
"Aug 6, 2026",FC-HHDM-TV-030,D2C,Tomato Vetiver (Hot Humid) 20 - 35 Yrs Face Malai,Face Malai,12,12,13,2943.33
"Aug 6, 2026",FC-HHDM-FC-030,Myntra,Flax Carrot (Hot Humid) 35+ Face Malai - 30g,Face Malai,1,1,1,348
"Aug 6, 2026",EC-UE-PN-009,Flipkart,Netraa - Under Eye Roll On Serum,Pure Netraa,2,2,2,419.72
"Aug 6, 2026",EC-UE-FNC-020,Nykaa,Netraa Cream - UnderEye Vit-E Cream,Pure Netraa,2,2,2,624.17
"Aug 6, 2026",FC-HHDM-TV-050,Amazon,Tomato Vetiver (Hot Humid) 20 - 35 Yrs Face Malai - 50g,Face Malai,1,1,1,394.12
"Aug 6, 2026",FC-DM-PG-050,Flipkart,Turmeric Nutmeg (Pigmentation)  Face Malai - 50g ,Face Malai,1,1,2,326
"Aug 6, 2026",FC-DM-PG-030,Nykaa,Turmeric Nutmeg (Pigmentation)  Face Malai - 30g,Face Malai,3,3,3,999
"Aug 6, 2026",FC-AC-OK-050,Nykaa,Active Orange Kiwi Vit-C Gel,Active Gel,4,4,4,1543.77
"Aug 6, 2026",FC-AC-NT-050,Nykaa,Active Neem TeaTree Gel,Active Gel,1,1,1,381
"Aug 6, 2026",FC-HHDM-TV-030,Nykaa,Tomato Vetiver (Hot Humid) 20 - 35 Yrs Face Malai,Face Malai,2,2,2,603.69
"Aug 6, 2026",BA-FM-MNO-075,Nykaa,Baby Face Malai Multi-Nut Oats Vit-E,Baby Face Malai,2,2,3,936
"Aug 6, 2026",FC-HHDM-FC-030,First Cry,Flax Carrot (Hot Humid) 35+ Face Malai - 30g,Face Malai,1,1,1,188.5
"Aug 6, 2026",FC-DM-PG-030,Flipkart,Turmeric Nutmeg (Pigmentation)  Face Malai - 30g,Face Malai,8,8,8,1562.44
"Aug 6, 2026",FC-AC-BT-050,D2C,Active Beetroot Tomato Vit-A Gel,Active Gel,8,8,10,2891.68
"Aug 6, 2026",EC-UE-PN-009,Myntra,Netraa - Under Eye Roll On Serum,Pure Netraa,1,1,1,313
"Aug 6, 2026",FC-AC-OK-050,Pop Club,Active Orange Kiwi Vit-C Gel,Active Gel,3,3,3,747
"Aug 6, 2026",FC-AC-OK-050,Meesho,Active Orange Kiwi Vit-C Gel,Active Gel,1,1,1,375
"Aug 6, 2026",FC-HDDM-TR-050,D2C,Tomato Rosehip (Hot Dry) 20 - 35 Yrs Face Malai - 50g,Face Malai,6,6,14,1921.8
"Aug 6, 2026",BA-FM-MNO-075,Myntra,Baby Face Malai Multi-Nut Oats Vit-E,Baby Face Malai,1,1,1,313
"Aug 6, 2026",FC-DM-DP-030,Myntra,Honey Multi-Nut (Dry & Peeling Skin) Face Malai,Face Malai,1,1,1,328
"Aug 6, 2026",FC-AC-BT-050,Nykaa,Active Beetroot Tomato Vit-A Gel,Active Gel,2,2,2,759.28
"Aug 6, 2026",EC-UE-PN-009,D2C,Netraa - Under Eye Roll On Serum,Pure Netraa,19,19,20,4603.23
"Aug 6, 2026",FC-DM-NR-050,Flipkart,Cocoa Mogra (Overnight) Face Malai - 50g ,Face Malai,1,1,2,365.5
"Aug 6, 2026",FC-CWDM-TP-030,D2C,Tomato Patchouli (Cold) 20 - 35 Yrs Face Malai,Face Malai,2,2,2,494.45
"Aug 6, 2026",FC-DM-PG-030,Pop Club,Turmeric Nutmeg (Pigmentation)  Face Malai - 30g,Face Malai,2,2,3,1295
"Aug 6, 2026",FC-DM-NR-030,First Cry,Cocoa Mogra (Overnight) Face Malai - 30g,Face Malai,2,2,2,514.95
"Aug 6, 2026",FC-HDDM-FB-030,Myntra,Flax Bakuchi (Hot Dry) 35+ Face Malai - 30g,Face Malai,1,1,1,348
"Aug 6, 2026",FC-DM-NR-030,Pop Club,Cocoa Mogra (Overnight) Face Malai - 30g,Face Malai,1,1,2,1036
"Aug 6, 2026",FC-HDDM-FB-030,D2C,Flax Bakuchi (Hot Dry) 35+ Face Malai - 30g,Face Malai,5,5,5,1472.42
"Aug 6, 2026",FC-DM-NR-030,Amazon,Cocoa Mogra (Overnight) Face Malai - 30g,Face Malai,7,7,7,2344.65
"Aug 6, 2026",FC-AC-OV-050,D2C,Active Olive Vit-E Night Gel,Active Gel,12,12,13,4266.54
"Aug 6, 2026",FC-HHDM-FC-050,Flipkart,Flax Carrot (Hot Humid) 35+ Face Malai - 50g,Face Malai,1,1,2,335
"Aug 6, 2026",FC-DM-AA-030,Amazon,Clove Tea-Tree (Anti-Acne) Face Malai,Face Malai,3,3,4,1218
"Aug 6, 2026",BC-BL-PM-250,Flipkart,Peach Milk Malai Lotion - 250ml,Face Malai,7,7,7,1188.5
"Aug 6, 2026",EC-UE-FNC-020,D2C,Netraa Cream - UnderEye Vit-E Cream,Pure Netraa,16,16,19,4438.18
"Aug 6, 2026",BA-FM-MNO-075,D2C,Baby Face Malai Multi-Nut Oats Vit-E,Baby Face Malai,13,13,16,4121.81
"Aug 6, 2026",FC-HHDM-TV-005,Amazon,Tomato Vetiver (Hot Humid) 20 - 35 Yrs Face Malai - 5g - Brand starter,Face Malai,1,1,1,66.67
"Aug 6, 2026",BA-FM-MNO-075,Flipkart,Baby Face Malai Multi-Nut Oats Vit-E,Baby Face Malai,2,2,2,366.84
"Aug 6, 2026",EC-UE-PN-009,Nykaa,Netraa - Under Eye Roll On Serum,Pure Netraa,9,9,9,2789.53
"Aug 6, 2026",FC-HHDM-FC-030,Amazon,Flax Carrot (Hot Humid) 35+ Face Malai - 30g,Face Malai,1,1,1,334.95
"Aug 6, 2026",FC-DM-NR-030,D2C,Cocoa Mogra (Overnight) Face Malai - 30g,Face Malai,10,10,10,3098.39
"Aug 6, 2026",FC-DM-PG-030,Amazon,Turmeric Nutmeg (Pigmentation)  Face Malai - 30g,Face Malai,19,19,19,6364.05
"Aug 6, 2026",FC-AC-OK-050,Flipkart,Active Orange Kiwi Vit-C Gel,Active Gel,7,7,14,3671
"Aug 6, 2026",FC-HDDM-TR-030,Myntra,Tomato Rosehip (Hot Dry) 20 - 35 Yrs Face Malai - 30g,Face Malai,1,1,1,328
"Aug 6, 2026",FC-DM-AA-030,Nykaa,Clove Tea-Tree (Anti-Acne) Face Malai,Face Malai,2,2,2,666
"Aug 6, 2026",FC-DM-NR-030,Myntra,Cocoa Mogra (Overnight) Face Malai - 30g,Face Malai,1,1,1,348
"Aug 6, 2026",FC-HHDM-TV-050,Flipkart,Tomato Vetiver (Hot Humid) 20 - 35 Yrs Face Malai - 50g,Face Malai,1,1,1,282
"Aug 6, 2026",FC-DM-PG-030,D2C,Turmeric Nutmeg (Pigmentation)  Face Malai - 30g,Face Malai,9,9,9,2743.5
"Aug 6, 2026",FC-AC-OV-050,Flipkart,Active Olive Vit-E Night Gel,Active Gel,1,1,1,279
"Aug 6, 2026",FC-DM-PG-030,Flipkart Fulfilled,Turmeric Nutmeg (Pigmentation)  Face Malai - 30g,Face Malai,2,2,2,448
"Aug 6, 2026",FC-HDDM-FB-030,First Cry,Flax Bakuchi (Hot Dry) 35+ Face Malai - 30g,Face Malai,1,1,1,150.8
"Aug 6, 2026",FC-HDDM-FB-050,D2C,Flax Bakuchi (Hot Dry) 35+ Face Malai - 50g,Face Malai,8,8,16,2652
"Aug 6, 2026",FC-HHDM-FC-050,D2C,Flax Carrot (Hot Humid) 35+ Face Malai - 50g,Face Malai,8,8,16,2842.05
"Aug 6, 2026",FC-DM-PG-030,Myntra,Turmeric Nutmeg (Pigmentation)  Face Malai - 30g,Face Malai,2,2,2,696
"Aug 6, 2026",FC-HHDM-TV-050,D2C,Tomato Vetiver (Hot Humid) 20 - 35 Yrs Face Malai - 50g,Face Malai,2,2,2,616.45
"Aug 6, 2026",FC-DM-AA-030,Flipkart,Clove Tea-Tree (Anti-Acne) Face Malai,Face Malai,1,1,1,224
"Aug 6, 2026",FC-HDDM-FB-030,Nykaa,Flax Bakuchi (Hot Dry) 35+ Face Malai - 30g,Face Malai,2,2,2,623.58
"Aug 6, 2026",FC-DM-DP-030,First Cry,Honey Multi-Nut (Dry & Peeling Skin) Face Malai,Face Malai,1,1,1,197
"Aug 6, 2026",FC-HDDM-TR-030,Amazon,Tomato Rosehip (Hot Dry) 20 - 35 Yrs Face Malai - 30g,Face Malai,2,2,2,630
"Aug 6, 2026",FC-AC-OK-050,D2C,Active Orange Kiwi Vit-C Gel,Active Gel,30,30,32,10162.2
"Aug 6, 2026",FC-DM-PG-050,D2C,Turmeric Nutmeg (Pigmentation)  Face Malai - 50g ,Face Malai,14,14,34,6996.1
"Aug 6, 2026",FC-CWDM-FW-030,Amazon,Flax Walnut (Cold) 35+ Face Malai,Face Malai,2,2,2,678.3
"Aug 6, 2026",FC-DM-AA-030,Jio Mart,Clove Tea-Tree (Anti-Acne) Face Malai,Face Malai,1,1,1,272
"Aug 6, 2026",BA-FM-MNO-075,First Cry,Baby Face Malai Multi-Nut Oats Vit-E,Baby Face Malai,10,10,10,2807.06
"Aug 6, 2026",FC-HHDM-FC-030,Nykaa,Flax Carrot (Hot Humid) 35+ Face Malai - 30g,Face Malai,1,1,1,313
"Aug 6, 2026",FC-HHDM-TV-030,Amazon,Tomato Vetiver (Hot Humid) 20 - 35 Yrs Face Malai,Face Malai,3,3,3,945
"Aug 6, 2026",FC-DM-DP-030,Nykaa,Honey Multi-Nut (Dry & Peeling Skin) Face Malai,Face Malai,1,1,1,313
"Aug 6, 2026",FC-AC-OK-050,First Cry,Active Orange Kiwi Vit-C Gel,Active Gel,1,1,1,235.5
"Aug 6, 2026",FC-DM-NR-030,Flipkart,Cocoa Mogra (Overnight) Face Malai - 30g,Face Malai,1,1,1,256
"Aug 6, 2026",FC-DM-PG-030,Cred,Turmeric Nutmeg (Pigmentation)  Face Malai - 30g,Face Malai,4,4,4,621.5
"Aug 6, 2026",FC-HDDM-PT-030,D2C,Pomegranate Tulsi (Hot Dry) 13 - 19 Yrs Face Malai,Face Malai,1,1,1,209
"Aug 6, 2026",FC-AC-OK-050,Cred,Active Orange Kiwi Vit-C Gel,Active Gel,6,6,6,1018.44
"Aug 6, 2026",FC-DM-NR-050,D2C,Cocoa Mogra (Overnight) Face Malai - 50g ,Face Malai,4,4,8,1691.8
"Aug 7, 2026",FC-HHDM-TV-050,Amazon,Tomato Vetiver (Hot Humid) 20 - 35 Yrs Face Malai - 50g,Face Malai,1,1,1,394.12
"Aug 7, 2026",FC-AC-BT-050,D2C,Active Beetroot Tomato Vit-A Gel,Active Gel,3,3,3,924.08
"Aug 7, 2026",FC-AC-AC-050,D2C,Active Aloe Cactus Hydra Lift Gel,Active Gel,3,3,3,1151.27
"Aug 7, 2026",FC-HHDM-FC-030,Amazon,Flax Carrot (Hot Humid) 35+ Face Malai - 30g,Face Malai,4,4,5,1674.75
"Aug 7, 2026",FC-DM-PG-030,Myntra,Turmeric Nutmeg (Pigmentation)  Face Malai - 30g,Face Malai,2,2,2,696
"Aug 7, 2026",FC-DM-NR-030,D2C,Cocoa Mogra (Overnight) Face Malai - 30g,Face Malai,6,6,6,1904.87
"Aug 7, 2026",FC-DM-DP-030,Myntra,Honey Multi-Nut (Dry & Peeling Skin) Face Malai,Face Malai,1,1,1,328
"Aug 7, 2026",BA-FM-MNO-075,Meesho,Baby Face Malai Multi-Nut Oats Vit-E,Baby Face Malai,1,1,1,302
"Aug 7, 2026",FC-HHDM-FC-030,First Cry,Flax Carrot (Hot Humid) 35+ Face Malai - 30g,Face Malai,1,1,1,312.91
"Aug 7, 2026",FC-AC-OK-050,Flipkart,Active Orange Kiwi Vit-C Gel,Active Gel,7,6,12,3198.5
"Aug 7, 2026",FC-AC-NT-050,Nykaa,Active Neem TeaTree Gel,Active Gel,1,1,1,381
"Aug 7, 2026",FC-HHDM-GAT-030,Myntra,GreenApple Tulsi (Hot Humid) 13 - 19 Yrs Face Malai,Face Malai,1,1,1,316
"Aug 7, 2026",FC-HHDM-FC-030,Nykaa,Flax Carrot (Hot Humid) 35+ Face Malai - 30g,Face Malai,1,1,1,311.35
"Aug 7, 2026",BA-FM-MNO-075,First Cry,Baby Face Malai Multi-Nut Oats Vit-E,Baby Face Malai,4,4,4,909.15
"Aug 7, 2026",FC-DM-PG-030,Nykaa,Turmeric Nutmeg (Pigmentation)  Face Malai - 30g,Face Malai,5,5,6,1985.9
"Aug 7, 2026",FC-HHDM-TV-030,D2C,Tomato Vetiver (Hot Humid) 20 - 35 Yrs Face Malai,Face Malai,4,4,5,1079.92
"Aug 7, 2026",FC-DM-PG-030,Amazon,Turmeric Nutmeg (Pigmentation)  Face Malai - 30g,Face Malai,21,21,21,7033.95
"Aug 7, 2026",FC-AC-OK-050,Nykaa,Active Orange Kiwi Vit-C Gel,Active Gel,3,3,3,1160.41
"Aug 7, 2026",FC-CWDM-BT-030,Myntra,Winter Blackseed Tulsi (Cold) 13 - 19 Yrs Face Malai,Face Malai,1,1,1,322
"Aug 7, 2026",FC-AC-OV-050,Nykaa,Active Olive Vit-E Night Gel,Active Gel,3,3,3,1147.13
"Aug 7, 2026",FC-HDDM-TR-030,D2C,Tomato Rosehip (Hot Dry) 20 - 35 Yrs Face Malai - 30g,Face Malai,1,1,1,236.6
"Aug 7, 2026",FC-DM-DP-030,Amazon,Honey Multi-Nut (Dry & Peeling Skin) Face Malai,Face Malai,2,2,2,630
"Aug 7, 2026",FC-HHDM-GAT-030,Nykaa,GreenApple Tulsi (Hot Humid) 13 - 19 Yrs Face Malai,Face Malai,1,1,1,313.7
"Aug 7, 2026",FC-HHDM-FC-050,D2C,Flax Carrot (Hot Humid) 35+ Face Malai - 50g,Face Malai,6,6,12,2111.6
"Aug 7, 2026",FC-HDDM-FB-030,Amazon,Flax Bakuchi (Hot Dry) 35+ Face Malai - 30g,Face Malai,3,3,3,1004.85
"Aug 7, 2026",FC-AC-OK-050,Cred,Active Orange Kiwi Vit-C Gel,Active Gel,4,4,4,540.14
"Aug 7, 2026",FC-HDDM-FB-050,D2C,Flax Bakuchi (Hot Dry) 35+ Face Malai - 50g,Face Malai,1,1,2,234
"Aug 7, 2026",FC-HHDM-FC-050,Flipkart,Flax Carrot (Hot Humid) 35+ Face Malai - 50g,Face Malai,1,1,2,348
"Aug 7, 2026",FC-CWDM-TP-030,Amazon,Tomato Patchouli (Cold) 20 - 35 Yrs Face Malai,Face Malai,2,2,2,640.5
"Aug 7, 2026",FC-AC-OV-050,Meesho,Active Olive Vit-E Night Gel,Active Gel,1,1,1,244
"Aug 7, 2026",EC-UE-PN-009,Myntra,Netraa - Under Eye Roll On Serum,Pure Netraa,1,1,1,313
"Aug 7, 2026",EC-UE-FNC-020,Pop Club,Netraa Cream - UnderEye Vit-E Cream,Pure Netraa,5,5,5,1095
"Aug 7, 2026",EC-UE-PN-009,D2C,Netraa - Under Eye Roll On Serum,Pure Netraa,14,14,17,4128.74
"Aug 7, 2026",FC-DM-PG-030,D2C,Turmeric Nutmeg (Pigmentation)  Face Malai - 30g,Face Malai,11,11,11,3225.16
"Aug 7, 2026",FC-DM-NR-050,D2C,Cocoa Mogra (Overnight) Face Malai - 50g ,Face Malai,5,5,10,2033.4
"Aug 7, 2026",FC-HHDM-TV-030,Amazon,Tomato Vetiver (Hot Humid) 20 - 35 Yrs Face Malai,Face Malai,4,4,4,1260
"Aug 7, 2026",EC-UE-PN-009,Flipkart,Netraa - Under Eye Roll On Serum,Pure Netraa,3,3,3,650.86
"Aug 7, 2026",FC-HHDM-TV-050,Flipkart,Tomato Vetiver (Hot Humid) 20 - 35 Yrs Face Malai - 50g,Face Malai,2,2,2,613
"Aug 7, 2026",EC-UE-PN-009,Cred,Netraa - Under Eye Roll On Serum,Pure Netraa,5,5,5,795
"Aug 7, 2026",FC-HDDM-TR-030,Cred,Tomato Rosehip (Hot Dry) 20 - 35 Yrs Face Malai - 30g,Face Malai,1,1,1,179
"Aug 7, 2026",FC-HHDM-FC-030,Myntra,Flax Carrot (Hot Humid) 35+ Face Malai - 30g,Face Malai,1,1,1,348
"Aug 7, 2026",FC-CWDM-FW-030,D2C,Flax Walnut (Cold) 35+ Face Malai,Face Malai,5,5,5,1354
"Aug 7, 2026",FC-HDDM-TR-030,Nykaa,Tomato Rosehip (Hot Dry) 20 - 35 Yrs Face Malai - 30g,Face Malai,1,1,1,302
"Aug 7, 2026",FC-DM-AA-030,Nykaa,Clove Tea-Tree (Anti-Acne) Face Malai,Face Malai,3,3,4,1322.42
"Aug 7, 2026",FC-AC-OK-050,D2C,Active Orange Kiwi Vit-C Gel,Active Gel,19,19,20,7286.65
"Aug 7, 2026",FC-AC-OK-050,First Cry,Active Orange Kiwi Vit-C Gel,Active Gel,2,2,2,376.8
"Aug 7, 2026",FC-DM-PG-050,D2C,Turmeric Nutmeg (Pigmentation)  Face Malai - 50g ,Face Malai,14,14,34,6668.72
"Aug 7, 2026",FC-DM-AA-030,Flipkart,Clove Tea-Tree (Anti-Acne) Face Malai,Face Malai,1,1,1,224
"Aug 7, 2026",FC-HDDM-TR-030,Amazon,Tomato Rosehip (Hot Dry) 20 - 35 Yrs Face Malai - 30g,Face Malai,4,4,4,1260
"Aug 7, 2026",FC-DM-DP-030,D2C,Honey Multi-Nut (Dry & Peeling Skin) Face Malai,Face Malai,2,2,3,791.7
"Aug 7, 2026",FC-HDDM-PT-030,D2C,Pomegranate Tulsi (Hot Dry) 13 - 19 Yrs Face Malai,Face Malai,2,2,2,504.67
"Aug 7, 2026",FC-HHDM-TV-030,Flipkart,Tomato Vetiver (Hot Humid) 20 - 35 Yrs Face Malai,Face Malai,2,2,2,452.2
"Aug 7, 2026",FC-CWDM-TP-030,D2C,Tomato Patchouli (Cold) 20 - 35 Yrs Face Malai,Face Malai,1,1,1,322
"Aug 7, 2026",BA-FM-MNO-075,Myntra,Baby Face Malai Multi-Nut Oats Vit-E,Baby Face Malai,1,1,1,313
"Aug 7, 2026",BA-FM-MNO-075,Nykaa,Baby Face Malai Multi-Nut Oats Vit-E,Baby Face Malai,4,4,4,1247
"Aug 7, 2026",BA-FM-MNO-075,Flipkart Fulfilled,Baby Face Malai Multi-Nut Oats Vit-E,Baby Face Malai,1,1,1,204
"Aug 7, 2026",EC-UE-FNC-020,Nykaa,Netraa Cream - UnderEye Vit-E Cream,Pure Netraa,3,3,3,963.19
"Aug 7, 2026",FC-HDDM-PT-030,First Cry,Pomegranate Tulsi (Hot Dry) 13 - 19 Yrs Face Malai,Face Malai,1,1,1,190
"Aug 7, 2026",FC-AC-OK-050,Pop Club,Active Orange Kiwi Vit-C Gel,Active Gel,2,2,2,498
"Aug 7, 2026",FC-HHDM-TV-050,D2C,Tomato Vetiver (Hot Humid) 20 - 35 Yrs Face Malai - 50g,Face Malai,3,3,4,1332.3
"Aug 7, 2026",FC-AC-NT-050,D2C,Active Neem TeaTree Gel,Active Gel,5,5,5,1658.18
"Aug 7, 2026",FC-DM-PG-030,Pop Club,Turmeric Nutmeg (Pigmentation)  Face Malai - 30g,Face Malai,1,1,1,259
"Aug 7, 2026",BC-BL-PM-250,Flipkart,Peach Milk Malai Lotion - 250ml,Face Malai,14,14,14,2402
"Aug 7, 2026",EC-UE-FNC-020,D2C,Netraa Cream - UnderEye Vit-E Cream,Pure Netraa,11,11,12,3272.26
"Aug 7, 2026",BA-FM-MNO-075,D2C,Baby Face Malai Multi-Nut Oats Vit-E,Baby Face Malai,19,19,20,5258.7
"Aug 7, 2026",EC-UE-PN-009,Nykaa,Netraa - Under Eye Roll On Serum,Pure Netraa,13,13,13,4047.25
"Aug 7, 2026",FC-DM-PG-030,Cred,Turmeric Nutmeg (Pigmentation)  Face Malai - 30g,Face Malai,6,6,6,945
"Aug 7, 2026",FC-HHDM-FC-030,D2C,Flax Carrot (Hot Humid) 35+ Face Malai - 30g,Face Malai,3,3,3,975.1
"Aug 7, 2026",FC-AC-BT-050,First Cry,Active Beetroot Tomato Vit-A Gel,Active Gel,1,1,1,229.5
"Aug 7, 2026",EC-UE-FNC-020,First Cry,Netraa Cream - UnderEye Vit-E Cream,Pure Netraa,3,3,3,671.24
"Aug 7, 2026",FC-DM-NR-030,Cred,Cocoa Mogra (Overnight) Face Malai - 30g,Face Malai,3,3,3,548
"Aug 7, 2026",FC-HDDM-TR-050,D2C,Tomato Rosehip (Hot Dry) 20 - 35 Yrs Face Malai - 50g,Face Malai,4,4,8,1344.5
"Aug 7, 2026",FC-DM-NR-030,Flipkart,Cocoa Mogra (Overnight) Face Malai - 30g,Face Malai,2,2,2,487.5
"Aug 7, 2026",FC-DM-NR-030,Nykaa,Cocoa Mogra (Overnight) Face Malai - 30g,Face Malai,3,3,3,993.44
"Aug 7, 2026",FC-HDDM-FB-030,First Cry,Flax Bakuchi (Hot Dry) 35+ Face Malai - 30g,Face Malai,1,1,1,274.83
"Aug 7, 2026",FC-DM-AA-030,Amazon,Clove Tea-Tree (Anti-Acne) Face Malai,Face Malai,3,3,3,913.5
"Aug 7, 2026",FC-DM-PG-030,Flipkart,Turmeric Nutmeg (Pigmentation)  Face Malai - 30g,Face Malai,11,11,12,2246.13
"Aug 7, 2026",FC-HDDM-FB-030,D2C,Flax Bakuchi (Hot Dry) 35+ Face Malai - 30g,Face Malai,8,8,8,2525.85
"Aug 7, 2026",FC-DM-NR-030,Pop Club,Cocoa Mogra (Overnight) Face Malai - 30g,Face Malai,3,3,3,777
"Aug 7, 2026",EC-UE-FNC-020,Flipkart,Netraa Cream - UnderEye Vit-E Cream,Pure Netraa,1,1,1,216
"Aug 7, 2026",FC-AC-OK-050,Myntra,Active Orange Kiwi Vit-C Gel,Active Gel,1,1,1,391
"Aug 7, 2026",FC-DM-NR-030,Amazon,Cocoa Mogra (Overnight) Face Malai - 30g,Face Malai,12,12,13,4354.35
"Aug 7, 2026",FC-HHDM-TV-030,Nykaa,Tomato Vetiver (Hot Humid) 20 - 35 Yrs Face Malai,Face Malai,3,3,3,899.63
"Aug 7, 2026",EC-UE-FNC-020,Myntra,Netraa Cream - UnderEye Vit-E Cream,Pure Netraa,4,4,4,1292
"Aug 7, 2026",FC-DM-AA-030,D2C,Clove Tea-Tree (Anti-Acne) Face Malai,Face Malai,6,6,7,2243.5
"Aug 7, 2026",FC-CWDM-FW-030,Amazon,Flax Walnut (Cold) 35+ Face Malai,Face Malai,4,4,4,1356.6
"Aug 7, 2026",FC-HDDM-FB-030,Nykaa,Flax Bakuchi (Hot Dry) 35+ Face Malai - 30g,Face Malai,4,4,4,1129.07
"Aug 7, 2026",FC-AC-OV-050,D2C,Active Olive Vit-E Night Gel,Active Gel,4,4,4,1403.65
"Aug 7, 2026",FC-DM-PG-030,Flipkart Fulfilled,Turmeric Nutmeg (Pigmentation)  Face Malai - 30g,Face Malai,1,1,1,236
"Aug 7, 2026",FC-DM-NR-050,Flipkart,Cocoa Mogra (Overnight) Face Malai - 50g ,Face Malai,2,2,4,711
"Aug 8, 2026",BC-BL-PM-250,Flipkart,Peach Milk Malai Lotion - 250ml,Face Malai,8,8,8,1400
"Aug 8, 2026",EC-UE-FNC-020,D2C,Netraa Cream - UnderEye Vit-E Cream,Pure Netraa,23,23,24,5181.16
"Aug 8, 2026",FC-AC-OV-050,Nykaa,Active Olive Vit-E Night Gel,Active Gel,1,1,1,391
"Aug 8, 2026",FC-AC-OK-050,Nykaa,Active Orange Kiwi Vit-C Gel,Active Gel,5,5,5,1943.24
"Aug 8, 2026",FC-HHDM-TV-050,D2C,Tomato Vetiver (Hot Humid) 20 - 35 Yrs Face Malai - 50g,Face Malai,3,3,3,791.48
"Aug 8, 2026",FC-DM-NR-030,Nykaa,Cocoa Mogra (Overnight) Face Malai - 30g,Face Malai,6,6,6,1992.9
"Aug 8, 2026",FC-AC-OK-050,Flipkart,Active Orange Kiwi Vit-C Gel,Active Gel,5,5,8,2093.5
"Aug 8, 2026",FC-DM-PG-030,Myntra,Turmeric Nutmeg (Pigmentation)  Face Malai - 30g,Face Malai,2,2,2,599
"Aug 8, 2026",FC-DM-PG-030,Pop Club,Turmeric Nutmeg (Pigmentation)  Face Malai - 30g,Face Malai,1,1,2,1036
"Aug 8, 2026",FC-HHDM-FC-030,Cred,Flax Carrot (Hot Humid) 35+ Face Malai - 30g,Face Malai,1,1,1,199
"Aug 8, 2026",EC-UE-FNC-020,Flipkart,Netraa Cream - UnderEye Vit-E Cream,Pure Netraa,2,2,2,368
"Aug 8, 2026",FC-DM-DP-030,Myntra,Honey Multi-Nut (Dry & Peeling Skin) Face Malai,Face Malai,2,2,2,522
"Aug 8, 2026",FC-HHDM-FC-030,Amazon,Flax Carrot (Hot Humid) 35+ Face Malai - 30g,Face Malai,3,3,3,1004.85
"Aug 8, 2026",FC-AC-OV-050,D2C,Active Olive Vit-E Night Gel,Active Gel,19,18,19,5231.98
"Aug 8, 2026",FC-HHDM-FC-030,D2C,Flax Carrot (Hot Humid) 35+ Face Malai - 30g,Face Malai,4,4,4,841.7
"Aug 8, 2026",FC-HHDM-TV-030,Nykaa,Tomato Vetiver (Hot Humid) 20 - 35 Yrs Face Malai,Face Malai,3,3,3,891.47
"Aug 8, 2026",EC-UE-FNC-020,First Cry,Netraa Cream - UnderEye Vit-E Cream,Pure Netraa,2,2,2,426.8
"Aug 8, 2026",FC-AC-AC-050,D2C,Active Aloe Cactus Hydra Lift Gel,Active Gel,9,9,10,3084.25
"Aug 8, 2026",FC-HDDM-FB-030,Nykaa,Flax Bakuchi (Hot Dry) 35+ Face Malai - 30g,Face Malai,1,1,1,297.79
"Aug 8, 2026",FC-AC-NT-050,Flipkart,Active Neem TeaTree Gel,Active Gel,1,1,1,230
"Aug 8, 2026",FC-DM-DP-030,D2C,Honey Multi-Nut (Dry & Peeling Skin) Face Malai,Face Malai,4,4,4,1036.1
"Aug 8, 2026",FC-HHDM-TV-005,Amazon,Tomato Vetiver (Hot Humid) 20 - 35 Yrs Face Malai - 5g - Brand starter,Face Malai,1,1,2,133.33
"Aug 8, 2026",FC-HDDM-FB-050,D2C,Flax Bakuchi (Hot Dry) 35+ Face Malai - 50g,Face Malai,12,12,24,3395.25
"Aug 8, 2026",FC-HDDM-TR-030,Amazon,Tomato Rosehip (Hot Dry) 20 - 35 Yrs Face Malai - 30g,Face Malai,1,1,1,315
"Aug 8, 2026",FC-DM-DP-030,Amazon,Honey Multi-Nut (Dry & Peeling Skin) Face Malai,Face Malai,3,3,3,945
"Aug 8, 2026",FC-HHDM-GAT-030,D2C,GreenApple Tulsi (Hot Humid) 13 - 19 Yrs Face Malai,Face Malai,4,4,4,911
"Aug 8, 2026",FC-HDDM-TR-030,D2C,Tomato Rosehip (Hot Dry) 20 - 35 Yrs Face Malai - 30g,Face Malai,1,1,1,317.72
"Aug 8, 2026",FC-CWDM-FW-030,Amazon,Flax Walnut (Cold) 35+ Face Malai,Face Malai,4,4,4,1356.6
"Aug 8, 2026",FC-DM-AA-030,D2C,Clove Tea-Tree (Anti-Acne) Face Malai,Face Malai,10,10,11,2652.31
"Aug 8, 2026",FC-CWDM-TP-030,Flipkart,Tomato Patchouli (Cold) 20 - 35 Yrs Face Malai,Face Malai,1,1,1,194
"Aug 8, 2026",FC-CWDM-TP-030,D2C,Tomato Patchouli (Cold) 20 - 35 Yrs Face Malai,Face Malai,1,1,1,322
"Aug 8, 2026",FC-AC-BT-050,D2C,Active Beetroot Tomato Vit-A Gel,Active Gel,7,7,8,2130.3
"Aug 8, 2026",EC-UE-PN-009,Nykaa,Netraa - Under Eye Roll On Serum,Pure Netraa,15,15,16,4966.57
"Aug 8, 2026",FC-CWDM-BT-030,First Cry,Winter Blackseed Tulsi (Cold) 13 - 19 Yrs Face Malai,Face Malai,1,1,1,154.8
"Aug 8, 2026",FC-DM-NR-030,D2C,Cocoa Mogra (Overnight) Face Malai - 30g,Face Malai,9,9,9,2316.21
"Aug 8, 2026",FC-AC-NT-050,Myntra,Active Neem TeaTree Gel,Active Gel,1,1,1,380
"Aug 8, 2026",FC-DM-NR-030,Myntra,Cocoa Mogra (Overnight) Face Malai - 30g,Face Malai,2,2,3,867
"Aug 8, 2026",BA-FM-MNO-075,Flipkart Fulfilled,Baby Face Malai Multi-Nut Oats Vit-E,Baby Face Malai,2,2,2,397
"Aug 8, 2026",FC-DM-PG-030,D2C,Turmeric Nutmeg (Pigmentation)  Face Malai - 30g,Face Malai,19,19,20,4839.73
"Aug 8, 2026",FC-HHDM-GAT-030,First Cry,GreenApple Tulsi (Hot Humid) 13 - 19 Yrs Face Malai,Face Malai,1,1,1,190
"Aug 8, 2026",FC-CWDM-TP-030,Nykaa,Tomato Patchouli (Cold) 20 - 35 Yrs Face Malai,Face Malai,2,2,2,551.98
"Aug 8, 2026",FC-DM-AA-030,Amazon,Clove Tea-Tree (Anti-Acne) Face Malai,Face Malai,4,4,5,1522.5
"Aug 8, 2026",FC-HDDM-TR-030,Cred,Tomato Rosehip (Hot Dry) 20 - 35 Yrs Face Malai - 30g,Face Malai,1,1,1,179
"Aug 8, 2026",FC-AC-AC-050,Flipkart,Active Aloe Cactus Hydra Lift Gel,Active Gel,2,2,2,522
"Aug 8, 2026",FC-HDDM-TR-030,Nykaa,Tomato Rosehip (Hot Dry) 20 - 35 Yrs Face Malai - 30g,Face Malai,1,1,1,302
"Aug 8, 2026",EC-UE-PN-009,Amazon,Netraa - Under Eye Roll On Serum,Pure Netraa,1,1,5,1506.75
"Aug 8, 2026",FC-AC-NT-050,D2C,Active Neem TeaTree Gel,Active Gel,14,14,18,4532.52
"Aug 8, 2026",FC-AC-OV-050,Cred,Active Olive Vit-E Night Gel,Active Gel,2,2,2,478
"Aug 8, 2026",FC-HHDM-TV-030,Cred,Tomato Vetiver (Hot Humid) 20 - 35 Yrs Face Malai,Face Malai,2,2,2,358
"Aug 8, 2026",EC-UE-FNC-020,Nykaa,Netraa Cream - UnderEye Vit-E Cream,Pure Netraa,4,4,4,1276.47
"Aug 8, 2026",FC-CWDM-FW-030,First Cry,Flax Walnut (Cold) 35+ Face Malai,Face Malai,1,1,1,245.92
"Aug 8, 2026",FC-DM-PG-030,Flipkart,Turmeric Nutmeg (Pigmentation)  Face Malai - 30g,Face Malai,16,16,17,2992.54
"Aug 8, 2026",FC-DM-AA-030,Flipkart,Clove Tea-Tree (Anti-Acne) Face Malai,Face Malai,1,1,1,175
"Aug 8, 2026",BA-FM-MNO-075,Amazon,Baby Face Malai Multi-Nut Oats Vit-E,Baby Face Malai,2,2,2,637.78
"Aug 8, 2026",FC-AC-BT-050,Nykaa,Active Beetroot Tomato Vit-A Gel,Active Gel,3,3,3,1142.01
"Aug 8, 2026",FC-AC-OK-050,D2C,Active Orange Kiwi Vit-C Gel,Active Gel,62,62,67,17991.27
"Aug 8, 2026",EC-UE-PN-009,First Cry,Netraa - Under Eye Roll On Serum,Pure Netraa,3,3,3,620.19
"Aug 8, 2026",FC-HHDM-TV-030,Flipkart,Tomato Vetiver (Hot Humid) 20 - 35 Yrs Face Malai,Face Malai,4,4,4,814
"Aug 8, 2026",FC-HDDM-PT-030,D2C,Pomegranate Tulsi (Hot Dry) 13 - 19 Yrs Face Malai,Face Malai,4,4,4,793.92
"Aug 8, 2026",BA-FM-MNO-075,First Cry,Baby Face Malai Multi-Nut Oats Vit-E,Baby Face Malai,10,10,10,2369.83
"Aug 8, 2026",EC-UE-PN-009,Myntra,Netraa - Under Eye Roll On Serum,Pure Netraa,1,1,1,312
"Aug 8, 2026",BC-BL-PM-250,Flipkart Fulfilled,Peach Milk Malai Lotion - 250ml,Face Malai,1,1,1,167
"Aug 8, 2026",FC-HHDM-FC-050,D2C,Flax Carrot (Hot Humid) 35+ Face Malai - 50g,Face Malai,9,9,18,2621.56
"Aug 8, 2026",FC-DM-PG-030,Amazon,Turmeric Nutmeg (Pigmentation)  Face Malai - 30g,Face Malai,17,17,17,5694.15
"Aug 8, 2026",EC-UE-FNC-020,Myntra,Netraa Cream - UnderEye Vit-E Cream,Pure Netraa,2,2,2,644
"Aug 8, 2026",FC-HHDM-GAT-030,Nykaa,GreenApple Tulsi (Hot Humid) 13 - 19 Yrs Face Malai,Face Malai,1,1,1,315
"Aug 8, 2026",EC-UE-FNC-020,Pop Club,Netraa Cream - UnderEye Vit-E Cream,Pure Netraa,3,3,3,657
"Aug 8, 2026",FC-HHDM-GAT-030,Flipkart,GreenApple Tulsi (Hot Humid) 13 - 19 Yrs Face Malai,Face Malai,1,1,1,180
"Aug 8, 2026",FC-AC-OV-050,Flipkart,Active Olive Vit-E Night Gel,Active Gel,1,1,1,238
"Aug 8, 2026",FC-AC-OK-050,Cred,Active Orange Kiwi Vit-C Gel,Active Gel,6,5,6,914.4
"Aug 8, 2026",FC-CWDM-FW-030,Nykaa,Flax Walnut (Cold) 35+ Face Malai,Face Malai,1,1,1,313
"Aug 8, 2026",FC-HHDM-TV-050,Amazon,Tomato Vetiver (Hot Humid) 20 - 35 Yrs Face Malai - 50g,Face Malai,3,3,4,1576.48
"Aug 8, 2026",FC-DM-NR-030,Flipkart,Cocoa Mogra (Overnight) Face Malai - 30g,Face Malai,2,2,2,463
"Aug 8, 2026",FC-DM-NR-050,D2C,Cocoa Mogra (Overnight) Face Malai - 50g ,Face Malai,11,11,22,3313.95
"Aug 8, 2026",FC-HDDM-FB-030,D2C,Flax Bakuchi (Hot Dry) 35+ Face Malai - 30g,Face Malai,5,5,5,1113.75
"Aug 8, 2026",FC-DM-NR-030,Amazon,Cocoa Mogra (Overnight) Face Malai - 30g,Face Malai,11,11,11,3684.45
"Aug 8, 2026",FC-DM-DP-030,Nykaa,Honey Multi-Nut (Dry & Peeling Skin) Face Malai,Face Malai,1,1,1,313
"Aug 8, 2026",FC-CWDM-FW-030,Flipkart,Flax Walnut (Cold) 35+ Face Malai,Face Malai,1,1,1,211
"Aug 8, 2026",EC-UE-PN-009,Cred,Netraa - Under Eye Roll On Serum,Pure Netraa,3,3,3,477
"Aug 8, 2026",FC-DM-PG-030,Cred,Turmeric Nutmeg (Pigmentation)  Face Malai - 30g,Face Malai,1,1,1,149
"Aug 8, 2026",BA-FM-MNO-075,D2C,Baby Face Malai Multi-Nut Oats Vit-E,Baby Face Malai,23,21,25,5348.43
"Aug 8, 2026",FC-HDDM-TR-050,D2C,Tomato Rosehip (Hot Dry) 20 - 35 Yrs Face Malai - 50g,Face Malai,4,4,8,1173.95
"Aug 8, 2026",FC-CWDM-FW-030,D2C,Flax Walnut (Cold) 35+ Face Malai,Face Malai,10,10,10,2378.05
"Aug 8, 2026",FC-DM-AA-030,Nykaa,Clove Tea-Tree (Anti-Acne) Face Malai,Face Malai,2,2,2,664.02
"Aug 8, 2026",FC-AC-NT-050,Nykaa,Active Neem TeaTree Gel,Active Gel,1,1,1,381
"Aug 8, 2026",FC-DM-PG-030,Nykaa,Turmeric Nutmeg (Pigmentation)  Face Malai - 30g,Face Malai,9,9,9,2967.29
"Aug 8, 2026",FC-DM-PG-030,Flipkart Fulfilled,Turmeric Nutmeg (Pigmentation)  Face Malai - 30g,Face Malai,2,2,2,569
"Aug 8, 2026",FC-HHDM-TV-030,D2C,Tomato Vetiver (Hot Humid) 20 - 35 Yrs Face Malai,Face Malai,12,12,13,2880.17
"Aug 8, 2026",FC-DM-PG-050,D2C,Turmeric Nutmeg (Pigmentation)  Face Malai - 50g ,Face Malai,36,36,74,11310.94
"Aug 8, 2026",FC-HDDM-FB-030,Amazon,Flax Bakuchi (Hot Dry) 35+ Face Malai - 30g,Face Malai,4,4,4,1339.8
"Aug 8, 2026",EC-UE-PN-009,D2C,Netraa - Under Eye Roll On Serum,Pure Netraa,39,39,40,8802.58
"Aug 8, 2026",BA-FM-MNO-075,Nykaa,Baby Face Malai Multi-Nut Oats Vit-E,Baby Face Malai,4,4,4,1248
"Aug 9, 2026",FC-HHDM-TV-030,Amazon,Tomato Vetiver (Hot Humid) 20 - 35 Yrs Face Malai,Face Malai,5,5,6,1890
"Aug 9, 2026",FC-DM-AA-030,D2C,Clove Tea-Tree (Anti-Acne) Face Malai,Face Malai,11,11,12,3199.61
"Aug 9, 2026",BA-FM-MNO-075,D2C,Baby Face Malai Multi-Nut Oats Vit-E,Baby Face Malai,20,20,22,4807.21
"Aug 9, 2026",FC-DM-NR-030,Amazon,Cocoa Mogra (Overnight) Face Malai - 30g,Face Malai,11,11,12,4019.4
"Aug 9, 2026",FC-HHDM-TV-050,D2C,Tomato Vetiver (Hot Humid) 20 - 35 Yrs Face Malai - 50g,Face Malai,3,3,3,658.5
"Aug 9, 2026",FC-DM-NR-030,Flipkart,Cocoa Mogra (Overnight) Face Malai - 30g,Face Malai,2,2,2,414
"Aug 9, 2026",BA-FM-MNO-075,Meesho,Baby Face Malai Multi-Nut Oats Vit-E,Baby Face Malai,3,3,3,906
"Aug 9, 2026",FC-DM-PG-030,D2C,Turmeric Nutmeg (Pigmentation)  Face Malai - 30g,Face Malai,25,25,26,6225.12
"Aug 9, 2026",FC-DM-PG-030,Flipkart,Turmeric Nutmeg (Pigmentation)  Face Malai - 30g,Face Malai,9,9,10,1830.38
"Aug 9, 2026",FC-HHDM-FC-030,Flipkart,Flax Carrot (Hot Humid) 35+ Face Malai - 30g,Face Malai,2,2,2,414
"Aug 9, 2026",EC-UE-PN-009,D2C,Netraa - Under Eye Roll On Serum,Pure Netraa,44,44,44,9697.13
"Aug 9, 2026",EC-UE-FNC-020,Nykaa,Netraa Cream - UnderEye Vit-E Cream,Pure Netraa,4,4,4,1269.7
"Aug 9, 2026",FC-CWDM-TP-030,D2C,Tomato Patchouli (Cold) 20 - 35 Yrs Face Malai,Face Malai,3,3,3,740.6
"Aug 9, 2026",FC-DM-NR-050,Flipkart,Cocoa Mogra (Overnight) Face Malai - 50g ,Face Malai,1,1,2,391
"Aug 9, 2026",FC-HDDM-PT-030,D2C,Pomegranate Tulsi (Hot Dry) 13 - 19 Yrs Face Malai,Face Malai,3,3,4,763.69
"Aug 9, 2026",FC-HHDM-TV-030,Flipkart,Tomato Vetiver (Hot Humid) 20 - 35 Yrs Face Malai,Face Malai,2,2,2,416
"Aug 9, 2026",BA-FM-MNO-075,Nykaa,Baby Face Malai Multi-Nut Oats Vit-E,Baby Face Malai,2,2,3,936
"Aug 9, 2026",FC-AC-OK-050,Pop Club,Active Orange Kiwi Vit-C Gel,Active Gel,2,2,6,6474
"Aug 9, 2026",FC-HHDM-FC-030,Nykaa,Flax Carrot (Hot Humid) 35+ Face Malai - 30g,Face Malai,2,2,2,599.57
"Aug 9, 2026",FC-HHDM-GAT-030,Nykaa,GreenApple Tulsi (Hot Humid) 13 - 19 Yrs Face Malai,Face Malai,1,1,1,315
"Aug 9, 2026",FC-DM-NR-030,D2C,Cocoa Mogra (Overnight) Face Malai - 30g,Face Malai,19,19,19,4826.82
"Aug 9, 2026",FC-DM-DP-030,Amazon,Honey Multi-Nut (Dry & Peeling Skin) Face Malai,Face Malai,2,2,2,630
"Aug 9, 2026",BA-FM-MNO-075,First Cry,Baby Face Malai Multi-Nut Oats Vit-E,Baby Face Malai,2,2,3,792.59
"Aug 9, 2026",FC-AC-AC-050,D2C,Active Aloe Cactus Hydra Lift Gel,Active Gel,12,12,12,3876.08
"Aug 9, 2026",FC-AC-OK-050,D2C,Active Orange Kiwi Vit-C Gel,Active Gel,66,66,69,19578.98
"Aug 9, 2026",FC-AC-NT-050,Flipkart,Active Neem TeaTree Gel,Active Gel,2,2,2,436.84
"Aug 9, 2026",FC-DM-PG-030,Amazon,Turmeric Nutmeg (Pigmentation)  Face Malai - 30g,Face Malai,32,32,35,11723.25
"Aug 9, 2026",FC-DM-AA-030,Amazon,Clove Tea-Tree (Anti-Acne) Face Malai,Face Malai,5,5,6,1827
"Aug 9, 2026",FC-HHDM-FC-050,Flipkart,Flax Carrot (Hot Humid) 35+ Face Malai - 50g,Face Malai,1,1,2,348
"Aug 9, 2026",FC-DM-NR-030,Cred,Cocoa Mogra (Overnight) Face Malai - 30g,Face Malai,4,3,4,771.5
"Aug 9, 2026",FC-DM-DP-030,D2C,Honey Multi-Nut (Dry & Peeling Skin) Face Malai,Face Malai,2,2,2,395.85
"Aug 9, 2026",FC-AC-OK-050,Amazon,Active Orange Kiwi Vit-C Gel,Active Gel,3,3,4,1507.8
"Aug 9, 2026",FC-HHDM-TV-050,Amazon,Tomato Vetiver (Hot Humid) 20 - 35 Yrs Face Malai - 50g,Face Malai,3,3,4,1576.48
"Aug 9, 2026",FC-HDDM-FB-030,Nykaa,Flax Bakuchi (Hot Dry) 35+ Face Malai - 30g,Face Malai,2,2,2,626
"Aug 9, 2026",BA-FM-MNO-075,Amazon,Baby Face Malai Multi-Nut Oats Vit-E,Baby Face Malai,3,3,5,1501.5
"Aug 9, 2026",FC-DM-AA-030,Flipkart,Clove Tea-Tree (Anti-Acne) Face Malai,Face Malai,1,1,2,448
"Aug 9, 2026",EC-UE-FNC-020,Myntra,Netraa Cream - UnderEye Vit-E Cream,Pure Netraa,4,4,4,1288
"Aug 9, 2026",FC-AC-NT-050,Meesho,Active Neem TeaTree Gel,Active Gel,1,1,1,324
"Aug 9, 2026",EC-UE-FNC-020,First Cry,Netraa Cream - UnderEye Vit-E Cream,Pure Netraa,1,1,1,194
"Aug 9, 2026",FC-HHDM-FC-030,D2C,Flax Carrot (Hot Humid) 35+ Face Malai - 30g,Face Malai,12,12,12,2849.26
"Aug 9, 2026",FC-AC-OK-050,Flipkart,Active Orange Kiwi Vit-C Gel,Active Gel,2,2,3,799
"Aug 9, 2026",FC-HHDM-FC-030,Amazon,Flax Carrot (Hot Humid) 35+ Face Malai - 30g,Face Malai,5,5,6,2009.7
"Aug 9, 2026",FC-DM-PG-030,Flipkart Fulfilled,Turmeric Nutmeg (Pigmentation)  Face Malai - 30g,Face Malai,1,1,1,221
"Aug 9, 2026",FC-CWDM-FW-030,Amazon,Flax Walnut (Cold) 35+ Face Malai,Face Malai,3,3,3,1017.45
"Aug 9, 2026",FC-DM-PG-030,Cred,Turmeric Nutmeg (Pigmentation)  Face Malai - 30g,Face Malai,6,5,6,919.5
"Aug 9, 2026",FC-DM-DP-030,Nykaa,Honey Multi-Nut (Dry & Peeling Skin) Face Malai,Face Malai,2,2,2,606.85
"Aug 9, 2026",FC-HDDM-FB-030,D2C,Flax Bakuchi (Hot Dry) 35+ Face Malai - 30g,Face Malai,18,17,18,4409.7
"Aug 9, 2026",FC-DM-NR-030,Pop Club,Cocoa Mogra (Overnight) Face Malai - 30g,Face Malai,1,1,1,259
"Aug 9, 2026",EC-UE-FNC-020,Flipkart,Netraa Cream - UnderEye Vit-E Cream,Pure Netraa,1,1,1,184
"Aug 9, 2026",FC-HDDM-TR-030,Nykaa,Tomato Rosehip (Hot Dry) 20 - 35 Yrs Face Malai - 30g,Face Malai,1,1,1,302
"Aug 9, 2026",FC-AC-NT-050,D2C,Active Neem TeaTree Gel,Active Gel,26,26,27,7344.19
"Aug 9, 2026",FC-HHDM-FC-030,Cred,Flax Carrot (Hot Humid) 35+ Face Malai - 30g,Face Malai,1,1,1,199
"Aug 9, 2026",FC-HDDM-TR-030,Cred,Tomato Rosehip (Hot Dry) 20 - 35 Yrs Face Malai - 30g,Face Malai,1,1,1,179
"Aug 9, 2026",FC-AC-OV-050,D2C,Active Olive Vit-E Night Gel,Active Gel,22,22,23,6191.12
"Aug 9, 2026",FC-DM-NR-030,Nykaa,Cocoa Mogra (Overnight) Face Malai - 30g,Face Malai,4,4,4,1329.5
"Aug 9, 2026",EC-UE-PN-009,Myntra,Netraa - Under Eye Roll On Serum,Pure Netraa,1,1,1,268
"Aug 9, 2026",FC-DM-PG-030,Tata Cliq,Turmeric Nutmeg (Pigmentation)  Face Malai - 30g,Face Malai,1,1,1,364.66
"Aug 9, 2026",FC-HDDM-TR-050,D2C,Tomato Rosehip (Hot Dry) 20 - 35 Yrs Face Malai - 50g,Face Malai,11,11,24,3294.1
"Aug 9, 2026",FC-HDDM-TR-030,Amazon,Tomato Rosehip (Hot Dry) 20 - 35 Yrs Face Malai - 30g,Face Malai,1,1,2,630
"Aug 9, 2026",BC-BL-PM-250,D2C,Peach Milk Malai Lotion - 250ml,Face Malai,1,1,1,211.8
"Aug 9, 2026",FC-DM-NR-050,D2C,Cocoa Mogra (Overnight) Face Malai - 50g ,Face Malai,11,11,24,3572.9
"Aug 9, 2026",EC-UE-PN-009,Flipkart,Netraa - Under Eye Roll On Serum,Pure Netraa,1,1,1,220
"Aug 9, 2026",EC-UE-FNC-020,Pop Club,Netraa Cream - UnderEye Vit-E Cream,Pure Netraa,6,6,6,1314
"Aug 9, 2026",FC-CWDM-FW-030,Flipkart,Flax Walnut (Cold) 35+ Face Malai,Face Malai,1,1,1,211
"Aug 9, 2026",FC-DM-AA-030,Nykaa,Clove Tea-Tree (Anti-Acne) Face Malai,Face Malai,1,1,1,333
"Aug 9, 2026",FC-HHDM-FC-050,D2C,Flax Carrot (Hot Humid) 35+ Face Malai - 50g,Face Malai,19,19,38,5688
"Aug 9, 2026",FC-HHDM-TV-030,D2C,Tomato Vetiver (Hot Humid) 20 - 35 Yrs Face Malai,Face Malai,15,15,16,3245.91
"Aug 9, 2026",FC-HDDM-FB-050,D2C,Flax Bakuchi (Hot Dry) 35+ Face Malai - 50g,Face Malai,5,5,10,1216.8
"Aug 9, 2026",FC-HDDM-FB-030,Amazon,Flax Bakuchi (Hot Dry) 35+ Face Malai - 30g,Face Malai,4,4,4,1339.8
"Aug 9, 2026",FC-AC-BT-050,D2C,Active Beetroot Tomato Vit-A Gel,Active Gel,9,9,10,2500.4
"Aug 9, 2026",FC-CWDM-FW-030,D2C,Flax Walnut (Cold) 35+ Face Malai,Face Malai,13,13,13,3214.5
"Aug 9, 2026",FC-HHDM-GAT-030,D2C,GreenApple Tulsi (Hot Humid) 13 - 19 Yrs Face Malai,Face Malai,4,4,4,874
"Aug 9, 2026",BC-BL-PM-250,Flipkart,Peach Milk Malai Lotion - 250ml,Face Malai,13,12,13,2275
"Aug 9, 2026",EC-UE-FNC-020,D2C,Netraa Cream - UnderEye Vit-E Cream,Pure Netraa,35,35,38,8654.48
"Aug 9, 2026",FC-HHDM-TV-050,Flipkart,Tomato Vetiver (Hot Humid) 20 - 35 Yrs Face Malai - 50g,Face Malai,5,5,5,1425
"Aug 9, 2026",FC-DM-PG-050,D2C,Turmeric Nutmeg (Pigmentation)  Face Malai - 50g ,Face Malai,37,37,76,11866.45
"Aug 9, 2026",FC-HDDM-TR-030,D2C,Tomato Rosehip (Hot Dry) 20 - 35 Yrs Face Malai - 30g,Face Malai,3,3,3,817.44
"Aug 9, 2026",FC-HDDM-PT-030,Myntra,Pomegranate Tulsi (Hot Dry) 13 - 19 Yrs Face Malai,Face Malai,1,1,1,315
"Aug 9, 2026",FC-CWDM-BT-030,D2C,Winter Blackseed Tulsi (Cold) 13 - 19 Yrs Face Malai,Face Malai,2,2,2,382.2
"Aug 9, 2026",FC-HHDM-TV-030,Cred,Tomato Vetiver (Hot Humid) 20 - 35 Yrs Face Malai,Face Malai,1,1,1,179
"Aug 9, 2026",FC-AC-BT-050,Nykaa,Active Beetroot Tomato Vit-A Gel,Active Gel,3,3,3,1139.63
"Aug 9, 2026",FC-AC-OV-050,Nykaa,Active Olive Vit-E Night Gel,Active Gel,3,3,3,1173
"Aug 9, 2026",FC-AC-OK-050,Nykaa,Active Orange Kiwi Vit-C Gel,Active Gel,8,8,8,3121.12
"Aug 9, 2026",FC-DM-PG-030,Myntra,Turmeric Nutmeg (Pigmentation)  Face Malai - 30g,Face Malai,4,4,4,1241
"Aug 9, 2026",FC-AC-OK-050,Cred,Active Orange Kiwi Vit-C Gel,Active Gel,11,10,11,1590.4
"Aug 9, 2026",EC-UE-PN-009,First Cry,Netraa - Under Eye Roll On Serum,Pure Netraa,1,1,1,304.56
"Aug 9, 2026",FC-HHDM-TV-030,Nykaa,Tomato Vetiver (Hot Humid) 20 - 35 Yrs Face Malai,Face Malai,7,7,7,2111.24
"Aug 9, 2026",FC-DM-NR-030,Myntra,Cocoa Mogra (Overnight) Face Malai - 30g,Face Malai,1,1,1,294
"Aug 9, 2026",FC-HHDM-FC-030,First Cry,Flax Carrot (Hot Humid) 35+ Face Malai - 30g,Face Malai,2,2,2,377
"Aug 9, 2026",FC-AC-NT-050,Nykaa,Active Neem TeaTree Gel,Active Gel,4,4,4,1522.34
"Aug 9, 2026",FC-DM-PG-030,Nykaa,Turmeric Nutmeg (Pigmentation)  Face Malai - 30g,Face Malai,10,10,10,3305.56
"Aug 9, 2026",FC-HDDM-FB-030,Cred,Flax Bakuchi (Hot Dry) 35+ Face Malai - 30g,Face Malai,1,1,1,199
"Aug 9, 2026",EC-UE-PN-009,Cred,Netraa - Under Eye Roll On Serum,Pure Netraa,5,5,5,795
"Aug 9, 2026",EC-UE-PN-009,Nykaa,Netraa - Under Eye Roll On Serum,Pure Netraa,15,15,15,4611.87
"Aug 10, 2026",FC-DM-NR-030,Amazon,Cocoa Mogra (Overnight) Face Malai - 30g,Face Malai,3,3,3,1004.85
"Aug 10, 2026",FC-DM-NR-030,Nykaa,Cocoa Mogra (Overnight) Face Malai - 30g,Face Malai,3,3,3,987.41
"Aug 10, 2026",BA-FM-MNO-075,D2C,Baby Face Malai Multi-Nut Oats Vit-E,Baby Face Malai,10,10,10,2460.49
"Aug 10, 2026",FC-AC-NT-050,D2C,Active Neem TeaTree Gel,Active Gel,7,7,7,2237.89
"Aug 10, 2026",FC-HHDM-FC-030,Amazon,Flax Carrot (Hot Humid) 35+ Face Malai - 30g,Face Malai,1,1,1,334.95
"Aug 10, 2026",FC-HHDM-TV-030,Cred,Tomato Vetiver (Hot Humid) 20 - 35 Yrs Face Malai,Face Malai,1,1,1,179
"Aug 10, 2026",FC-DM-AA-030,D2C,Clove Tea-Tree (Anti-Acne) Face Malai,Face Malai,7,7,7,2035.95
"Aug 10, 2026",FC-HDDM-TR-050,D2C,Tomato Rosehip (Hot Dry) 20 - 35 Yrs Face Malai - 50g,Face Malai,7,7,14,2185.13
"Aug 10, 2026",FC-DM-PG-030,Nykaa,Turmeric Nutmeg (Pigmentation)  Face Malai - 30g,Face Malai,10,10,10,3314.3
"Aug 10, 2026",FC-AC-NT-050,Nykaa,Active Neem TeaTree Gel,Active Gel,2,2,2,751.13
"Aug 10, 2026",FC-HHDM-FC-030,Flipkart,Flax Carrot (Hot Humid) 35+ Face Malai - 30g,Face Malai,2,2,2,414
"Aug 10, 2026",BC-BL-PM-250,Flipkart,Peach Milk Malai Lotion - 250ml,Face Malai,12,12,12,2085
"Aug 10, 2026",EC-UE-FNC-020,D2C,Netraa Cream - UnderEye Vit-E Cream,Pure Netraa,22,22,23,6282.8
"Aug 10, 2026",FC-HDDM-FB-050,D2C,Flax Bakuchi (Hot Dry) 35+ Face Malai - 50g,Face Malai,2,2,4,715.78
"Aug 10, 2026",FC-HDDM-FB-030,Amazon,Flax Bakuchi (Hot Dry) 35+ Face Malai - 30g,Face Malai,1,1,1,334.95
"Aug 10, 2026",FC-HHDM-TV-050,Flipkart,Tomato Vetiver (Hot Humid) 20 - 35 Yrs Face Malai - 50g,Face Malai,1,1,1,285
"Aug 10, 2026",FC-DM-AA-030,Amazon,Clove Tea-Tree (Anti-Acne) Face Malai,Face Malai,4,4,4,1218
"Aug 10, 2026",FC-DM-DP-030,D2C,Honey Multi-Nut (Dry & Peeling Skin) Face Malai,Face Malai,1,1,1,297
"Aug 10, 2026",EC-UE-FNC-020,Nykaa,Netraa Cream - UnderEye Vit-E Cream,Pure Netraa,4,4,4,1272.97
"Aug 10, 2026",FC-DM-PG-050,D2C,Turmeric Nutmeg (Pigmentation)  Face Malai - 50g ,Face Malai,20,20,42,7806.2
"Aug 10, 2026",BA-FM-MNO-075,Jio Mart,Baby Face Malai Multi-Nut Oats Vit-E,Baby Face Malai,1,1,1,290
"Aug 10, 2026",FC-HHDM-FC-050,Flipkart,Flax Carrot (Hot Humid) 35+ Face Malai - 50g,Face Malai,1,1,2,348
"Aug 10, 2026",EC-UE-PN-009,Cred,Netraa - Under Eye Roll On Serum,Pure Netraa,2,2,2,318
"Aug 10, 2026",BA-FM-MNO-075,First Cry,Baby Face Malai Multi-Nut Oats Vit-E,Baby Face Malai,4,4,5,1299.19
"Aug 10, 2026",FC-HHDM-FC-030,Nykaa,Flax Carrot (Hot Humid) 35+ Face Malai - 30g,Face Malai,3,3,3,939
"Aug 10, 2026",FC-CWDM-FW-030,D2C,Flax Walnut (Cold) 35+ Face Malai,Face Malai,4,4,4,1155.37
"Aug 10, 2026",FC-AC-OV-050,D2C,Active Olive Vit-E Night Gel,Active Gel,12,11,12,4134.82
"Aug 10, 2026",FC-DM-NR-030,Pop Club,Cocoa Mogra (Overnight) Face Malai - 30g,Face Malai,4,4,4,1036
"Aug 10, 2026",FC-HDDM-FB-030,D2C,Flax Bakuchi (Hot Dry) 35+ Face Malai - 30g,Face Malai,7,7,7,2294.23
"Aug 10, 2026",FC-HHDM-GAT-030,Flipkart,GreenApple Tulsi (Hot Humid) 13 - 19 Yrs Face Malai,Face Malai,1,1,1,163.5
"Aug 10, 2026",FC-CWDM-FW-030,Myntra,Flax Walnut (Cold) 35+ Face Malai,Face Malai,2,2,2,702
"Aug 10, 2026",FC-AC-AC-050,D2C,Active Aloe Cactus Hydra Lift Gel,Active Gel,4,4,4,1273.33
"Aug 10, 2026",FC-DM-DP-030,Nykaa,Honey Multi-Nut (Dry & Peeling Skin) Face Malai,Face Malai,1,1,1,308.14
"Aug 10, 2026",FC-AC-OK-050,D2C,Active Orange Kiwi Vit-C Gel,Active Gel,28,28,28,9618.3
"Aug 10, 2026",FC-HDDM-TR-030,Nykaa,Tomato Rosehip (Hot Dry) 20 - 35 Yrs Face Malai - 30g,Face Malai,1,1,1,302
"Aug 10, 2026",FC-HHDM-FC-030,D2C,Flax Carrot (Hot Humid) 35+ Face Malai - 30g,Face Malai,6,6,6,1618.15
"Aug 10, 2026",FC-DM-PG-030,Cred,Turmeric Nutmeg (Pigmentation)  Face Malai - 30g,Face Malai,1,1,1,174.5
"Aug 10, 2026",BA-FM-MNO-075,Flipkart,Baby Face Malai Multi-Nut Oats Vit-E,Baby Face Malai,2,2,2,294
"Aug 10, 2026",EC-UE-FNC-020,Myntra,Netraa Cream - UnderEye Vit-E Cream,Pure Netraa,2,2,2,602
"Aug 10, 2026",FC-DM-PG-030,D2C,Turmeric Nutmeg (Pigmentation)  Face Malai - 30g,Face Malai,14,14,14,4002.4
"Aug 10, 2026",FC-AC-BT-050,D2C,Active Beetroot Tomato Vit-A Gel,Active Gel,5,5,5,1718.67
"Aug 10, 2026",FC-DM-PG-030,Flipkart Fulfilled,Turmeric Nutmeg (Pigmentation)  Face Malai - 30g,Face Malai,1,1,1,197
"Aug 10, 2026",FC-AC-NT-050,Amazon,Active Neem TeaTree Gel,Active Gel,1,1,1,367.5
"Aug 10, 2026",FC-DM-NR-030,D2C,Cocoa Mogra (Overnight) Face Malai - 30g,Face Malai,11,11,11,3194.48
"Aug 10, 2026",EC-UE-PN-009,Nykaa,Netraa - Under Eye Roll On Serum,Pure Netraa,9,9,9,2796.57
"Aug 10, 2026",EC-UE-FNC-020,Pop Club,Netraa Cream - UnderEye Vit-E Cream,Pure Netraa,4,4,4,876
"Aug 10, 2026",FC-HHDM-TV-050,Amazon,Tomato Vetiver (Hot Humid) 20 - 35 Yrs Face Malai - 50g,Face Malai,1,1,1,394.12
"Aug 10, 2026",FC-AC-NT-050,Myntra,Active Neem TeaTree Gel,Active Gel,1,1,1,382
"Aug 10, 2026",FC-AC-OK-050,Cred,Active Orange Kiwi Vit-C Gel,Active Gel,3,3,3,405.18
"Aug 10, 2026",BA-FM-MNO-075,Myntra,Baby Face Malai Multi-Nut Oats Vit-E,Baby Face Malai,1,1,1,313
"Aug 10, 2026",FC-DM-NR-030,Cred,Cocoa Mogra (Overnight) Face Malai - 30g,Face Malai,1,1,1,174.5
"Aug 10, 2026",FC-HHDM-TV-030,Flipkart,Tomato Vetiver (Hot Humid) 20 - 35 Yrs Face Malai,Face Malai,1,1,1,208
"Aug 10, 2026",FC-HDDM-PT-030,D2C,Pomegranate Tulsi (Hot Dry) 13 - 19 Yrs Face Malai,Face Malai,1,1,1,190
"Aug 10, 2026",FC-HDDM-FB-030,Cred,Flax Bakuchi (Hot Dry) 35+ Face Malai - 30g,Face Malai,1,1,1,199
"Aug 10, 2026",FC-HHDM-TV-030,D2C,Tomato Vetiver (Hot Humid) 20 - 35 Yrs Face Malai,Face Malai,10,10,11,2716.41
"Aug 10, 2026",FC-CWDM-TP-030,D2C,Tomato Patchouli (Cold) 20 - 35 Yrs Face Malai,Face Malai,5,5,5,1140.93
"Aug 10, 2026",FC-DM-NR-050,D2C,Cocoa Mogra (Overnight) Face Malai - 50g ,Face Malai,3,3,6,1096.8
"Aug 10, 2026",FC-AC-OK-050,Flipkart,Active Orange Kiwi Vit-C Gel,Active Gel,2,2,2,488
"Aug 10, 2026",FC-DM-DP-030,Amazon,Honey Multi-Nut (Dry & Peeling Skin) Face Malai,Face Malai,2,2,2,630
"Aug 10, 2026",FC-HHDM-GAT-030,D2C,GreenApple Tulsi (Hot Humid) 13 - 19 Yrs Face Malai,Face Malai,3,3,3,882.25
"Aug 10, 2026",FC-HDDM-FB-030,Nykaa,Flax Bakuchi (Hot Dry) 35+ Face Malai - 30g,Face Malai,2,2,2,626
"Aug 10, 2026",FC-DM-PG-030,Amazon,Turmeric Nutmeg (Pigmentation)  Face Malai - 30g,Face Malai,17,17,19,6364.05
"Aug 10, 2026",EC-UE-PN-009,Flipkart,Netraa - Under Eye Roll On Serum,Pure Netraa,3,3,3,516
"Aug 10, 2026",EC-UE-FNC-020,Flipkart,Netraa Cream - UnderEye Vit-E Cream,Pure Netraa,1,1,1,184
"Aug 10, 2026",EC-UE-PN-009,First Cry,Netraa - Under Eye Roll On Serum,Pure Netraa,1,1,1,188
"Aug 10, 2026",EC-UE-PN-009,Myntra,Netraa - Under Eye Roll On Serum,Pure Netraa,4,4,4,1251
"Aug 10, 2026",FC-HHDM-TV-050,D2C,Tomato Vetiver (Hot Humid) 20 - 35 Yrs Face Malai - 50g,Face Malai,1,1,1,338
"Aug 10, 2026",EC-UE-PN-009,D2C,Netraa - Under Eye Roll On Serum,Pure Netraa,17,17,17,4339.06
"Aug 10, 2026",FC-DM-NR-030,Myntra,Cocoa Mogra (Overnight) Face Malai - 30g,Face Malai,2,2,2,696
"Aug 10, 2026",FC-DM-PG-030,Myntra,Turmeric Nutmeg (Pigmentation)  Face Malai - 30g,Face Malai,3,3,3,1012
"Aug 10, 2026",FC-CWDM-FW-030,Amazon,Flax Walnut (Cold) 35+ Face Malai,Face Malai,2,2,2,678.3
"Aug 10, 2026",FC-DM-PG-030,Flipkart,Turmeric Nutmeg (Pigmentation)  Face Malai - 30g,Face Malai,6,6,8,1745.8
"Aug 10, 2026",FC-HHDM-FC-030,First Cry,Flax Carrot (Hot Humid) 35+ Face Malai - 30g,Face Malai,1,1,1,188.5
"Aug 10, 2026",FC-HHDM-TV-030,Nykaa,Tomato Vetiver (Hot Humid) 20 - 35 Yrs Face Malai,Face Malai,2,2,2,590.59
"Aug 10, 2026",FC-HHDM-TV-005,Amazon,Tomato Vetiver (Hot Humid) 20 - 35 Yrs Face Malai - 5g - Brand starter,Face Malai,1,1,1,66.67
"Aug 10, 2026",FC-AC-OK-050,Pop Club,Active Orange Kiwi Vit-C Gel,Active Gel,2,2,3,1245
"Aug 10, 2026",FC-HDDM-TR-030,Flipkart,Tomato Rosehip (Hot Dry) 20 - 35 Yrs Face Malai - 30g,Face Malai,1,1,1,190
"Aug 10, 2026",BA-FM-MNO-075,Nykaa,Baby Face Malai Multi-Nut Oats Vit-E,Baby Face Malai,7,7,7,2155.19
"Aug 10, 2026",FC-AC-OK-050,Nykaa,Active Orange Kiwi Vit-C Gel,Active Gel,4,4,5,1935.52
"Aug 10, 2026",FC-HDDM-PT-030,First Cry,Pomegranate Tulsi (Hot Dry) 13 - 19 Yrs Face Malai,Face Malai,1,1,1,190
"Aug 10, 2026",FC-HHDM-FC-050,D2C,Flax Carrot (Hot Humid) 35+ Face Malai - 50g,Face Malai,6,6,12,2240.29
"Aug 10, 2026",FC-AC-OV-050,Nykaa,Active Olive Vit-E Night Gel,Active Gel,2,2,2,774.89
"Aug 10, 2026",FC-HDDM-TR-030,D2C,Tomato Rosehip (Hot Dry) 20 - 35 Yrs Face Malai - 30g,Face Malai,1,1,1,297.9
"Aug 10, 2026",FC-DM-AA-030,Nykaa,Clove Tea-Tree (Anti-Acne) Face Malai,Face Malai,2,2,2,655.16
"Aug 11, 2026",FC-CWDM-FW-030,Nykaa,Flax Walnut (Cold) 35+ Face Malai,Face Malai,1,1,2,626
"Aug 11, 2026",FC-HHDM-TV-005,Amazon,Tomato Vetiver (Hot Humid) 20 - 35 Yrs Face Malai - 5g - Brand starter,Face Malai,1,1,1,66.67
"Aug 11, 2026",FC-HDDM-TR-030,Cred,Tomato Rosehip (Hot Dry) 20 - 35 Yrs Face Malai - 30g,Face Malai,3,2,3,537
"Aug 11, 2026",FC-DM-AA-030,Pop Club,Clove Tea-Tree (Anti-Acne) Face Malai,Face Malai,1,1,1,259
"Aug 11, 2026",FC-AC-OV-050,First Cry,Active Olive Vit-E Night Gel,Active Gel,1,1,1,235.5
"Aug 11, 2026",FC-HDDM-FB-030,Amazon,Flax Bakuchi (Hot Dry) 35+ Face Malai - 30g,Face Malai,1,1,1,334.95
"Aug 11, 2026",FC-DM-PG-030,Flipkart,Turmeric Nutmeg (Pigmentation)  Face Malai - 30g,Face Malai,4,4,4,844
"Aug 11, 2026",FC-HDDM-FB-050,D2C,Flax Bakuchi (Hot Dry) 35+ Face Malai - 50g,Face Malai,2,2,4,634
"Aug 11, 2026",FC-HHDM-TV-030,Nykaa,Tomato Vetiver (Hot Humid) 20 - 35 Yrs Face Malai,Face Malai,1,1,1,302
"Aug 11, 2026",FC-HDDM-TR-050,D2C,Tomato Rosehip (Hot Dry) 20 - 35 Yrs Face Malai - 50g,Face Malai,4,4,8,1347.15
"Aug 11, 2026",EC-UE-FNC-020,Pop Club,Netraa Cream - UnderEye Vit-E Cream,Pure Netraa,3,3,3,657
"Aug 11, 2026",FC-DM-AA-030,Amazon,Clove Tea-Tree (Anti-Acne) Face Malai,Face Malai,3,3,3,913.5
"Aug 11, 2026",FC-DM-PG-030,Pop Club,Turmeric Nutmeg (Pigmentation)  Face Malai - 30g,Face Malai,1,1,1,259
"Aug 11, 2026",FC-AC-OK-050,Amazon,Active Orange Kiwi Vit-C Gel,Active Gel,3,3,3,1130.85
"Aug 11, 2026",FC-HDDM-PT-030,D2C,Pomegranate Tulsi (Hot Dry) 13 - 19 Yrs Face Malai,Face Malai,2,2,2,569
"Aug 11, 2026",FC-HHDM-TV-030,Flipkart,Tomato Vetiver (Hot Humid) 20 - 35 Yrs Face Malai,Face Malai,3,3,3,624
"Aug 11, 2026",FC-AC-NT-050,Nykaa,Active Neem TeaTree Gel,Active Gel,2,2,2,762
"Aug 11, 2026",EC-UE-FNC-020,Myntra,Netraa Cream - UnderEye Vit-E Cream,Pure Netraa,5,5,5,1615
"Aug 11, 2026",FC-HHDM-TV-030,D2C,Tomato Vetiver (Hot Humid) 20 - 35 Yrs Face Malai,Face Malai,10,10,10,2292.34
"Aug 11, 2026",FC-AC-NT-050,Meesho,Active Neem TeaTree Gel,Active Gel,1,1,1,324
"Aug 11, 2026",FC-DM-PG-030,D2C,Turmeric Nutmeg (Pigmentation)  Face Malai - 30g,Face Malai,14,14,14,3910.69
"Aug 11, 2026",FC-DM-PG-030,Nykaa,Turmeric Nutmeg (Pigmentation)  Face Malai - 30g,Face Malai,5,5,6,1993.32
"Aug 11, 2026",FC-HDDM-FB-030,Flipkart,Flax Bakuchi (Hot Dry) 35+ Face Malai - 30g,Face Malai,1,1,1,207
"Aug 11, 2026",FC-HHDM-TV-030,Myntra,Tomato Vetiver (Hot Humid) 20 - 35 Yrs Face Malai,Face Malai,1,1,1,328
"Aug 11, 2026",FC-HHDM-TV-030,First Cry,Tomato Vetiver (Hot Humid) 20 - 35 Yrs Face Malai,Face Malai,1,1,1,197
"Aug 11, 2026",FC-DM-NR-030,Amazon,Cocoa Mogra (Overnight) Face Malai - 30g,Face Malai,7,7,7,2344.65
"Aug 11, 2026",EC-UE-PN-009,Myntra,Netraa - Under Eye Roll On Serum,Pure Netraa,1,1,1,313
"Aug 11, 2026",FC-HDDM-TR-030,D2C,Tomato Rosehip (Hot Dry) 20 - 35 Yrs Face Malai - 30g,Face Malai,2,2,2,613.32
"Aug 11, 2026",FC-DM-PG-030,Cred,Turmeric Nutmeg (Pigmentation)  Face Malai - 30g,Face Malai,2,2,2,298
"Aug 11, 2026",BA-FM-MNO-075,D2C,Baby Face Malai Multi-Nut Oats Vit-E,Baby Face Malai,13,13,19,4762.66
"Aug 11, 2026",FC-DM-DP-030,Amazon,Honey Multi-Nut (Dry & Peeling Skin) Face Malai,Face Malai,1,1,1,315
"Aug 11, 2026",FC-HHDM-GAT-030,D2C,GreenApple Tulsi (Hot Humid) 13 - 19 Yrs Face Malai,Face Malai,2,2,2,476.29
"Aug 11, 2026",FC-DM-PG-030,Amazon,Turmeric Nutmeg (Pigmentation)  Face Malai - 30g,Face Malai,12,12,26,8708.7
"Aug 11, 2026",EC-UE-PN-009,First Cry,Netraa - Under Eye Roll On Serum,Pure Netraa,1,1,1,188
"Aug 11, 2026",FC-HDDM-TR-030,Nykaa,Tomato Rosehip (Hot Dry) 20 - 35 Yrs Face Malai - 30g,Face Malai,1,1,1,302
"Aug 11, 2026",FC-HDDM-FB-030,Nykaa,Flax Bakuchi (Hot Dry) 35+ Face Malai - 30g,Face Malai,2,2,2,624.33
"Aug 11, 2026",FC-CWDM-FW-030,First Cry,Flax Walnut (Cold) 35+ Face Malai,Face Malai,1,1,1,351.92
"Aug 11, 2026",EC-UE-FNC-020,Nykaa,Netraa Cream - UnderEye Vit-E Cream,Pure Netraa,7,7,7,2208.14
"Aug 11, 2026",BA-FM-MNO-075,Amazon,Baby Face Malai Multi-Nut Oats Vit-E,Baby Face Malai,1,1,1,300.72
"Aug 11, 2026",EC-UE-PN-009,Flipkart,Netraa - Under Eye Roll On Serum,Pure Netraa,2,2,2,382
"Aug 11, 2026",FC-DM-NR-050,D2C,Cocoa Mogra (Overnight) Face Malai - 50g ,Face Malai,1,1,2,320.4
"Aug 11, 2026",EC-UE-PN-009,D2C,Netraa - Under Eye Roll On Serum,Pure Netraa,20,20,21,5155.12
"Aug 11, 2026",FC-DM-AA-030,Nykaa,Clove Tea-Tree (Anti-Acne) Face Malai,Face Malai,2,2,2,596.98
"Aug 11, 2026",FC-AC-NT-050,D2C,Active Neem TeaTree Gel,Active Gel,5,5,5,1835.63
"Aug 11, 2026",FC-AC-BT-050,D2C,Active Beetroot Tomato Vit-A Gel,Active Gel,6,6,6,2017.99
"Aug 11, 2026",FC-DM-PG-050,D2C,Turmeric Nutmeg (Pigmentation)  Face Malai - 50g ,Face Malai,9,9,20,3882.61
"Aug 11, 2026",FC-HHDM-TV-030,Amazon,Tomato Vetiver (Hot Humid) 20 - 35 Yrs Face Malai,Face Malai,3,3,3,945
"Aug 11, 2026",BA-FM-MNO-075,First Cry,Baby Face Malai Multi-Nut Oats Vit-E,Baby Face Malai,7,7,7,1960.18
"Aug 11, 2026",FC-AC-OK-050,Pop Club,Active Orange Kiwi Vit-C Gel,Active Gel,2,2,2,498
"Aug 11, 2026",EC-UE-PN-009,Cred,Netraa - Under Eye Roll On Serum,Pure Netraa,1,1,1,159
"Aug 11, 2026",FC-CWDM-FW-030,Flipkart,Flax Walnut (Cold) 35+ Face Malai,Face Malai,1,1,1,211
"Aug 11, 2026",FC-DM-NR-030,D2C,Cocoa Mogra (Overnight) Face Malai - 30g,Face Malai,8,8,8,2618
"Aug 11, 2026",FC-DM-AA-030,D2C,Clove Tea-Tree (Anti-Acne) Face Malai,Face Malai,9,9,9,2842.3
"Aug 11, 2026",FC-CWDM-FW-030,Amazon,Flax Walnut (Cold) 35+ Face Malai,Face Malai,3,3,3,1017.45
"Aug 11, 2026",FC-HHDM-TV-050,Amazon,Tomato Vetiver (Hot Humid) 20 - 35 Yrs Face Malai - 50g,Face Malai,4,4,4,1576.48
"Aug 11, 2026",FC-HHDM-TV-050,Flipkart,Tomato Vetiver (Hot Humid) 20 - 35 Yrs Face Malai - 50g,Face Malai,1,1,1,285
"Aug 11, 2026",FC-AC-BT-050,Nykaa,Active Beetroot Tomato Vit-A Gel,Active Gel,2,2,2,759.63
"Aug 11, 2026",FC-CWDM-TP-030,First Cry,Tomato Patchouli (Cold) 20 - 35 Yrs Face Malai,Face Malai,1,1,1,200
"Aug 11, 2026",FC-AC-OV-050,Nykaa,Active Olive Vit-E Night Gel,Active Gel,1,1,1,391
"Aug 11, 2026",FC-HHDM-FC-030,Cred,Flax Carrot (Hot Humid) 35+ Face Malai - 30g,Face Malai,2,2,2,398
"Aug 11, 2026",FC-AC-OK-050,Nykaa,Active Orange Kiwi Vit-C Gel,Active Gel,4,4,4,1559.47
"Aug 11, 2026",FC-HDDM-FB-030,D2C,Flax Bakuchi (Hot Dry) 35+ Face Malai - 30g,Face Malai,3,3,3,890.23
"Aug 11, 2026",FC-DM-NR-030,Pop Club,Cocoa Mogra (Overnight) Face Malai - 30g,Face Malai,1,1,1,259
"Aug 11, 2026",EC-UE-FNC-020,First Cry,Netraa Cream - UnderEye Vit-E Cream,Pure Netraa,4,3,4,776
"Aug 11, 2026",FC-AC-OK-050,Cred,Active Orange Kiwi Vit-C Gel,Active Gel,5,4,5,674.8
"Aug 11, 2026",FC-HHDM-FC-030,D2C,Flax Carrot (Hot Humid) 35+ Face Malai - 30g,Face Malai,7,7,7,2046.74
"Aug 11, 2026",FC-HDDM-TR-030,Amazon,Tomato Rosehip (Hot Dry) 20 - 35 Yrs Face Malai - 30g,Face Malai,1,1,1,315
"Aug 11, 2026",FC-DM-DP-030,D2C,Honey Multi-Nut (Dry & Peeling Skin) Face Malai,Face Malai,5,5,7,2106.17
"Aug 11, 2026",FC-HHDM-TV-050,D2C,Tomato Vetiver (Hot Humid) 20 - 35 Yrs Face Malai - 50g,Face Malai,4,4,4,1295.03
"Aug 11, 2026",FC-CWDM-FW-030,D2C,Flax Walnut (Cold) 35+ Face Malai,Face Malai,2,2,2,669.87
"Aug 11, 2026",FC-AC-OK-050,D2C,Active Orange Kiwi Vit-C Gel,Active Gel,13,13,14,4499.29
"Aug 11, 2026",FC-HHDM-FC-050,D2C,Flax Carrot (Hot Humid) 35+ Face Malai - 50g,Face Malai,6,6,12,1981.56
"Aug 11, 2026",EC-UE-PN-009,Nykaa,Netraa - Under Eye Roll On Serum,Pure Netraa,8,8,8,2483.29
"Aug 11, 2026",BA-FM-MNO-075,Nykaa,Baby Face Malai Multi-Nut Oats Vit-E,Baby Face Malai,4,4,5,1532.03
"Aug 11, 2026",BC-BL-PM-250,Flipkart,Peach Milk Malai Lotion - 250ml,Face Malai,9,9,9,1575
"Aug 11, 2026",EC-UE-FNC-020,D2C,Netraa Cream - UnderEye Vit-E Cream,Pure Netraa,13,13,15,4016.69
"Aug 11, 2026",FC-HDDM-FB-030,First Cry,Flax Bakuchi (Hot Dry) 35+ Face Malai - 30g,Face Malai,2,2,2,377
"Aug 11, 2026",FC-AC-AC-050,D2C,Active Aloe Cactus Hydra Lift Gel,Active Gel,1,1,2,765.63
"Aug 11, 2026",EC-UE-PN-009,Amazon,Netraa - Under Eye Roll On Serum,Pure Netraa,1,1,1,301.35
"Aug 11, 2026",FC-HDDM-FB-030,Cred,Flax Bakuchi (Hot Dry) 35+ Face Malai - 30g,Face Malai,1,1,1,199
"Aug 11, 2026",FC-AC-OK-050,First Cry,Active Orange Kiwi Vit-C Gel,Active Gel,1,1,1,235.5
"Aug 11, 2026",FC-CWDM-TP-030,D2C,Tomato Patchouli (Cold) 20 - 35 Yrs Face Malai,Face Malai,3,3,3,765.61
"Aug 11, 2026",FC-DM-DP-030,Myntra,Honey Multi-Nut (Dry & Peeling Skin) Face Malai,Face Malai,1,1,1,328
"Aug 11, 2026",FC-AC-AC-050,Flipkart,Active Aloe Cactus Hydra Lift Gel,Active Gel,1,1,1,239.5
"Aug 11, 2026",FC-HHDM-TV-030,Cred,Tomato Vetiver (Hot Humid) 20 - 35 Yrs Face Malai,Face Malai,2,2,2,358
"Aug 11, 2026",FC-DM-NR-050,Flipkart,Cocoa Mogra (Overnight) Face Malai - 50g ,Face Malai,2,2,4,751.5
"Aug 11, 2026",FC-DM-NR-030,Cred,Cocoa Mogra (Overnight) Face Malai - 30g,Face Malai,1,1,1,199
"Aug 11, 2026",FC-DM-AA-030,Meesho,Clove Tea-Tree (Anti-Acne) Face Malai,Face Malai,1,1,1,372
"Aug 11, 2026",FC-DM-NR-030,Myntra,Cocoa Mogra (Overnight) Face Malai - 30g,Face Malai,1,1,1,348
"Aug 11, 2026",FC-AC-OK-050,Flipkart,Active Orange Kiwi Vit-C Gel,Active Gel,1,1,1,223.5
"Aug 11, 2026",FC-AC-OV-050,D2C,Active Olive Vit-E Night Gel,Active Gel,8,8,9,3187.13
"Aug 11, 2026",FC-HHDM-FC-030,Flipkart,Flax Carrot (Hot Humid) 35+ Face Malai - 30g,Face Malai,1,1,1,225
"Aug 11, 2026",FC-DM-NR-030,Nykaa,Cocoa Mogra (Overnight) Face Malai - 30g,Face Malai,1,1,1,331.8
"Aug 11, 2026",EC-UE-FNC-020,Flipkart,Netraa Cream - UnderEye Vit-E Cream,Pure Netraa,2,2,2,368
"Aug 11, 2026",FC-AC-NT-050,Amazon,Active Neem TeaTree Gel,Active Gel,3,3,3,1102.5
"Aug 11, 2026",FC-DM-DP-030,Nykaa,Honey Multi-Nut (Dry & Peeling Skin) Face Malai,Face Malai,1,1,1,313
"Aug 12, 2026",EC-UE-PN-009,Nykaa,Netraa - Under Eye Roll On Serum,Pure Netraa,12,12,13,4048.8
"Aug 12, 2026",FC-HHDM-FC-030,Nykaa,Flax Carrot (Hot Humid) 35+ Face Malai - 30g,Face Malai,2,2,3,931.54
"Aug 12, 2026",FC-DM-NR-030,D2C,Cocoa Mogra (Overnight) Face Malai - 30g,Face Malai,10,10,11,3419
"Aug 12, 2026",FC-AC-OK-050,Cred,Active Orange Kiwi Vit-C Gel,Active Gel,5,5,5,675.4
"Aug 12, 2026",FC-DM-AA-030,Amazon,Clove Tea-Tree (Anti-Acne) Face Malai,Face Malai,3,3,3,913.5
"Aug 12, 2026",FC-HHDM-FC-030,First Cry,Flax Carrot (Hot Humid) 35+ Face Malai - 30g,Face Malai,1,1,1,188.5
"Aug 12, 2026",FC-HDDM-TR-050,D2C,Tomato Rosehip (Hot Dry) 20 - 35 Yrs Face Malai - 50g,Face Malai,1,1,2,263.4
"Aug 12, 2026",FC-AC-OV-050,D2C,Active Olive Vit-E Night Gel,Active Gel,11,11,11,4032.69
"Aug 12, 2026",FC-CWDM-FW-030,D2C,Flax Walnut (Cold) 35+ Face Malai,Face Malai,1,1,1,188.5
"Aug 12, 2026",BA-FM-MNO-075,Nykaa,Baby Face Malai Multi-Nut Oats Vit-E,Baby Face Malai,2,2,2,619.79
"Aug 12, 2026",FC-DM-PG-030,Myntra,Turmeric Nutmeg (Pigmentation)  Face Malai - 30g,Face Malai,2,2,2,696
"Aug 12, 2026",FC-AC-BT-050,Myntra,Active Beetroot Tomato Vit-A Gel,Active Gel,1,1,1,382
"Aug 12, 2026",FC-AC-NT-050,Flipkart,Active Neem TeaTree Gel,Active Gel,2,2,4,1078
"Aug 12, 2026",FC-AC-NT-050,Nykaa,Active Neem TeaTree Gel,Active Gel,2,2,2,762
"Aug 12, 2026",FC-AC-OK-050,Myntra,Active Orange Kiwi Vit-C Gel,Active Gel,1,1,1,391
"Aug 12, 2026",FC-DM-PG-030,Nykaa,Turmeric Nutmeg (Pigmentation)  Face Malai - 30g,Face Malai,8,8,8,2655.28
"Aug 12, 2026",FC-CWDM-FW-030,Amazon,Flax Walnut (Cold) 35+ Face Malai,Face Malai,8,8,8,2713.2
"Aug 12, 2026",FC-DM-AA-030,D2C,Clove Tea-Tree (Anti-Acne) Face Malai,Face Malai,7,7,7,1883.11
"Aug 12, 2026",FC-HDDM-TR-030,Myntra,Tomato Rosehip (Hot Dry) 20 - 35 Yrs Face Malai - 30g,Face Malai,1,1,1,328
"Aug 12, 2026",EC-UE-FNC-020,Myntra,Netraa Cream - UnderEye Vit-E Cream,Pure Netraa,2,2,2,646
"Aug 12, 2026",BC-BL-PM-250,D2C,Peach Milk Malai Lotion - 250ml,Face Malai,1,1,1,239.11
"Aug 12, 2026",EC-UE-PN-009,D2C,Netraa - Under Eye Roll On Serum,Pure Netraa,22,22,23,5612.12
"Aug 12, 2026",FC-HHDM-GAT-030,D2C,GreenApple Tulsi (Hot Humid) 13 - 19 Yrs Face Malai,Face Malai,5,5,5,1324.46
"Aug 12, 2026",FC-DM-NR-030,Flipkart,Cocoa Mogra (Overnight) Face Malai - 30g,Face Malai,2,2,2,450
"Aug 12, 2026",FC-DM-NR-030,Nykaa,Cocoa Mogra (Overnight) Face Malai - 30g,Face Malai,1,1,1,333
"Aug 12, 2026",FC-DM-AA-030,First Cry,Clove Tea-Tree (Anti-Acne) Face Malai,Face Malai,1,1,1,190
"Aug 12, 2026",FC-AC-BT-050,D2C,Active Beetroot Tomato Vit-A Gel,Active Gel,8,8,11,3280.35
"Aug 12, 2026",FC-HHDM-TV-050,Amazon,Tomato Vetiver (Hot Humid) 20 - 35 Yrs Face Malai - 50g,Face Malai,1,1,1,394.12
"Aug 12, 2026",BA-FM-MNO-075,Meesho,Baby Face Malai Multi-Nut Oats Vit-E,Baby Face Malai,1,1,1,302
"Aug 12, 2026",FC-DM-NR-030,Pop Club,Cocoa Mogra (Overnight) Face Malai - 30g,Face Malai,1,1,1,259
"Aug 12, 2026",FC-HDDM-FB-030,D2C,Flax Bakuchi (Hot Dry) 35+ Face Malai - 30g,Face Malai,2,2,2,589.33
"Aug 12, 2026",EC-UE-FNC-020,Flipkart,Netraa Cream - UnderEye Vit-E Cream,Pure Netraa,2,2,2,389
"Aug 12, 2026",FC-AC-OK-050,Pop Club,Active Orange Kiwi Vit-C Gel,Active Gel,1,1,1,249
"Aug 12, 2026",FC-DM-NR-030,Amazon,Cocoa Mogra (Overnight) Face Malai - 30g,Face Malai,9,9,9,3014.55
"Aug 12, 2026",FC-DM-PG-030,Amazon,Turmeric Nutmeg (Pigmentation)  Face Malai - 30g,Face Malai,25,25,27,9043.65
"Aug 12, 2026",FC-AC-OK-050,Nykaa,Active Orange Kiwi Vit-C Gel,Active Gel,3,3,3,1173
"Aug 12, 2026",FC-DM-PG-030,Flipkart Fulfilled,Turmeric Nutmeg (Pigmentation)  Face Malai - 30g,Face Malai,1,1,1,193
"Aug 12, 2026",FC-CWDM-BT-030,D2C,Winter Blackseed Tulsi (Cold) 13 - 19 Yrs Face Malai,Face Malai,1,1,1,322
"Aug 12, 2026",FC-AC-OV-050,Nykaa,Active Olive Vit-E Night Gel,Active Gel,2,2,2,782
"Aug 12, 2026",FC-HHDM-TV-050,D2C,Tomato Vetiver (Hot Humid) 20 - 35 Yrs Face Malai - 50g,Face Malai,2,2,2,750
"Aug 12, 2026",FC-DM-DP-030,First Cry,Honey Multi-Nut (Dry & Peeling Skin) Face Malai,Face Malai,1,1,1,150.8
"Aug 12, 2026",BC-BL-PM-250,Flipkart,Peach Milk Malai Lotion - 250ml,Face Malai,5,5,5,875
"Aug 12, 2026",EC-UE-FNC-020,D2C,Netraa Cream - UnderEye Vit-E Cream,Pure Netraa,18,18,18,4041.63
"Aug 12, 2026",FC-DM-PG-050,D2C,Turmeric Nutmeg (Pigmentation)  Face Malai - 50g ,Face Malai,20,20,40,8002.33
"Aug 12, 2026",EC-UE-PN-009,Amazon,Netraa - Under Eye Roll On Serum,Pure Netraa,3,3,3,904.05
"Aug 12, 2026",BA-FM-MNO-075,Flipkart Fulfilled,Baby Face Malai Multi-Nut Oats Vit-E,Baby Face Malai,1,1,1,144
"Aug 12, 2026",FC-HDDM-FB-030,Nykaa,Flax Bakuchi (Hot Dry) 35+ Face Malai - 30g,Face Malai,1,1,1,307.9
"Aug 12, 2026",BA-FM-MNO-075,Amazon,Baby Face Malai Multi-Nut Oats Vit-E,Baby Face Malai,4,4,4,1171.23
"Aug 12, 2026",FC-HHDM-TV-030,Amazon,Tomato Vetiver (Hot Humid) 20 - 35 Yrs Face Malai,Face Malai,1,1,1,315
"Aug 12, 2026",FC-DM-DP-030,D2C,Honey Multi-Nut (Dry & Peeling Skin) Face Malai,Face Malai,2,2,2,618
"Aug 12, 2026",FC-HHDM-TV-030,Pop Club,Tomato Vetiver (Hot Humid) 20 - 35 Yrs Face Malai,Face Malai,2,2,2,518
"Aug 12, 2026",EC-UE-FNC-020,Nykaa,Netraa Cream - UnderEye Vit-E Cream,Pure Netraa,4,4,4,1280.64
"Aug 12, 2026",FC-DM-NR-030,First Cry,Cocoa Mogra (Overnight) Face Malai - 30g,Face Malai,1,1,1,180.45
"Aug 12, 2026",FC-HDDM-FB-030,First Cry,Flax Bakuchi (Hot Dry) 35+ Face Malai - 30g,Face Malai,1,1,1,150.8
"Aug 12, 2026",EC-UE-FNC-020,Pop Club,Netraa Cream - UnderEye Vit-E Cream,Pure Netraa,1,1,1,219
"Aug 12, 2026",FC-HHDM-TV-030,Flipkart,Tomato Vetiver (Hot Humid) 20 - 35 Yrs Face Malai,Face Malai,1,1,1,208
"Aug 12, 2026",FC-AC-OK-050,D2C,Active Orange Kiwi Vit-C Gel,Active Gel,17,17,18,6277.97
"Aug 12, 2026",FC-AC-OK-050,Amazon,Active Orange Kiwi Vit-C Gel,Active Gel,4,4,4,1507.8
"Aug 12, 2026",FC-CWDM-FW-030,Pharmeasy,Flax Walnut (Cold) 35+ Face Malai,Face Malai,1,1,1,334.96
"Aug 12, 2026",BA-FM-MNO-075,D2C,Baby Face Malai Multi-Nut Oats Vit-E,Baby Face Malai,9,9,9,2349.32
"Aug 12, 2026",FC-DM-PG-030,Cred,Turmeric Nutmeg (Pigmentation)  Face Malai - 30g,Face Malai,1,1,1,173.29
"Aug 12, 2026",FC-HHDM-FC-030,D2C,Flax Carrot (Hot Humid) 35+ Face Malai - 30g,Face Malai,7,7,8,2124.4
"Aug 12, 2026",FC-DM-DP-030,Nykaa,Honey Multi-Nut (Dry & Peeling Skin) Face Malai,Face Malai,1,1,1,313
"Aug 12, 2026",BA-FM-MNO-075,First Cry,Baby Face Malai Multi-Nut Oats Vit-E,Baby Face Malai,4,4,4,1240.76
"Aug 12, 2026",BC-BL-PM-250,Flipkart Fulfilled,Peach Milk Malai Lotion - 250ml,Face Malai,3,3,3,525
"Aug 12, 2026",FC-HHDM-FC-030,Tata Cliq,Flax Carrot (Hot Humid) 35+ Face Malai - 30g,Face Malai,1,1,1,364.67
"Aug 12, 2026",FC-AC-NT-050,D2C,Active Neem TeaTree Gel,Active Gel,10,10,10,3503.45
"Aug 12, 2026",FC-DM-AA-030,Flipkart Fulfilled,Clove Tea-Tree (Anti-Acne) Face Malai,Face Malai,1,1,1,296
"Aug 12, 2026",FC-AC-NT-050,Snapdeal,Active Neem TeaTree Gel,Active Gel,1,1,1,323
"Aug 12, 2026",FC-HHDM-TV-030,Nykaa,Tomato Vetiver (Hot Humid) 20 - 35 Yrs Face Malai,Face Malai,3,3,3,906
"Aug 12, 2026",EC-UE-PN-009,Flipkart,Netraa - Under Eye Roll On Serum,Pure Netraa,2,2,2,382
"Aug 12, 2026",FC-DM-PG-030,Flipkart,Turmeric Nutmeg (Pigmentation)  Face Malai - 30g,Face Malai,5,5,7,1521.3
"Aug 12, 2026",FC-DM-NR-050,D2C,Cocoa Mogra (Overnight) Face Malai - 50g ,Face Malai,3,3,6,1185.8
"Aug 12, 2026",BA-FM-MNO-075,Myntra,Baby Face Malai Multi-Nut Oats Vit-E,Baby Face Malai,1,1,1,313
"Aug 12, 2026",FC-AC-OK-050,Flipkart,Active Orange Kiwi Vit-C Gel,Active Gel,3,3,3,732
"Aug 12, 2026",FC-AC-OK-050,Flipkart Fulfilled,Active Orange Kiwi Vit-C Gel,Active Gel,1,1,1,244
"Aug 12, 2026",FC-DM-AA-030,Nykaa,Clove Tea-Tree (Anti-Acne) Face Malai,Face Malai,4,4,6,1583.34
"Aug 12, 2026",FC-HHDM-FC-050,D2C,Flax Carrot (Hot Humid) 35+ Face Malai - 50g,Face Malai,8,8,16,2753.5
"Aug 12, 2026",FC-DM-DP-030,Myntra,Honey Multi-Nut (Dry & Peeling Skin) Face Malai,Face Malai,1,1,1,328
"Aug 12, 2026",FC-HDDM-FB-050,D2C,Flax Bakuchi (Hot Dry) 35+ Face Malai - 50g,Face Malai,3,3,8,1341.13
"Aug 12, 2026",FC-DM-PG-030,D2C,Turmeric Nutmeg (Pigmentation)  Face Malai - 30g,Face Malai,19,19,20,5761.12
"Aug 12, 2026",FC-HHDM-TV-030,D2C,Tomato Vetiver (Hot Humid) 20 - 35 Yrs Face Malai,Face Malai,11,11,12,2814.38
"Aug 12, 2026",FC-AC-AC-050,D2C,Active Aloe Cactus Hydra Lift Gel,Active Gel,3,3,3,1111
"Aug 12, 2026",EC-UE-PN-009,First Cry,Netraa - Under Eye Roll On Serum,Pure Netraa,1,1,1,150.4
"Aug 12, 2026",FC-DM-NR-030,Myntra,Cocoa Mogra (Overnight) Face Malai - 30g,Face Malai,1,1,1,348
"Aug 12, 2026",FC-CWDM-TP-030,Flipkart,Tomato Patchouli (Cold) 20 - 35 Yrs Face Malai,Face Malai,1,1,1,212
"Aug 13, 2026",FC-HDDM-FB-050,D2C,Flax Bakuchi (Hot Dry) 35+ Face Malai - 50g,Face Malai,2,2,4,800
"Aug 13, 2026",FC-HHDM-FC-050,D2C,Flax Carrot (Hot Humid) 35+ Face Malai - 50g,Face Malai,3,3,8,1527.6
"Aug 13, 2026",FC-AC-OV-050,D2C,Active Olive Vit-E Night Gel,Active Gel,5,5,5,1790.74
"Aug 13, 2026",FC-AC-OK-050,Flipkart Fulfilled,Active Orange Kiwi Vit-C Gel,Active Gel,1,1,1,244
"Aug 13, 2026",FC-HDDM-TR-050,D2C,Tomato Rosehip (Hot Dry) 20 - 35 Yrs Face Malai - 50g,Face Malai,2,2,4,750
"Aug 13, 2026",BA-FM-MNO-075,First Cry,Baby Face Malai Multi-Nut Oats Vit-E,Baby Face Malai,6,5,6,1638.22
"Aug 13, 2026",FC-HDDM-FB-030,D2C,Flax Bakuchi (Hot Dry) 35+ Face Malai - 30g,Face Malai,3,3,3,915.13
"Aug 13, 2026",FC-DM-NR-030,Pop Club,Cocoa Mogra (Overnight) Face Malai - 30g,Face Malai,2,2,2,518
"Aug 13, 2026",FC-HHDM-TV-030,D2C,Tomato Vetiver (Hot Humid) 20 - 35 Yrs Face Malai,Face Malai,9,9,9,1986.57
"Aug 13, 2026",BA-FM-MNO-075,Meesho,Baby Face Malai Multi-Nut Oats Vit-E,Baby Face Malai,2,2,2,604
"Aug 13, 2026",FC-HDDM-PT-030,D2C,Pomegranate Tulsi (Hot Dry) 13 - 19 Yrs Face Malai,Face Malai,1,1,1,322
"Aug 13, 2026",FC-HHDM-TV-030,Flipkart,Tomato Vetiver (Hot Humid) 20 - 35 Yrs Face Malai,Face Malai,3,3,3,624
"Aug 13, 2026",EC-UE-PN-009,D2C,Netraa - Under Eye Roll On Serum,Pure Netraa,18,18,19,5036.79
"Aug 13, 2026",FC-DM-NR-030,Nykaa,Cocoa Mogra (Overnight) Face Malai - 30g,Face Malai,4,4,4,1289.02
"Aug 13, 2026",FC-CWDM-FW-030,Nykaa,Flax Walnut (Cold) 35+ Face Malai,Face Malai,1,1,1,313
"Aug 13, 2026",FC-CWDM-FW-030,D2C,Flax Walnut (Cold) 35+ Face Malai,Face Malai,1,1,1,334
"Aug 13, 2026",EC-UE-FNC-020,First Cry,Netraa Cream - UnderEye Vit-E Cream,Pure Netraa,1,1,1,194
"Aug 13, 2026",FC-AC-OV-050,Flipkart,Active Olive Vit-E Night Gel,Active Gel,1,1,1,238
"Aug 13, 2026",FC-AC-OK-050,Pop Club,Active Orange Kiwi Vit-C Gel,Active Gel,7,7,11,5229
"Aug 13, 2026",FC-AC-NT-050,Flipkart,Active Neem TeaTree Gel,Active Gel,2,2,2,449.5
"Aug 13, 2026",FC-DM-NR-030,D2C,Cocoa Mogra (Overnight) Face Malai - 30g,Face Malai,7,7,7,1997.98
"Aug 13, 2026",FC-DM-PG-030,Amazon,Turmeric Nutmeg (Pigmentation)  Face Malai - 30g,Face Malai,20,20,21,7033.95
"Aug 13, 2026",EC-UE-PN-009,Amazon,Netraa - Under Eye Roll On Serum,Pure Netraa,1,1,1,301.35
"Aug 13, 2026",FC-AC-OK-050,Amazon,Active Orange Kiwi Vit-C Gel,Active Gel,4,4,4,1507.8
"Aug 13, 2026",FC-DM-NR-030,Cred,Cocoa Mogra (Overnight) Face Malai - 30g,Face Malai,1,1,1,174.5
"Aug 13, 2026",FC-HHDM-TV-050,Myntra,Tomato Vetiver (Hot Humid) 20 - 35 Yrs Face Malai - 50g,Face Malai,1,1,1,375
"Aug 13, 2026",FC-DM-PG-030,D2C,Turmeric Nutmeg (Pigmentation)  Face Malai - 30g,Face Malai,15,15,16,4956.08
"Aug 13, 2026",FC-HDDM-TR-030,D2C,Tomato Rosehip (Hot Dry) 20 - 35 Yrs Face Malai - 30g,Face Malai,1,1,1,322
"Aug 13, 2026",FC-HHDM-TV-050,D2C,Tomato Vetiver (Hot Humid) 20 - 35 Yrs Face Malai - 50g,Face Malai,2,2,2,638.4
"Aug 13, 2026",EC-UE-FNC-020,Pop Club,Netraa Cream - UnderEye Vit-E Cream,Pure Netraa,5,5,5,1095
"Aug 13, 2026",FC-DM-AA-030,D2C,Clove Tea-Tree (Anti-Acne) Face Malai,Face Malai,6,6,6,1601.68
"Aug 13, 2026",BA-FM-MNO-075,Nykaa,Baby Face Malai Multi-Nut Oats Vit-E,Baby Face Malai,5,5,5,1553.64
"Aug 13, 2026",FC-HDDM-TR-030,Cred,Tomato Rosehip (Hot Dry) 20 - 35 Yrs Face Malai - 30g,Face Malai,1,1,1,179
"Aug 13, 2026",FC-DM-DP-030,First Cry,Honey Multi-Nut (Dry & Peeling Skin) Face Malai,Face Malai,1,1,1,188.5
"Aug 13, 2026",FC-AC-OK-050,Flipkart,Active Orange Kiwi Vit-C Gel,Active Gel,1,1,2,555
"Aug 13, 2026",FC-HDDM-TR-030,Nykaa,Tomato Rosehip (Hot Dry) 20 - 35 Yrs Face Malai - 30g,Face Malai,1,1,1,302
"Aug 13, 2026",FC-DM-NR-050,Flipkart,Cocoa Mogra (Overnight) Face Malai - 50g ,Face Malai,1,1,2,391
"Aug 13, 2026",FC-CWDM-TP-030,D2C,Tomato Patchouli (Cold) 20 - 35 Yrs Face Malai,Face Malai,2,2,2,486.61
"Aug 13, 2026",FC-AC-OK-050,Nykaa,Active Orange Kiwi Vit-C Gel,Active Gel,3,3,3,1103.72
"Aug 13, 2026",FC-DM-NR-030,Amazon,Cocoa Mogra (Overnight) Face Malai - 30g,Face Malai,10,10,11,3684.45
"Aug 13, 2026",EC-UE-PN-009,Flipkart,Netraa - Under Eye Roll On Serum,Pure Netraa,1,1,1,191
"Aug 13, 2026",EC-UE-FNC-020,Flipkart,Netraa Cream - UnderEye Vit-E Cream,Pure Netraa,2,2,2,439.5
"Aug 13, 2026",FC-DM-NR-050,D2C,Cocoa Mogra (Overnight) Face Malai - 50g ,Face Malai,4,4,10,2197.8
"Aug 13, 2026",FC-HHDM-FC-030,D2C,Flax Carrot (Hot Humid) 35+ Face Malai - 30g,Face Malai,3,3,3,946.25
"Aug 13, 2026",FC-HHDM-FC-030,Flipkart,Flax Carrot (Hot Humid) 35+ Face Malai - 30g,Face Malai,2,2,2,450
"Aug 13, 2026",BA-FM-MNO-075,D2C,Baby Face Malai Multi-Nut Oats Vit-E,Baby Face Malai,16,16,18,4732.3
"Aug 13, 2026",EC-UE-PN-009,Cred,Netraa - Under Eye Roll On Serum,Pure Netraa,1,1,1,159
"Aug 13, 2026",FC-DM-PG-030,Nykaa,Turmeric Nutmeg (Pigmentation)  Face Malai - 30g,Face Malai,7,7,7,2328.24
"Aug 13, 2026",FC-HHDM-FC-030,Amazon,Flax Carrot (Hot Humid) 35+ Face Malai - 30g,Face Malai,2,2,2,669.9
"Aug 13, 2026",FC-AC-OK-050,D2C,Active Orange Kiwi Vit-C Gel,Active Gel,18,18,18,5662.44
"Aug 13, 2026",FC-DM-NR-030,Myntra,Cocoa Mogra (Overnight) Face Malai - 30g,Face Malai,2,2,2,647
"Aug 13, 2026",BC-BL-PM-250,Flipkart,Peach Milk Malai Lotion - 250ml,Face Malai,6,6,6,1044
"Aug 13, 2026",EC-UE-FNC-020,D2C,Netraa Cream - UnderEye Vit-E Cream,Pure Netraa,15,15,15,4225.32
"Aug 13, 2026",FC-AC-AC-050,D2C,Active Aloe Cactus Hydra Lift Gel,Active Gel,2,2,2,730.19
"Aug 13, 2026",FC-DM-DP-030,Amazon,Honey Multi-Nut (Dry & Peeling Skin) Face Malai,Face Malai,3,3,4,1260
"Aug 13, 2026",FC-DM-AA-030,Amazon,Clove Tea-Tree (Anti-Acne) Face Malai,Face Malai,3,3,3,913.5
"Aug 13, 2026",FC-AC-OV-050,Cred,Active Olive Vit-E Night Gel,Active Gel,2,2,2,478
"Aug 13, 2026",EC-UE-FNC-020,Myntra,Netraa Cream - UnderEye Vit-E Cream,Pure Netraa,3,3,3,969
"Aug 13, 2026",FC-AC-NT-050,D2C,Active Neem TeaTree Gel,Active Gel,11,11,11,3725.74
"Aug 13, 2026",FC-HDDM-FB-030,Nykaa,Flax Bakuchi (Hot Dry) 35+ Face Malai - 30g,Face Malai,1,1,1,313
"Aug 13, 2026",FC-HHDM-TV-050,Amazon,Tomato Vetiver (Hot Humid) 20 - 35 Yrs Face Malai - 50g,Face Malai,1,1,1,394.12
"Aug 13, 2026",FC-DM-PG-030,Flipkart,Turmeric Nutmeg (Pigmentation)  Face Malai - 30g,Face Malai,4,4,4,838.74
"Aug 13, 2026",FC-DM-PG-030,Snapdeal,Turmeric Nutmeg (Pigmentation)  Face Malai - 30g,Face Malai,1,1,1,292
"Aug 13, 2026",FC-DM-PG-050,D2C,Turmeric Nutmeg (Pigmentation)  Face Malai - 50g ,Face Malai,7,7,14,2836.03
"Aug 13, 2026",FC-HHDM-TV-050,Flipkart,Tomato Vetiver (Hot Humid) 20 - 35 Yrs Face Malai - 50g,Face Malai,1,1,1,285
"Aug 13, 2026",FC-DM-PG-030,Myntra,Turmeric Nutmeg (Pigmentation)  Face Malai - 30g,Face Malai,3,3,3,981
"Aug 13, 2026",EC-UE-PN-009,Myntra,Netraa - Under Eye Roll On Serum,Pure Netraa,2,2,2,578
"Aug 13, 2026",EC-UE-PN-009,First Cry,Netraa - Under Eye Roll On Serum,Pure Netraa,1,1,1,188
"Aug 13, 2026",FC-HDDM-TR-030,Myntra,Tomato Rosehip (Hot Dry) 20 - 35 Yrs Face Malai - 30g,Face Malai,1,1,1,328
"Aug 13, 2026",FC-DM-AA-030,Myntra,Clove Tea-Tree (Anti-Acne) Face Malai,Face Malai,1,1,1,267
"Aug 13, 2026",FC-AC-OK-050,Cred,Active Orange Kiwi Vit-C Gel,Active Gel,8,8,8,1184.32
"Aug 13, 2026",EC-UE-FNC-020,Nykaa,Netraa Cream - UnderEye Vit-E Cream,Pure Netraa,4,4,4,1279.55
"Aug 13, 2026",FC-DM-DP-030,Nykaa,Honey Multi-Nut (Dry & Peeling Skin) Face Malai,Face Malai,1,1,1,309.6
"Aug 13, 2026",FC-AC-NT-050,Nykaa,Active Neem TeaTree Gel,Active Gel,2,2,2,758.31
"Aug 13, 2026",FC-DM-AA-030,Nykaa,Clove Tea-Tree (Anti-Acne) Face Malai,Face Malai,1,1,1,293.04
"Aug 13, 2026",FC-DM-PG-030,Cred,Turmeric Nutmeg (Pigmentation)  Face Malai - 30g,Face Malai,1,1,1,174.5
"Aug 13, 2026",EC-UE-PN-009,Nykaa,Netraa - Under Eye Roll On Serum,Pure Netraa,8,8,8,2481.66
"Aug 14, 2026",FC-HDDM-TR-030,Nykaa,Tomato Rosehip (Hot Dry) 20 - 35 Yrs Face Malai - 30g,Face Malai,1,1,1,299.29
"Aug 14, 2026",FC-CWDM-TP-030,D2C,Tomato Patchouli (Cold) 20 - 35 Yrs Face Malai,Face Malai,1,1,1,218.4
"Aug 14, 2026",FC-AC-AC-050,D2C,Active Aloe Cactus Hydra Lift Gel,Active Gel,3,3,4,1188
"Aug 14, 2026",FC-DM-AA-030,Myntra,Clove Tea-Tree (Anti-Acne) Face Malai,Face Malai,1,1,1,267
"Aug 14, 2026",EC-UE-PN-009,First Cry,Netraa - Under Eye Roll On Serum,Pure Netraa,1,1,1,304.56
"Aug 14, 2026",FC-DM-PG-050,D2C,Turmeric Nutmeg (Pigmentation)  Face Malai - 50g ,Face Malai,16,16,34,6954.97
"Aug 14, 2026",FC-DM-AA-030,D2C,Clove Tea-Tree (Anti-Acne) Face Malai,Face Malai,5,5,5,1642.33
"Aug 14, 2026",FC-HHDM-FC-030,First Cry,Flax Carrot (Hot Humid) 35+ Face Malai - 30g,Face Malai,1,1,1,312.91
"Aug 14, 2026",EC-UE-PN-009,D2C,Netraa - Under Eye Roll On Serum,Pure Netraa,13,13,14,3138.4
"Aug 14, 2026",FC-DM-DP-030,D2C,Honey Multi-Nut (Dry & Peeling Skin) Face Malai,Face Malai,1,1,2,527.8
"Aug 14, 2026",FC-AC-OV-050,Flipkart,Active Olive Vit-E Night Gel,Active Gel,2,2,2,476
"Aug 14, 2026",BC-BL-PM-250,Flipkart,Peach Milk Malai Lotion - 250ml,Face Malai,4,4,4,700
"Aug 14, 2026",EC-UE-FNC-020,D2C,Netraa Cream - UnderEye Vit-E Cream,Pure Netraa,6,6,6,1559.16
"Aug 14, 2026",FC-DM-DP-030,Nykaa,Honey Multi-Nut (Dry & Peeling Skin) Face Malai,Face Malai,3,3,4,1252
"Aug 14, 2026",FC-DM-NR-030,Amazon,Cocoa Mogra (Overnight) Face Malai - 30g,Face Malai,6,6,6,2009.7
"Aug 14, 2026",EC-UE-FNC-020,Flipkart,Netraa Cream - UnderEye Vit-E Cream,Pure Netraa,3,3,3,609
"Aug 14, 2026",FC-CWDM-FW-030,Nykaa,Flax Walnut (Cold) 35+ Face Malai,Face Malai,1,1,1,313
"Aug 14, 2026",FC-DM-PG-030,D2C,Turmeric Nutmeg (Pigmentation)  Face Malai - 30g,Face Malai,9,9,12,3296.3
"Aug 14, 2026",FC-AC-OV-050,D2C,Active Olive Vit-E Night Gel,Active Gel,10,10,10,3276.78
"Aug 14, 2026",FC-CWDM-FW-030,D2C,Flax Walnut (Cold) 35+ Face Malai,Face Malai,4,4,4,1152.14
"Aug 14, 2026",FC-DM-NR-030,Myntra,Cocoa Mogra (Overnight) Face Malai - 30g,Face Malai,3,3,3,946
"Aug 14, 2026",FC-DM-PG-030,Amazon,Turmeric Nutmeg (Pigmentation)  Face Malai - 30g,Face Malai,14,14,15,5024.25
"Aug 14, 2026",FC-DM-AA-030,Nykaa,Clove Tea-Tree (Anti-Acne) Face Malai,Face Malai,1,1,1,333
"Aug 14, 2026",EC-UE-PN-009,Cred,Netraa - Under Eye Roll On Serum,Pure Netraa,1,1,1,159
"Aug 14, 2026",FC-HHDM-GAT-030,D2C,GreenApple Tulsi (Hot Humid) 13 - 19 Yrs Face Malai,Face Malai,2,2,2,550
"Aug 14, 2026",FC-HHDM-GAT-030,Nykaa,GreenApple Tulsi (Hot Humid) 13 - 19 Yrs Face Malai,Face Malai,1,1,1,315
"Aug 14, 2026",FC-HHDM-TV-050,D2C,Tomato Vetiver (Hot Humid) 20 - 35 Yrs Face Malai - 50g,Face Malai,4,4,4,1165.2
"Aug 14, 2026",BA-FM-MNO-075,Myntra,Baby Face Malai Multi-Nut Oats Vit-E,Baby Face Malai,2,2,2,626
"Aug 14, 2026",FC-AC-AC-050,Myntra,Active Aloe Cactus Hydra Lift Gel,Active Gel,1,1,1,353
"Aug 14, 2026",BA-FM-MNO-075,Nykaa,Baby Face Malai Multi-Nut Oats Vit-E,Baby Face Malai,6,6,6,1869.55
"Aug 14, 2026",EC-UE-PN-009,Myntra,Netraa - Under Eye Roll On Serum,Pure Netraa,1,1,1,265
"Aug 14, 2026",FC-DM-AA-030,Flipkart Fulfilled,Clove Tea-Tree (Anti-Acne) Face Malai,Face Malai,1,1,1,142
"Aug 14, 2026",EC-UE-FNC-020,Pop Club,Netraa Cream - UnderEye Vit-E Cream,Pure Netraa,2,2,2,438
"Aug 14, 2026",FC-HHDM-TV-030,Amazon,Tomato Vetiver (Hot Humid) 20 - 35 Yrs Face Malai,Face Malai,1,1,1,315
"Aug 14, 2026",FC-AC-NT-050,D2C,Active Neem TeaTree Gel,Active Gel,5,5,5,1543.57
"Aug 14, 2026",FC-HDDM-FB-030,Amazon,Flax Bakuchi (Hot Dry) 35+ Face Malai - 30g,Face Malai,2,2,2,669.9
"Aug 14, 2026",FC-HHDM-TV-050,Amazon,Tomato Vetiver (Hot Humid) 20 - 35 Yrs Face Malai - 50g,Face Malai,1,1,1,394.12
"Aug 14, 2026",FC-HDDM-TR-050,D2C,Tomato Rosehip (Hot Dry) 20 - 35 Yrs Face Malai - 50g,Face Malai,2,2,4,750
"Aug 14, 2026",FC-AC-BT-050,Flipkart,Active Beetroot Tomato Vit-A Gel,Active Gel,1,1,2,513
"Aug 14, 2026",FC-HHDM-TV-030,Pop Club,Tomato Vetiver (Hot Humid) 20 - 35 Yrs Face Malai,Face Malai,1,1,2,1036
"Aug 14, 2026",EC-UE-FNC-020,Myntra,Netraa Cream - UnderEye Vit-E Cream,Pure Netraa,2,2,2,644
"Aug 14, 2026",FC-AC-OK-050,Pop Club,Active Orange Kiwi Vit-C Gel,Active Gel,1,1,1,249
"Aug 14, 2026",BA-FM-MNO-075,Amazon,Baby Face Malai Multi-Nut Oats Vit-E,Baby Face Malai,2,2,2,600.6
"Aug 14, 2026",FC-HHDM-TV-030,D2C,Tomato Vetiver (Hot Humid) 20 - 35 Yrs Face Malai,Face Malai,14,14,14,2922.12
"Aug 14, 2026",FC-AC-NT-050,Myntra,Active Neem TeaTree Gel,Active Gel,1,1,1,322
"Aug 14, 2026",FC-AC-OK-050,Nykaa,Active Orange Kiwi Vit-C Gel,Active Gel,3,3,3,1131.83
"Aug 14, 2026",EC-UE-PN-009,Nykaa,Netraa - Under Eye Roll On Serum,Pure Netraa,5,5,6,1872
"Aug 14, 2026",FC-AC-NT-050,Snapdeal,Active Neem TeaTree Gel,Active Gel,1,1,1,323
"Aug 14, 2026",FC-AC-OK-050,Cred,Active Orange Kiwi Vit-C Gel,Active Gel,4,4,4,539.84
"Aug 14, 2026",FC-DM-NR-030,Nykaa,Cocoa Mogra (Overnight) Face Malai - 30g,Face Malai,3,3,3,999
"Aug 14, 2026",FC-HHDM-FC-030,Flipkart,Flax Carrot (Hot Humid) 35+ Face Malai - 30g,Face Malai,2,2,2,441
"Aug 14, 2026",EC-UE-PN-009,Flipkart,Netraa - Under Eye Roll On Serum,Pure Netraa,1,1,1,191
"Aug 14, 2026",FC-AC-OK-050,Flipkart,Active Orange Kiwi Vit-C Gel,Active Gel,3,3,3,732
"Aug 14, 2026",FC-DM-NR-050,D2C,Cocoa Mogra (Overnight) Face Malai - 50g ,Face Malai,4,4,8,1621.47
"Aug 14, 2026",FC-AC-NT-050,Flipkart,Active Neem TeaTree Gel,Active Gel,1,1,2,539
"Aug 14, 2026",FC-AC-OK-050,D2C,Active Orange Kiwi Vit-C Gel,Active Gel,14,14,14,4607.71
"Aug 14, 2026",FC-AC-OK-050,Flipkart Fulfilled,Active Orange Kiwi Vit-C Gel,Active Gel,1,1,1,604
"Aug 14, 2026",FC-AC-OK-050,Myntra,Active Orange Kiwi Vit-C Gel,Active Gel,1,1,1,336
"Aug 14, 2026",FC-HHDM-FC-050,D2C,Flax Carrot (Hot Humid) 35+ Face Malai - 50g,Face Malai,6,6,12,1979.27
"Aug 14, 2026",FC-HDDM-FB-050,D2C,Flax Bakuchi (Hot Dry) 35+ Face Malai - 50g,Face Malai,3,3,6,1071.33
"Aug 14, 2026",BA-FM-MNO-075,First Cry,Baby Face Malai Multi-Nut Oats Vit-E,Baby Face Malai,2,2,2,515.12
"Aug 14, 2026",FC-CWDM-FW-030,Amazon,Flax Walnut (Cold) 35+ Face Malai,Face Malai,1,1,1,339.15
"Aug 14, 2026",FC-DM-PG-030,Flipkart,Turmeric Nutmeg (Pigmentation)  Face Malai - 30g,Face Malai,7,7,10,2220.4
"Aug 14, 2026",FC-HHDM-TV-030,Nykaa,Tomato Vetiver (Hot Humid) 20 - 35 Yrs Face Malai,Face Malai,2,2,2,599.93
"Aug 14, 2026",FC-HDDM-FB-030,Myntra,Flax Bakuchi (Hot Dry) 35+ Face Malai - 30g,Face Malai,1,1,1,299
"Aug 14, 2026",FC-AC-BT-050,D2C,Active Beetroot Tomato Vit-A Gel,Active Gel,3,3,3,849
"Aug 14, 2026",FC-DM-PG-030,Myntra,Turmeric Nutmeg (Pigmentation)  Face Malai - 30g,Face Malai,2,2,2,570
"Aug 14, 2026",FC-HDDM-FB-030,Nykaa,Flax Bakuchi (Hot Dry) 35+ Face Malai - 30g,Face Malai,1,1,1,313
"Aug 14, 2026",FC-AC-AC-050,First Cry,Active Aloe Cactus Hydra Lift Gel,Active Gel,1,1,1,253
"Aug 14, 2026",FC-HHDM-TV-030,Cred,Tomato Vetiver (Hot Humid) 20 - 35 Yrs Face Malai,Face Malai,1,1,1,179
"Aug 14, 2026",FC-AC-OV-050,Nykaa,Active Olive Vit-E Night Gel,Active Gel,2,2,2,776.19
"Aug 14, 2026",FC-HHDM-FC-030,D2C,Flax Carrot (Hot Humid) 35+ Face Malai - 30g,Face Malai,4,4,4,1137.8
"Aug 14, 2026",FC-HHDM-TV-030,Flipkart,Tomato Vetiver (Hot Humid) 20 - 35 Yrs Face Malai,Face Malai,1,1,1,208
"Aug 14, 2026",FC-DM-NR-030,D2C,Cocoa Mogra (Overnight) Face Malai - 30g,Face Malai,5,5,5,1534.75
"Aug 14, 2026",FC-HDDM-PT-030,D2C,Pomegranate Tulsi (Hot Dry) 13 - 19 Yrs Face Malai,Face Malai,1,1,2,532
"Aug 14, 2026",BA-FM-MNO-075,D2C,Baby Face Malai Multi-Nut Oats Vit-E,Baby Face Malai,13,13,14,3375.92
"Aug 14, 2026",FC-AC-NT-050,Nykaa,Active Neem TeaTree Gel,Active Gel,1,1,1,355.61
"Aug 14, 2026",FC-DM-PG-030,Cred,Turmeric Nutmeg (Pigmentation)  Face Malai - 30g,Face Malai,1,1,1,199
"Aug 14, 2026",FC-HDDM-FB-030,D2C,Flax Bakuchi (Hot Dry) 35+ Face Malai - 30g,Face Malai,3,3,3,824.1
"Aug 14, 2026",FC-DM-PG-030,Nykaa,Turmeric Nutmeg (Pigmentation)  Face Malai - 30g,Face Malai,5,5,5,1665
"Aug 14, 2026",FC-HDDM-TR-030,Amazon,Tomato Rosehip (Hot Dry) 20 - 35 Yrs Face Malai - 30g,Face Malai,1,1,1,315
"Aug 14, 2026",FC-DM-DP-030,Amazon,Honey Multi-Nut (Dry & Peeling Skin) Face Malai,Face Malai,1,1,1,315
"Aug 15, 2026",FC-HHDM-TV-030,Nykaa,Tomato Vetiver (Hot Humid) 20 - 35 Yrs Face Malai,Face Malai,5,5,6,1793.26
"Aug 15, 2026",FC-HHDM-FC-030,Amazon,Flax Carrot (Hot Humid) 35+ Face Malai - 30g,Face Malai,2,2,2,669.9
"Aug 15, 2026",FC-DM-DP-030,Nykaa,Honey Multi-Nut (Dry & Peeling Skin) Face Malai,Face Malai,1,1,1,313
"Aug 15, 2026",EC-UE-FNC-020,Nykaa,Netraa Cream - UnderEye Vit-E Cream,Pure Netraa,4,4,4,1286.81
"Aug 15, 2026",EC-UE-PN-009,D2C,Netraa - Under Eye Roll On Serum,Pure Netraa,24,24,24,6300.6
"Aug 15, 2026",FC-DM-NR-050,D2C,Cocoa Mogra (Overnight) Face Malai - 50g ,Face Malai,2,2,4,766.1
"Aug 15, 2026",FC-HDDM-TR-030,Cred,Tomato Rosehip (Hot Dry) 20 - 35 Yrs Face Malai - 30g,Face Malai,2,1,2,358
"Aug 15, 2026",FC-DM-NR-030,Cred,Cocoa Mogra (Overnight) Face Malai - 30g,Face Malai,1,1,1,199
"Aug 15, 2026",FC-HDDM-TR-030,Nykaa,Tomato Rosehip (Hot Dry) 20 - 35 Yrs Face Malai - 30g,Face Malai,1,1,1,302
"Aug 15, 2026",EC-UE-FNC-020,D2C,Netraa Cream - UnderEye Vit-E Cream,Pure Netraa,11,11,11,2886.62
"Aug 15, 2026",BC-BL-PM-250,Flipkart,Peach Milk Malai Lotion - 250ml,Face Malai,1,1,1,175
"Aug 15, 2026",FC-HHDM-FC-030,Myntra,Flax Carrot (Hot Humid) 35+ Face Malai - 30g,Face Malai,1,1,1,313
"Aug 15, 2026",BA-FM-MNO-075,Myntra,Baby Face Malai Multi-Nut Oats Vit-E,Baby Face Malai,1,1,1,272
"Aug 15, 2026",FC-CWDM-TP-030,D2C,Tomato Patchouli (Cold) 20 - 35 Yrs Face Malai,Face Malai,1,1,1,218.4
"Aug 15, 2026",FC-AC-OV-050,Myntra,Active Olive Vit-E Night Gel,Active Gel,2,2,2,677
"Aug 15, 2026",FC-DM-NR-030,First Cry,Cocoa Mogra (Overnight) Face Malai - 30g,Face Malai,2,2,2,401
"Aug 15, 2026",BA-FM-MNO-075,Nykaa,Baby Face Malai Multi-Nut Oats Vit-E,Baby Face Malai,4,4,4,1248
"Aug 15, 2026",EC-UE-FNC-020,Pop Club,Netraa Cream - UnderEye Vit-E Cream,Pure Netraa,5,5,5,1095
"Aug 15, 2026",FC-AC-AC-050,Myntra,Active Aloe Cactus Hydra Lift Gel,Active Gel,1,1,1,419
"Aug 15, 2026",FC-HHDM-TV-050,Myntra,Tomato Vetiver (Hot Humid) 20 - 35 Yrs Face Malai - 50g,Face Malai,1,1,1,375
"Aug 15, 2026",FC-DM-AA-030,Myntra,Clove Tea-Tree (Anti-Acne) Face Malai,Face Malai,1,1,1,272
"Aug 15, 2026",FC-AC-OK-050,Nykaa,Active Orange Kiwi Vit-C Gel,Active Gel,4,4,4,1564
"Aug 15, 2026",FC-DM-DP-030,D2C,Honey Multi-Nut (Dry & Peeling Skin) Face Malai,Face Malai,2,2,2,560.2
"Aug 15, 2026",FC-AC-OV-050,Nykaa,Active Olive Vit-E Night Gel,Active Gel,1,1,1,391
"Aug 15, 2026",FC-AC-BT-050,Nykaa,Active Beetroot Tomato Vit-A Gel,Active Gel,2,2,2,753.7
"Aug 15, 2026",FC-HDDM-TR-030,Amazon,Tomato Rosehip (Hot Dry) 20 - 35 Yrs Face Malai - 30g,Face Malai,1,1,1,315
"Aug 15, 2026",FC-CWDM-FW-030,D2C,Flax Walnut (Cold) 35+ Face Malai,Face Malai,5,5,5,1558.23
"Aug 15, 2026",FC-DM-AA-030,Nykaa,Clove Tea-Tree (Anti-Acne) Face Malai,Face Malai,3,3,3,999
"Aug 15, 2026",FC-AC-BT-050,D2C,Active Beetroot Tomato Vit-A Gel,Active Gel,5,5,6,1698
"Aug 15, 2026",EC-UE-FNC-020,First Cry,Netraa Cream - UnderEye Vit-E Cream,Pure Netraa,1,1,1,155.2
"Aug 15, 2026",FC-HHDM-FC-030,D2C,Flax Carrot (Hot Humid) 35+ Face Malai - 30g,Face Malai,4,4,4,1143.08
"Aug 15, 2026",FC-HDDM-TR-050,D2C,Tomato Rosehip (Hot Dry) 20 - 35 Yrs Face Malai - 50g,Face Malai,2,2,4,638.4
"Aug 15, 2026",BA-FM-MNO-075,Flipkart,Baby Face Malai Multi-Nut Oats Vit-E,Baby Face Malai,1,1,1,165
"Aug 15, 2026",BA-FM-MNO-075,D2C,Baby Face Malai Multi-Nut Oats Vit-E,Baby Face Malai,9,9,9,2235.7
"Aug 15, 2026",FC-DM-PG-030,Flipkart,Turmeric Nutmeg (Pigmentation)  Face Malai - 30g,Face Malai,14,14,15,3169.26
"Aug 15, 2026",FC-DM-PG-030,Myntra,Turmeric Nutmeg (Pigmentation)  Face Malai - 30g,Face Malai,2,2,2,602
"Aug 15, 2026",FC-DM-NR-030,Amazon,Cocoa Mogra (Overnight) Face Malai - 30g,Face Malai,6,6,6,2009.7
"Aug 15, 2026",FC-DM-NR-030,Flipkart,Cocoa Mogra (Overnight) Face Malai - 30g,Face Malai,2,2,2,450
"Aug 15, 2026",FC-DM-DP-030,Myntra,Honey Multi-Nut (Dry & Peeling Skin) Face Malai,Face Malai,1,1,1,312
"Aug 15, 2026",FC-HHDM-TV-050,D2C,Tomato Vetiver (Hot Humid) 20 - 35 Yrs Face Malai - 50g,Face Malai,4,4,4,1276.8
"Aug 15, 2026",FC-CWDM-BT-030,D2C,Winter Blackseed Tulsi (Cold) 13 - 19 Yrs Face Malai,Face Malai,1,1,1,254.8
"Aug 15, 2026",FC-HDDM-TR-030,Flipkart,Tomato Rosehip (Hot Dry) 20 - 35 Yrs Face Malai - 30g,Face Malai,1,1,1,208
"Aug 15, 2026",EC-UE-PN-009,Nykaa,Netraa - Under Eye Roll On Serum,Pure Netraa,14,14,14,4318.06
"Aug 15, 2026",FC-DM-NR-030,D2C,Cocoa Mogra (Overnight) Face Malai - 30g,Face Malai,8,8,9,2629
"Aug 15, 2026",FC-AC-AC-050,Nykaa,Active Aloe Cactus Hydra Lift Gel,Active Gel,1,1,1,420
"Aug 15, 2026",FC-DM-AA-030,D2C,Clove Tea-Tree (Anti-Acne) Face Malai,Face Malai,2,2,2,501.25
"Aug 15, 2026",FC-HHDM-FC-050,D2C,Flax Carrot (Hot Humid) 35+ Face Malai - 50g,Face Malai,8,8,16,2612.52
"Aug 15, 2026",FC-HHDM-GAT-030,D2C,GreenApple Tulsi (Hot Humid) 13 - 19 Yrs Face Malai,Face Malai,4,4,5,1523.19
"Aug 15, 2026",FC-HHDM-GAT-030,Nykaa,GreenApple Tulsi (Hot Humid) 13 - 19 Yrs Face Malai,Face Malai,1,1,1,315
"Aug 15, 2026",FC-AC-NT-050,Nykaa,Active Neem TeaTree Gel,Active Gel,2,2,2,760.37
"Aug 15, 2026",FC-AC-OK-050,Flipkart,Active Orange Kiwi Vit-C Gel,Active Gel,1,1,1,244
"Aug 15, 2026",FC-AC-OV-050,Cred,Active Olive Vit-E Night Gel,Active Gel,1,1,1,239
"Aug 15, 2026",FC-HDDM-FB-030,Amazon,Flax Bakuchi (Hot Dry) 35+ Face Malai - 30g,Face Malai,2,2,2,669.9
"Aug 15, 2026",EC-UE-FNC-020,Myntra,Netraa Cream - UnderEye Vit-E Cream,Pure Netraa,3,3,3,906
"Aug 15, 2026",FC-HDDM-FB-050,D2C,Flax Bakuchi (Hot Dry) 35+ Face Malai - 50g,Face Malai,2,2,4,608.4
"Aug 15, 2026",FC-HHDM-TV-030,D2C,Tomato Vetiver (Hot Humid) 20 - 35 Yrs Face Malai,Face Malai,13,13,14,3150.12
"Aug 15, 2026",EC-UE-PN-009,Myntra,Netraa - Under Eye Roll On Serum,Pure Netraa,1,1,1,263
"Aug 15, 2026",FC-DM-PG-050,D2C,Turmeric Nutmeg (Pigmentation)  Face Malai - 50g ,Face Malai,6,6,12,2361.4
"Aug 15, 2026",FC-HHDM-TV-030,Flipkart,Tomato Vetiver (Hot Humid) 20 - 35 Yrs Face Malai,Face Malai,1,1,1,208
"Aug 15, 2026",FC-HDDM-PT-030,D2C,Pomegranate Tulsi (Hot Dry) 13 - 19 Yrs Face Malai,Face Malai,4,4,4,1146.29
"Aug 15, 2026",FC-HHDM-GAT-030,Flipkart,GreenApple Tulsi (Hot Humid) 13 - 19 Yrs Face Malai,Face Malai,2,2,2,396
"Aug 15, 2026",FC-HDDM-PT-030,Nykaa,Pomegranate Tulsi (Hot Dry) 13 - 19 Yrs Face Malai,Face Malai,1,1,1,315
"Aug 15, 2026",FC-AC-OV-050,Flipkart,Active Olive Vit-E Night Gel,Active Gel,2,2,2,476
"Aug 15, 2026",FC-AC-NT-050,D2C,Active Neem TeaTree Gel,Active Gel,6,6,6,1746.98
"Aug 15, 2026",FC-AC-OK-050,Pop Club,Active Orange Kiwi Vit-C Gel,Active Gel,1,1,1,249
"Aug 15, 2026",EC-UE-PN-009,Flipkart,Netraa - Under Eye Roll On Serum,Pure Netraa,3,3,3,582
"Aug 15, 2026",EC-UE-FNC-020,Flipkart,Netraa Cream - UnderEye Vit-E Cream,Pure Netraa,1,1,1,203
"Aug 15, 2026",FC-HDDM-FB-030,D2C,Flax Bakuchi (Hot Dry) 35+ Face Malai - 30g,Face Malai,3,3,3,838.45
"Aug 15, 2026",FC-DM-NR-030,Nykaa,Cocoa Mogra (Overnight) Face Malai - 30g,Face Malai,7,7,7,2312.79
"Aug 15, 2026",FC-CWDM-FW-030,Nykaa,Flax Walnut (Cold) 35+ Face Malai,Face Malai,1,1,1,313
"Aug 15, 2026",FC-AC-OK-050,First Cry,Active Orange Kiwi Vit-C Gel,Active Gel,1,1,1,235.5
"Aug 15, 2026",FC-HDDM-TR-030,Myntra,Tomato Rosehip (Hot Dry) 20 - 35 Yrs Face Malai - 30g,Face Malai,1,1,1,302
"Aug 15, 2026",EC-UE-PN-009,Amazon,Netraa - Under Eye Roll On Serum,Pure Netraa,1,1,1,301.35
"Aug 15, 2026",FC-CWDM-TP-030,Nykaa,Tomato Patchouli (Cold) 20 - 35 Yrs Face Malai,Face Malai,2,2,2,604
"Aug 15, 2026",FC-DM-PG-030,D2C,Turmeric Nutmeg (Pigmentation)  Face Malai - 30g,Face Malai,14,14,17,5453.07
"Aug 15, 2026",FC-DM-AA-030,Amazon,Clove Tea-Tree (Anti-Acne) Face Malai,Face Malai,4,4,6,1827
"Aug 15, 2026",FC-DM-NR-030,Myntra,Cocoa Mogra (Overnight) Face Malai - 30g,Face Malai,3,3,3,934
"Aug 15, 2026",FC-HDDM-PT-030,First Cry,Pomegranate Tulsi (Hot Dry) 13 - 19 Yrs Face Malai,Face Malai,1,1,1,152
"Aug 15, 2026",FC-AC-OK-050,D2C,Active Orange Kiwi Vit-C Gel,Active Gel,20,20,21,6763.3
"Aug 15, 2026",FC-HHDM-TV-050,Amazon,Tomato Vetiver (Hot Humid) 20 - 35 Yrs Face Malai - 50g,Face Malai,2,2,2,788.24
"Aug 15, 2026",BA-FM-MNO-075,Flipkart Fulfilled,Baby Face Malai Multi-Nut Oats Vit-E,Baby Face Malai,1,1,1,165
"Aug 15, 2026",FC-HHDM-TV-030,First Cry,Tomato Vetiver (Hot Humid) 20 - 35 Yrs Face Malai,Face Malai,1,1,1,182
"Aug 15, 2026",FC-AC-OV-050,D2C,Active Olive Vit-E Night Gel,Active Gel,7,7,7,2568.71
"Aug 15, 2026",FC-CWDM-FW-030,Amazon,Flax Walnut (Cold) 35+ Face Malai,Face Malai,4,4,4,1356.6
"Aug 15, 2026",FC-DM-PG-030,Amazon,Turmeric Nutmeg (Pigmentation)  Face Malai - 30g,Face Malai,18,18,20,6699
"Aug 15, 2026",FC-DM-DP-030,Amazon,Honey Multi-Nut (Dry & Peeling Skin) Face Malai,Face Malai,1,1,1,315
"Aug 15, 2026",BA-FM-MNO-075,First Cry,Baby Face Malai Multi-Nut Oats Vit-E,Baby Face Malai,5,5,6,1522.8
"Aug 15, 2026",FC-HHDM-FC-030,Nykaa,Flax Carrot (Hot Humid) 35+ Face Malai - 30g,Face Malai,3,3,3,937.08
"Aug 15, 2026",FC-AC-OK-050,Cred,Active Orange Kiwi Vit-C Gel,Active Gel,5,5,5,675.4
"Aug 15, 2026",FC-HHDM-FC-030,Flipkart,Flax Carrot (Hot Humid) 35+ Face Malai - 30g,Face Malai,1,1,1,225
"Aug 15, 2026",BA-FM-MNO-075,Amazon,Baby Face Malai Multi-Nut Oats Vit-E,Baby Face Malai,2,2,2,600.6
"Aug 15, 2026",FC-DM-PG-030,Nykaa,Turmeric Nutmeg (Pigmentation)  Face Malai - 30g,Face Malai,7,7,8,2662.54
"Aug 16, 2026",FC-HDDM-FB-030,D2C,Flax Bakuchi (Hot Dry) 35+ Face Malai - 30g,Face Malai,3,3,3,836.4
"Aug 16, 2026",FC-DM-NR-030,Nykaa,Cocoa Mogra (Overnight) Face Malai - 30g,Face Malai,2,2,2,662.83
"Aug 16, 2026",FC-DM-NR-030,Cred,Cocoa Mogra (Overnight) Face Malai - 30g,Face Malai,2,2,2,398
"Aug 16, 2026",EC-UE-FNC-020,First Cry,Netraa Cream - UnderEye Vit-E Cream,Pure Netraa,1,1,1,282.85
"Aug 16, 2026",FC-DM-PG-030,Cred,Turmeric Nutmeg (Pigmentation)  Face Malai - 30g,Face Malai,1,1,1,199
"Aug 16, 2026",FC-AC-NT-050,Amazon,Active Neem TeaTree Gel,Active Gel,1,1,1,367.5
"Aug 16, 2026",FC-CWDM-FW-030,D2C,Flax Walnut (Cold) 35+ Face Malai,Face Malai,2,2,2,631
"Aug 16, 2026",FC-CWDM-TP-030,Nykaa,Tomato Patchouli (Cold) 20 - 35 Yrs Face Malai,Face Malai,3,3,3,892.23
"Aug 16, 2026",FC-DM-NR-030,Myntra,Cocoa Mogra (Overnight) Face Malai - 30g,Face Malai,1,1,2,664
"Aug 16, 2026",FC-AC-OV-050,D2C,Active Olive Vit-E Night Gel,Active Gel,10,10,10,3374.11
"Aug 16, 2026",FC-HDDM-TR-030,Nykaa,Tomato Rosehip (Hot Dry) 20 - 35 Yrs Face Malai - 30g,Face Malai,2,2,2,604
"Aug 16, 2026",EC-UE-FNC-020,Nykaa,Netraa Cream - UnderEye Vit-E Cream,Pure Netraa,5,5,5,1601.42
"Aug 16, 2026",FC-AC-OK-050,Flipkart,Active Orange Kiwi Vit-C Gel,Active Gel,3,3,3,732
"Aug 16, 2026",FC-HDDM-TR-030,Amazon,Tomato Rosehip (Hot Dry) 20 - 35 Yrs Face Malai - 30g,Face Malai,1,1,1,315
"Aug 16, 2026",FC-HHDM-FC-050,Flipkart,Flax Carrot (Hot Humid) 35+ Face Malai - 50g,Face Malai,1,1,2,348
"Aug 16, 2026",FC-HHDM-TV-030,Myntra,Tomato Vetiver (Hot Humid) 20 - 35 Yrs Face Malai,Face Malai,1,1,1,302
"Aug 16, 2026",FC-HHDM-FC-050,D2C,Flax Carrot (Hot Humid) 35+ Face Malai - 50g,Face Malai,7,7,14,2345.63
"Aug 16, 2026",FC-DM-PG-030,Amazon,Turmeric Nutmeg (Pigmentation)  Face Malai - 30g,Face Malai,16,16,17,5694.15
"Aug 16, 2026",FC-AC-OK-050,D2C,Active Orange Kiwi Vit-C Gel,Active Gel,17,17,17,5674.03
"Aug 16, 2026",FC-AC-NT-050,Flipkart,Active Neem TeaTree Gel,Active Gel,1,1,1,230
"Aug 16, 2026",FC-HHDM-TV-030,D2C,Tomato Vetiver (Hot Humid) 20 - 35 Yrs Face Malai,Face Malai,11,11,12,2761.02
"Aug 16, 2026",FC-AC-OV-050,Flipkart,Active Olive Vit-E Night Gel,Active Gel,2,2,3,793
"Aug 16, 2026",FC-HDDM-FB-030,Nykaa,Flax Bakuchi (Hot Dry) 35+ Face Malai - 30g,Face Malai,4,4,4,1200.69
"Aug 16, 2026",FC-HDDM-PT-030,D2C,Pomegranate Tulsi (Hot Dry) 13 - 19 Yrs Face Malai,Face Malai,1,1,1,322
"Aug 16, 2026",FC-HHDM-TV-030,Flipkart,Tomato Vetiver (Hot Humid) 20 - 35 Yrs Face Malai,Face Malai,1,1,1,200
"Aug 16, 2026",FC-DM-AA-030,Meesho,Clove Tea-Tree (Anti-Acne) Face Malai,Face Malai,1,1,1,372
"Aug 16, 2026",FC-DM-PG-050,D2C,Turmeric Nutmeg (Pigmentation)  Face Malai - 50g ,Face Malai,12,12,24,4995.77
"Aug 16, 2026",FC-HHDM-FC-030,Nykaa,Flax Carrot (Hot Humid) 35+ Face Malai - 30g,Face Malai,2,2,2,617.05
"Aug 16, 2026",BA-FM-MNO-075,First Cry,Baby Face Malai Multi-Nut Oats Vit-E,Baby Face Malai,6,6,6,1726.06
"Aug 16, 2026",FC-DM-AA-030,D2C,Clove Tea-Tree (Anti-Acne) Face Malai,Face Malai,6,6,8,2131.2
"Aug 16, 2026",FC-AC-BT-050,Flipkart,Active Beetroot Tomato Vit-A Gel,Active Gel,1,1,2,513
"Aug 16, 2026",FC-HHDM-FC-030,Flipkart,Flax Carrot (Hot Humid) 35+ Face Malai - 30g,Face Malai,1,1,1,225
"Aug 16, 2026",EC-UE-PN-009,D2C,Netraa - Under Eye Roll On Serum,Pure Netraa,17,17,17,3983.2
"Aug 16, 2026",EC-UE-FNC-020,Myntra,Netraa Cream - UnderEye Vit-E Cream,Pure Netraa,5,5,5,1572
"Aug 16, 2026",FC-HDDM-TR-050,D2C,Tomato Rosehip (Hot Dry) 20 - 35 Yrs Face Malai - 50g,Face Malai,1,1,2,307.3
"Aug 16, 2026",FC-DM-NR-030,Amazon,Cocoa Mogra (Overnight) Face Malai - 30g,Face Malai,6,6,6,2009.7
"Aug 16, 2026",FC-AC-NT-050,D2C,Active Neem TeaTree Gel,Active Gel,7,7,8,2762.97
"Aug 16, 2026",FC-DM-DP-030,Nykaa,Honey Multi-Nut (Dry & Peeling Skin) Face Malai,Face Malai,1,1,1,280.58
"Aug 16, 2026",FC-HDDM-FB-030,First Cry,Flax Bakuchi (Hot Dry) 35+ Face Malai - 30g,Face Malai,1,1,1,188.5
"Aug 16, 2026",FC-HHDM-TV-050,Amazon,Tomato Vetiver (Hot Humid) 20 - 35 Yrs Face Malai - 50g,Face Malai,1,1,1,394.12
"Aug 16, 2026",FC-DM-PG-030,Flipkart,Turmeric Nutmeg (Pigmentation)  Face Malai - 30g,Face Malai,16,16,17,3375.46
"Aug 16, 2026",FC-HHDM-TV-030,Nykaa,Tomato Vetiver (Hot Humid) 20 - 35 Yrs Face Malai,Face Malai,4,4,4,1207.38
"Aug 16, 2026",FC-DM-NR-030,Flipkart,Cocoa Mogra (Overnight) Face Malai - 30g,Face Malai,1,1,1,225
"Aug 16, 2026",FC-AC-NT-050,Myntra,Active Neem TeaTree Gel,Active Gel,1,1,1,380
"Aug 16, 2026",FC-AC-OK-050,Nykaa,Active Orange Kiwi Vit-C Gel,Active Gel,7,7,7,2726.88
"Aug 16, 2026",BA-FM-MNO-075,D2C,Baby Face Malai Multi-Nut Oats Vit-E,Baby Face Malai,13,13,14,3722.53
"Aug 16, 2026",EC-UE-FNC-020,D2C,Netraa Cream - UnderEye Vit-E Cream,Pure Netraa,16,16,16,4316.73
"Aug 16, 2026",BC-BL-PM-250,Flipkart,Peach Milk Malai Lotion - 250ml,Face Malai,5,5,5,860
"Aug 16, 2026",FC-DM-NR-030,D2C,Cocoa Mogra (Overnight) Face Malai - 30g,Face Malai,16,15,16,4956.83
"Aug 16, 2026",EC-UE-PN-009,Cred,Netraa - Under Eye Roll On Serum,Pure Netraa,2,2,2,318
"Aug 16, 2026",FC-DM-PG-030,D2C,Turmeric Nutmeg (Pigmentation)  Face Malai - 30g,Face Malai,14,14,14,4142.87
"Aug 16, 2026",BA-FM-MNO-075,Nykaa,Baby Face Malai Multi-Nut Oats Vit-E,Baby Face Malai,9,9,9,2805.17
"Aug 16, 2026",EC-UE-PN-009,Myntra,Netraa - Under Eye Roll On Serum,Pure Netraa,2,2,2,577
"Aug 16, 2026",EC-UE-PN-009,First Cry,Netraa - Under Eye Roll On Serum,Pure Netraa,1,1,1,150.4
"Aug 16, 2026",FC-AC-BT-050,Nykaa,Active Beetroot Tomato Vit-A Gel,Active Gel,1,1,1,381
"Aug 16, 2026",FC-CWDM-FW-030,Myntra,Flax Walnut (Cold) 35+ Face Malai,Face Malai,1,1,1,350
"Aug 16, 2026",FC-HDDM-TR-030,D2C,Tomato Rosehip (Hot Dry) 20 - 35 Yrs Face Malai - 30g,Face Malai,2,2,2,571.01
"Aug 16, 2026",FC-DM-DP-030,Amazon,Honey Multi-Nut (Dry & Peeling Skin) Face Malai,Face Malai,1,1,1,315
"Aug 16, 2026",FC-CWDM-TP-030,D2C,Tomato Patchouli (Cold) 20 - 35 Yrs Face Malai,Face Malai,1,1,1,285
"Aug 16, 2026",FC-HHDM-GAT-030,Nykaa,GreenApple Tulsi (Hot Humid) 13 - 19 Yrs Face Malai,Face Malai,1,1,1,315
"Aug 16, 2026",FC-HHDM-GAT-030,D2C,GreenApple Tulsi (Hot Humid) 13 - 19 Yrs Face Malai,Face Malai,2,2,3,818.29
"Aug 16, 2026",FC-DM-NR-030,First Cry,Cocoa Mogra (Overnight) Face Malai - 30g,Face Malai,1,1,1,200.5
"Aug 16, 2026",FC-AC-AC-050,D2C,Active Aloe Cactus Hydra Lift Gel,Active Gel,4,4,4,1441
"Aug 16, 2026",FC-AC-BT-050,D2C,Active Beetroot Tomato Vit-A Gel,Active Gel,2,2,2,722.5
"Aug 16, 2026",BA-FM-MNO-075,Amazon,Baby Face Malai Multi-Nut Oats Vit-E,Baby Face Malai,1,1,1,300.3
"Aug 16, 2026",FC-DM-AA-030,Flipkart,Clove Tea-Tree (Anti-Acne) Face Malai,Face Malai,1,1,1,193
"Aug 16, 2026",FC-DM-PG-030,Nykaa,Turmeric Nutmeg (Pigmentation)  Face Malai - 30g,Face Malai,9,9,9,2997
"Aug 16, 2026",FC-HDDM-FB-030,Myntra,Flax Bakuchi (Hot Dry) 35+ Face Malai - 30g,Face Malai,1,1,1,346
"Aug 16, 2026",EC-UE-FNC-020,Flipkart,Netraa Cream - UnderEye Vit-E Cream,Pure Netraa,1,1,1,203
"Aug 16, 2026",FC-AC-OK-050,Cred,Active Orange Kiwi Vit-C Gel,Active Gel,3,3,3,404.88
"Aug 16, 2026",FC-DM-AA-030,Amazon,Clove Tea-Tree (Anti-Acne) Face Malai,Face Malai,2,2,2,609
"Aug 16, 2026",FC-HHDM-TV-030,Pop Club,Tomato Vetiver (Hot Humid) 20 - 35 Yrs Face Malai,Face Malai,3,3,4,1554
"Aug 16, 2026",FC-HHDM-FC-030,D2C,Flax Carrot (Hot Humid) 35+ Face Malai - 30g,Face Malai,11,11,11,3180.82
"Aug 16, 2026",FC-AC-OV-050,Nykaa,Active Olive Vit-E Night Gel,Active Gel,2,2,3,1171.4
"Aug 16, 2026",EC-UE-PN-009,Nykaa,Netraa - Under Eye Roll On Serum,Pure Netraa,16,16,16,4984.58
"Aug 16, 2026",FC-HHDM-TV-050,D2C,Tomato Vetiver (Hot Humid) 20 - 35 Yrs Face Malai - 50g,Face Malai,3,3,3,901.8
"Aug 16, 2026",FC-CWDM-BT-030,D2C,Winter Blackseed Tulsi (Cold) 13 - 19 Yrs Face Malai,Face Malai,1,1,1,286.29
"Aug 16, 2026",FC-HHDM-FC-030,Myntra,Flax Carrot (Hot Humid) 35+ Face Malai - 30g,Face Malai,1,1,1,313
"Aug 16, 2026",EC-UE-PN-009,Flipkart,Netraa - Under Eye Roll On Serum,Pure Netraa,1,1,1,191
"Aug 16, 2026",FC-HHDM-TV-030,Amazon,Tomato Vetiver (Hot Humid) 20 - 35 Yrs Face Malai,Face Malai,1,1,1,315
"Aug 16, 2026",FC-DM-NR-050,D2C,Cocoa Mogra (Overnight) Face Malai - 50g ,Face Malai,4,4,8,1469.47
"Aug 16, 2026",FC-AC-OV-050,Cred,Active Olive Vit-E Night Gel,Active Gel,1,1,1,239
"Aug 16, 2026",EC-UE-FNC-020,Pop Club,Netraa Cream - UnderEye Vit-E Cream,Pure Netraa,1,1,1,219
"Aug 16, 2026",FC-AC-OK-050,Myntra,Active Orange Kiwi Vit-C Gel,Active Gel,1,1,1,390
"Aug 16, 2026",FC-HDDM-PT-030,Myntra,Pomegranate Tulsi (Hot Dry) 13 - 19 Yrs Face Malai,Face Malai,1,1,1,315
"Aug 16, 2026",FC-DM-AA-030,Myntra,Clove Tea-Tree (Anti-Acne) Face Malai,Face Malai,1,1,1,296
"Aug 16, 2026",FC-HHDM-TV-050,Myntra,Tomato Vetiver (Hot Humid) 20 - 35 Yrs Face Malai - 50g,Face Malai,1,1,1,375
"Aug 16, 2026",FC-AC-NT-050,Nykaa,Active Neem TeaTree Gel,Active Gel,5,5,5,1897.18
"Aug 16, 2026",FC-DM-DP-030,D2C,Honey Multi-Nut (Dry & Peeling Skin) Face Malai,Face Malai,4,4,4,1158.1
"Aug 16, 2026",FC-AC-OK-050,Pop Club,Active Orange Kiwi Vit-C Gel,Active Gel,6,5,6,1494
"Aug 17, 2026",FC-HDDM-TR-050,D2C,Tomato Rosehip (Hot Dry) 20 - 35 Yrs Face Malai - 50g,Face Malai,4,4,8,1364.36
"Aug 17, 2026",FC-HHDM-FC-030,Myntra,Flax Carrot (Hot Humid) 35+ Face Malai - 30g,Face Malai,2,2,2,661
"Aug 17, 2026",EC-UE-FNC-020,Myntra,Netraa Cream - UnderEye Vit-E Cream,Pure Netraa,5,5,5,1611
"Aug 17, 2026",FC-DM-NR-030,Myntra,Cocoa Mogra (Overnight) Face Malai - 30g,Face Malai,2,2,2,598
"Aug 17, 2026",FC-HHDM-FC-030,Amazon,Flax Carrot (Hot Humid) 35+ Face Malai - 30g,Face Malai,2,2,2,669.9
"Aug 17, 2026",EC-UE-PN-009,Myntra,Netraa - Under Eye Roll On Serum,Pure Netraa,2,2,2,577
"Aug 17, 2026",FC-DM-PG-030,Cred,Turmeric Nutmeg (Pigmentation)  Face Malai - 30g,Face Malai,3,3,3,548
"Aug 17, 2026",BA-FM-MNO-075,D2C,Baby Face Malai Multi-Nut Oats Vit-E,Baby Face Malai,12,12,14,3410.77
"Aug 17, 2026",FC-DM-DP-030,Nykaa,Honey Multi-Nut (Dry & Peeling Skin) Face Malai,Face Malai,2,2,2,626
"Aug 17, 2026",EC-UE-FNC-020,Flipkart,Netraa Cream - UnderEye Vit-E Cream,Pure Netraa,1,1,1,203
"Aug 17, 2026",FC-CWDM-FW-030,D2C,Flax Walnut (Cold) 35+ Face Malai,Face Malai,4,4,4,1211.47
"Aug 17, 2026",FC-AC-OK-050,Pop Club,Active Orange Kiwi Vit-C Gel,Active Gel,1,1,1,249
"Aug 17, 2026",BA-FM-MNO-075,First Cry,Baby Face Malai Multi-Nut Oats Vit-E,Baby Face Malai,5,4,5,1530.32
"Aug 17, 2026",FC-HDDM-TR-030,Flipkart,Tomato Rosehip (Hot Dry) 20 - 35 Yrs Face Malai - 30g,Face Malai,2,2,2,416
"Aug 17, 2026",FC-HDDM-TR-030,D2C,Tomato Rosehip (Hot Dry) 20 - 35 Yrs Face Malai - 30g,Face Malai,2,2,2,564
"Aug 17, 2026",FC-DM-AA-030,Flipkart,Clove Tea-Tree (Anti-Acne) Face Malai,Face Malai,1,1,1,242
"Aug 17, 2026",BA-FM-MNO-075,Amazon,Baby Face Malai Multi-Nut Oats Vit-E,Baby Face Malai,1,1,1,300.3
"Aug 17, 2026",FC-HHDM-GAT-030,D2C,GreenApple Tulsi (Hot Humid) 13 - 19 Yrs Face Malai,Face Malai,2,2,2,611.91
"Aug 17, 2026",FC-DM-DP-030,Amazon,Honey Multi-Nut (Dry & Peeling Skin) Face Malai,Face Malai,1,1,1,315
"Aug 17, 2026",FC-HHDM-TV-050,Amazon,Tomato Vetiver (Hot Humid) 20 - 35 Yrs Face Malai - 50g,Face Malai,1,1,1,394.12
"Aug 17, 2026",FC-DM-NR-030,First Cry,Cocoa Mogra (Overnight) Face Malai - 30g,Face Malai,2,2,2,336.84
"Aug 17, 2026",EC-UE-PN-009,Amazon,Netraa - Under Eye Roll On Serum,Pure Netraa,3,3,3,904.05
"Aug 17, 2026",FC-CWDM-TP-030,D2C,Tomato Patchouli (Cold) 20 - 35 Yrs Face Malai,Face Malai,2,2,2,545.14
"Aug 17, 2026",FC-DM-AA-030,Amazon,Clove Tea-Tree (Anti-Acne) Face Malai,Face Malai,1,1,1,304.5
"Aug 17, 2026",FC-DM-NR-030,Cred,Cocoa Mogra (Overnight) Face Malai - 30g,Face Malai,3,3,3,548
"Aug 17, 2026",BA-FM-MNO-075,Myntra,Baby Face Malai Multi-Nut Oats Vit-E,Baby Face Malai,2,2,4,1252
"Aug 17, 2026",FC-AC-BT-050,First Cry,Active Beetroot Tomato Vit-A Gel,Active Gel,1,1,1,192.78
"Aug 17, 2026",FC-AC-NT-050,Flipkart,Active Neem TeaTree Gel,Active Gel,1,1,2,539
"Aug 17, 2026",FC-DM-PG-030,Nykaa,Turmeric Nutmeg (Pigmentation)  Face Malai - 30g,Face Malai,7,7,7,2325.95
"Aug 17, 2026",FC-HHDM-FC-050,D2C,Flax Carrot (Hot Humid) 35+ Face Malai - 50g,Face Malai,4,4,8,1485.33
"Aug 17, 2026",FC-HDDM-FB-050,D2C,Flax Bakuchi (Hot Dry) 35+ Face Malai - 50g,Face Malai,7,7,14,2547.24
"Aug 17, 2026",FC-HDDM-FB-030,Amazon,Flax Bakuchi (Hot Dry) 35+ Face Malai - 30g,Face Malai,2,2,2,669.9
"Aug 17, 2026",FC-AC-OK-050,D2C,Active Orange Kiwi Vit-C Gel,Active Gel,21,21,22,7684.18
"Aug 17, 2026",FC-DM-NR-030,D2C,Cocoa Mogra (Overnight) Face Malai - 30g,Face Malai,11,11,11,3141.56
"Aug 17, 2026",FC-AC-AC-050,D2C,Active Aloe Cactus Hydra Lift Gel,Active Gel,4,4,4,1467.31
"Aug 17, 2026",EC-UE-PN-009,Nykaa,Netraa - Under Eye Roll On Serum,Pure Netraa,6,6,6,1867.3
"Aug 17, 2026",EC-UE-FNC-020,D2C,Netraa Cream - UnderEye Vit-E Cream,Pure Netraa,17,17,17,3968.78
"Aug 17, 2026",BC-BL-PM-250,Flipkart,Peach Milk Malai Lotion - 250ml,Face Malai,1,1,1,175
"Aug 17, 2026",FC-AC-OV-050,D2C,Active Olive Vit-E Night Gel,Active Gel,4,4,4,1502.54
"Aug 17, 2026",FC-HHDM-FC-030,First Cry,Flax Carrot (Hot Humid) 35+ Face Malai - 30g,Face Malai,3,3,3,651.83
"Aug 17, 2026",FC-HHDM-TV-030,Pop Club,Tomato Vetiver (Hot Humid) 20 - 35 Yrs Face Malai,Face Malai,2,2,2,518
"Aug 17, 2026",FC-AC-NT-050,D2C,Active Neem TeaTree Gel,Active Gel,6,6,6,2209
"Aug 17, 2026",FC-HHDM-TV-030,Nykaa,Tomato Vetiver (Hot Humid) 20 - 35 Yrs Face Malai,Face Malai,2,2,2,604
"Aug 17, 2026",FC-HDDM-FB-030,First Cry,Flax Bakuchi (Hot Dry) 35+ Face Malai - 30g,Face Malai,2,2,2,346.84
"Aug 17, 2026",FC-DM-AA-030,D2C,Clove Tea-Tree (Anti-Acne) Face Malai,Face Malai,2,2,2,660
"Aug 17, 2026",FC-CWDM-FW-030,Amazon,Flax Walnut (Cold) 35+ Face Malai,Face Malai,2,2,2,678.3
"Aug 17, 2026",FC-DM-AA-030,Meesho,Clove Tea-Tree (Anti-Acne) Face Malai,Face Malai,1,1,1,372
"Aug 17, 2026",FC-HHDM-TV-030,Cred,Tomato Vetiver (Hot Humid) 20 - 35 Yrs Face Malai,Face Malai,1,1,1,179
"Aug 17, 2026",FC-DM-PG-030,Pop Club,Turmeric Nutmeg (Pigmentation)  Face Malai - 30g,Face Malai,1,1,1,259
"Aug 17, 2026",FC-AC-OK-050,Flipkart,Active Orange Kiwi Vit-C Gel,Active Gel,3,3,4,1030
"Aug 17, 2026",FC-AC-BT-050,Flipkart,Active Beetroot Tomato Vit-A Gel,Active Gel,1,1,2,513
"Aug 17, 2026",FC-HDDM-TR-030,Amazon,Tomato Rosehip (Hot Dry) 20 - 35 Yrs Face Malai - 30g,Face Malai,2,2,2,630
"Aug 17, 2026",FC-HDDM-TR-030,Cred,Tomato Rosehip (Hot Dry) 20 - 35 Yrs Face Malai - 30g,Face Malai,1,1,1,179
"Aug 17, 2026",FC-HHDM-TV-050,D2C,Tomato Vetiver (Hot Humid) 20 - 35 Yrs Face Malai - 50g,Face Malai,1,1,1,263
"Aug 17, 2026",FC-DM-NR-030,Amazon,Cocoa Mogra (Overnight) Face Malai - 30g,Face Malai,7,7,7,2344.65
"Aug 17, 2026",FC-HDDM-FB-030,D2C,Flax Bakuchi (Hot Dry) 35+ Face Malai - 30g,Face Malai,5,5,5,1399.98
"Aug 17, 2026",FC-AC-BT-050,D2C,Active Beetroot Tomato Vit-A Gel,Active Gel,2,2,2,550.8
"Aug 17, 2026",FC-DM-AA-030,Nykaa,Clove Tea-Tree (Anti-Acne) Face Malai,Face Malai,2,2,2,666
"Aug 17, 2026",FC-HHDM-TV-050,Flipkart,Tomato Vetiver (Hot Humid) 20 - 35 Yrs Face Malai - 50g,Face Malai,1,1,1,285
"Aug 17, 2026",EC-UE-FNC-020,Nykaa,Netraa Cream - UnderEye Vit-E Cream,Pure Netraa,4,4,4,1268.37
"Aug 17, 2026",FC-CWDM-FW-030,First Cry,Flax Walnut (Cold) 35+ Face Malai,Face Malai,1,1,1,158.34
"Aug 17, 2026",EC-UE-PN-009,Flipkart,Netraa - Under Eye Roll On Serum,Pure Netraa,2,2,2,375
"Aug 17, 2026",FC-HDDM-FB-030,Nykaa,Flax Bakuchi (Hot Dry) 35+ Face Malai - 30g,Face Malai,2,2,2,626
"Aug 17, 2026",FC-HHDM-GAT-030,Nykaa,GreenApple Tulsi (Hot Humid) 13 - 19 Yrs Face Malai,Face Malai,1,1,1,311.31
"Aug 17, 2026",FC-DM-PG-030,Amazon,Turmeric Nutmeg (Pigmentation)  Face Malai - 30g,Face Malai,15,15,15,5024.25
"Aug 17, 2026",FC-AC-NT-050,Nykaa,Active Neem TeaTree Gel,Active Gel,1,1,1,381
"Aug 17, 2026",BC-BL-PM-250,D2C,Peach Milk Malai Lotion - 250ml,Face Malai,1,1,1,299
"Aug 17, 2026",FC-DM-DP-030,D2C,Honey Multi-Nut (Dry & Peeling Skin) Face Malai,Face Malai,3,3,3,918.67
"Aug 17, 2026",FC-AC-OK-050,Myntra,Active Orange Kiwi Vit-C Gel,Active Gel,1,1,1,391
"Aug 17, 2026",FC-HHDM-TV-030,Flipkart,Tomato Vetiver (Hot Humid) 20 - 35 Yrs Face Malai,Face Malai,1,1,1,208
"Aug 17, 2026",FC-HDDM-PT-030,D2C,Pomegranate Tulsi (Hot Dry) 13 - 19 Yrs Face Malai,Face Malai,1,1,1,322
"Aug 17, 2026",FC-HHDM-TV-030,D2C,Tomato Vetiver (Hot Humid) 20 - 35 Yrs Face Malai,Face Malai,13,13,13,2971.74
"Aug 17, 2026",FC-AC-OK-050,Amazon,Active Orange Kiwi Vit-C Gel,Active Gel,1,1,1,376.95
"Aug 17, 2026",FC-DM-PG-030,Flipkart,Turmeric Nutmeg (Pigmentation)  Face Malai - 30g,Face Malai,7,7,9,2056.54
"Aug 17, 2026",FC-DM-PG-030,D2C,Turmeric Nutmeg (Pigmentation)  Face Malai - 30g,Face Malai,19,19,19,5324.54
"Aug 17, 2026",FC-HHDM-GAT-030,Flipkart,GreenApple Tulsi (Hot Humid) 13 - 19 Yrs Face Malai,Face Malai,1,1,1,198
"Aug 17, 2026",FC-DM-PG-030,Myntra,Turmeric Nutmeg (Pigmentation)  Face Malai - 30g,Face Malai,3,3,3,918
"Aug 17, 2026",EC-UE-PN-009,First Cry,Netraa - Under Eye Roll On Serum,Pure Netraa,2,2,2,345.92
"Aug 17, 2026",FC-AC-OK-050,Cred,Active Orange Kiwi Vit-C Gel,Active Gel,4,4,4,540.44
"Aug 17, 2026",FC-HHDM-FC-030,D2C,Flax Carrot (Hot Humid) 35+ Face Malai - 30g,Face Malai,7,7,7,1967.08
"Aug 17, 2026",FC-AC-OV-050,Nykaa,Active Olive Vit-E Night Gel,Active Gel,3,3,3,1159.84
"Aug 17, 2026",FC-AC-BT-050,Nykaa,Active Beetroot Tomato Vit-A Gel,Active Gel,2,2,2,728.59
"Aug 17, 2026",FC-AC-OK-050,Nykaa,Active Orange Kiwi Vit-C Gel,Active Gel,3,3,3,1165.52
"Aug 17, 2026",FC-DM-NR-030,Nykaa,Cocoa Mogra (Overnight) Face Malai - 30g,Face Malai,2,2,2,660.37
"Aug 17, 2026",FC-AC-NT-050,Amazon,Active Neem TeaTree Gel,Active Gel,1,1,1,367.5
"Aug 17, 2026",EC-UE-PN-009,Cred,Netraa - Under Eye Roll On Serum,Pure Netraa,2,2,2,318
"Aug 17, 2026",FC-DM-PG-050,D2C,Turmeric Nutmeg (Pigmentation)  Face Malai - 50g ,Face Malai,11,11,24,4777.59
"Aug 17, 2026",FC-DM-NR-050,D2C,Cocoa Mogra (Overnight) Face Malai - 50g ,Face Malai,1,1,2,456
"Aug 17, 2026",EC-UE-PN-009,D2C,Netraa - Under Eye Roll On Serum,Pure Netraa,15,15,15,3963.2
"Aug 17, 2026",BA-FM-MNO-075,Nykaa,Baby Face Malai Multi-Nut Oats Vit-E,Baby Face Malai,1,1,1,312
"Aug 17, 2026",EC-UE-FNC-020,Pop Club,Netraa Cream - UnderEye Vit-E Cream,Pure Netraa,4,4,5,1533
"Aug 18, 2026",FC-HHDM-TV-030,Nykaa,Tomato Vetiver (Hot Humid) 20 - 35 Yrs Face Malai,Face Malai,1,1,1,302
"Aug 18, 2026",FC-DM-PG-030,D2C,Turmeric Nutmeg (Pigmentation)  Face Malai - 30g,Face Malai,15,15,15,4115.57
"Aug 18, 2026",FC-AC-BT-050,D2C,Active Beetroot Tomato Vit-A Gel,Active Gel,4,4,4,1358.1
"Aug 18, 2026",FC-DM-NR-030,Nykaa,Cocoa Mogra (Overnight) Face Malai - 30g,Face Malai,6,6,6,1956.93
"Aug 18, 2026",FC-HDDM-TR-030,Nykaa,Tomato Rosehip (Hot Dry) 20 - 35 Yrs Face Malai - 30g,Face Malai,2,2,2,604
"Aug 18, 2026",FC-AC-AC-050,First Cry,Active Aloe Cactus Hydra Lift Gel,Active Gel,1,1,1,212.52
"Aug 18, 2026",FC-HHDM-TV-030,Amazon,Tomato Vetiver (Hot Humid) 20 - 35 Yrs Face Malai,Face Malai,3,3,3,945
"Aug 18, 2026",EC-UE-FNC-020,Myntra,Netraa Cream - UnderEye Vit-E Cream,Pure Netraa,5,5,5,1615
"Aug 18, 2026",FC-HHDM-FC-030,D2C,Flax Carrot (Hot Humid) 35+ Face Malai - 30g,Face Malai,5,5,6,1795.67
"Aug 18, 2026",FC-HDDM-FB-030,Nykaa,Flax Bakuchi (Hot Dry) 35+ Face Malai - 30g,Face Malai,2,2,3,930.2
"Aug 18, 2026",FC-HHDM-FC-050,Flipkart,Flax Carrot (Hot Humid) 35+ Face Malai - 50g,Face Malai,1,1,2,348
"Aug 18, 2026",FC-AC-AC-050,Flipkart,Active Aloe Cactus Hydra Lift Gel,Active Gel,1,1,1,329
"Aug 18, 2026",FC-CWDM-TP-030,Amazon,Tomato Patchouli (Cold) 20 - 35 Yrs Face Malai,Face Malai,1,1,1,320.25
"Aug 18, 2026",FC-DM-DP-030,D2C,Honey Multi-Nut (Dry & Peeling Skin) Face Malai,Face Malai,1,1,1,271.5
"Aug 18, 2026",FC-DM-AA-030,Amazon,Clove Tea-Tree (Anti-Acne) Face Malai,Face Malai,4,4,4,1218
"Aug 18, 2026",FC-AC-OK-050,Nykaa,Active Orange Kiwi Vit-C Gel,Active Gel,5,5,5,1947.24
"Aug 18, 2026",FC-DM-DP-030,Amazon,Honey Multi-Nut (Dry & Peeling Skin) Face Malai,Face Malai,5,5,5,1575
"Aug 18, 2026",FC-AC-OV-050,Nykaa,Active Olive Vit-E Night Gel,Active Gel,2,2,2,782
"Aug 18, 2026",FC-HHDM-GAT-030,D2C,GreenApple Tulsi (Hot Humid) 13 - 19 Yrs Face Malai,Face Malai,3,3,3,874.11
"Aug 18, 2026",FC-HDDM-FB-030,Amazon,Flax Bakuchi (Hot Dry) 35+ Face Malai - 30g,Face Malai,1,1,1,334.95
"Aug 18, 2026",FC-HDDM-PT-030,D2C,Pomegranate Tulsi (Hot Dry) 13 - 19 Yrs Face Malai,Face Malai,1,1,1,322
"Aug 18, 2026",FC-AC-OV-050,D2C,Active Olive Vit-E Night Gel,Active Gel,5,5,5,1572.66
"Aug 18, 2026",FC-HHDM-FC-050,D2C,Flax Carrot (Hot Humid) 35+ Face Malai - 50g,Face Malai,4,4,8,1418.3
"Aug 18, 2026",FC-HHDM-TV-050,Amazon,Tomato Vetiver (Hot Humid) 20 - 35 Yrs Face Malai - 50g,Face Malai,1,1,1,394.12
"Aug 18, 2026",BA-FM-MNO-075,Nykaa,Baby Face Malai Multi-Nut Oats Vit-E,Baby Face Malai,1,1,1,312
"Aug 18, 2026",FC-HHDM-TV-030,D2C,Tomato Vetiver (Hot Humid) 20 - 35 Yrs Face Malai,Face Malai,10,10,11,2475.42
"Aug 18, 2026",EC-UE-PN-009,Cred,Netraa - Under Eye Roll On Serum,Pure Netraa,1,1,1,159
"Aug 18, 2026",EC-UE-FNC-020,Nykaa,Netraa Cream - UnderEye Vit-E Cream,Pure Netraa,5,5,5,1599.7
"Aug 18, 2026",FC-DM-PG-030,Nykaa,Turmeric Nutmeg (Pigmentation)  Face Malai - 30g,Face Malai,10,10,10,3289.23
"Aug 18, 2026",FC-DM-NR-030,First Cry,Cocoa Mogra (Overnight) Face Malai - 30g,Face Malai,2,2,2,368.92
"Aug 18, 2026",FC-CWDM-TP-030,D2C,Tomato Patchouli (Cold) 20 - 35 Yrs Face Malai,Face Malai,3,3,3,836.3
"Aug 18, 2026",BA-FM-MNO-075,Myntra,Baby Face Malai Multi-Nut Oats Vit-E,Baby Face Malai,1,1,1,313
"Aug 18, 2026",FC-DM-NR-050,D2C,Cocoa Mogra (Overnight) Face Malai - 50g ,Face Malai,3,3,6,1150.2
"Aug 18, 2026",FC-HHDM-TV-030,Pop Club,Tomato Vetiver (Hot Humid) 20 - 35 Yrs Face Malai,Face Malai,1,1,1,259
"Aug 18, 2026",FC-DM-PG-030,Flipkart,Turmeric Nutmeg (Pigmentation)  Face Malai - 30g,Face Malai,4,4,4,974.98
"Aug 18, 2026",FC-HHDM-FC-030,Myntra,Flax Carrot (Hot Humid) 35+ Face Malai - 30g,Face Malai,1,1,1,348
"Aug 18, 2026",FC-AC-NT-050,D2C,Active Neem TeaTree Gel,Active Gel,7,7,8,2760.07
"Aug 18, 2026",FC-HHDM-FC-030,First Cry,Flax Carrot (Hot Humid) 35+ Face Malai - 30g,Face Malai,1,1,1,158.34
"Aug 18, 2026",EC-UE-PN-009,First Cry,Netraa - Under Eye Roll On Serum,Pure Netraa,3,3,3,620.02
"Aug 18, 2026",FC-HDDM-TR-050,D2C,Tomato Rosehip (Hot Dry) 20 - 35 Yrs Face Malai - 50g,Face Malai,4,4,12,1932.74
"Aug 18, 2026",FC-DM-DP-030,Myntra,Honey Multi-Nut (Dry & Peeling Skin) Face Malai,Face Malai,1,1,3,984
"Aug 18, 2026",FC-AC-NT-050,Flipkart,Active Neem TeaTree Gel,Active Gel,3,3,4,1119
"Aug 18, 2026",FC-AC-OK-050,D2C,Active Orange Kiwi Vit-C Gel,Active Gel,16,16,19,6104.83
"Aug 18, 2026",FC-DM-PG-030,Flipkart Fulfilled,Turmeric Nutmeg (Pigmentation)  Face Malai - 30g,Face Malai,3,3,3,631
"Aug 18, 2026",FC-DM-PG-030,Pop Club,Turmeric Nutmeg (Pigmentation)  Face Malai - 30g,Face Malai,1,1,1,259
"Aug 18, 2026",FC-AC-OK-050,Meesho,Active Orange Kiwi Vit-C Gel,Active Gel,1,1,1,375
"Aug 18, 2026",FC-DM-NR-030,Amazon,Cocoa Mogra (Overnight) Face Malai - 30g,Face Malai,4,4,4,1339.8
"Aug 18, 2026",EC-UE-PN-009,D2C,Netraa - Under Eye Roll On Serum,Pure Netraa,15,15,19,4228.2
"Aug 18, 2026",FC-AC-OK-050,First Cry,Active Orange Kiwi Vit-C Gel,Active Gel,2,2,2,471
"Aug 18, 2026",EC-UE-PN-009,Amazon,Netraa - Under Eye Roll On Serum,Pure Netraa,2,2,2,602.7
"Aug 18, 2026",FC-AC-OK-050,Cred,Active Orange Kiwi Vit-C Gel,Active Gel,5,4,5,675.4
"Aug 18, 2026",FC-DM-AA-030,Pop Club,Clove Tea-Tree (Anti-Acne) Face Malai,Face Malai,1,1,1,259
"Aug 18, 2026",FC-HDDM-FB-030,Myntra,Flax Bakuchi (Hot Dry) 35+ Face Malai - 30g,Face Malai,1,1,1,348
"Aug 18, 2026",EC-UE-PN-009,Nykaa,Netraa - Under Eye Roll On Serum,Pure Netraa,8,8,8,2396.14
"Aug 18, 2026",FC-DM-PG-050,D2C,Turmeric Nutmeg (Pigmentation)  Face Malai - 50g ,Face Malai,13,13,30,5397.67
"Aug 18, 2026",FC-HHDM-GAT-030,First Cry,GreenApple Tulsi (Hot Humid) 13 - 19 Yrs Face Malai,Face Malai,1,1,1,190
"Aug 18, 2026",FC-DM-NR-030,D2C,Cocoa Mogra (Overnight) Face Malai - 30g,Face Malai,8,8,8,2529.82
"Aug 18, 2026",EC-UE-FNC-020,D2C,Netraa Cream - UnderEye Vit-E Cream,Pure Netraa,12,12,13,4008.6
"Aug 18, 2026",BC-BL-PM-250,Flipkart,Peach Milk Malai Lotion - 250ml,Face Malai,8,8,8,1400
"Aug 18, 2026",FC-DM-PG-030,Amazon,Turmeric Nutmeg (Pigmentation)  Face Malai - 30g,Face Malai,8,8,9,3014.55
"Aug 18, 2026",EC-UE-PN-009,Tata Cliq,Netraa - Under Eye Roll On Serum,Pure Netraa,1,1,1,398
"Aug 18, 2026",BA-FM-MNO-075,First Cry,Baby Face Malai Multi-Nut Oats Vit-E,Baby Face Malai,2,2,2,624.16
"Aug 18, 2026",FC-AC-NT-050,Nykaa,Active Neem TeaTree Gel,Active Gel,2,2,2,762
"Aug 18, 2026",FC-CWDM-FW-030,D2C,Flax Walnut (Cold) 35+ Face Malai,Face Malai,2,2,2,668
"Aug 18, 2026",EC-UE-FNC-020,Pop Club,Netraa Cream - UnderEye Vit-E Cream,Pure Netraa,2,2,2,438
"Aug 18, 2026",EC-UE-PN-009,Myntra,Netraa - Under Eye Roll On Serum,Pure Netraa,1,1,1,313
"Aug 18, 2026",FC-DM-AA-030,Myntra,Clove Tea-Tree (Anti-Acne) Face Malai,Face Malai,2,2,2,593
"Aug 18, 2026",FC-DM-NR-030,Myntra,Cocoa Mogra (Overnight) Face Malai - 30g,Face Malai,1,1,1,348
"Aug 18, 2026",FC-AC-BT-050,Nykaa,Active Beetroot Tomato Vit-A Gel,Active Gel,1,1,1,381
"Aug 18, 2026",FC-DM-PG-030,Myntra,Turmeric Nutmeg (Pigmentation)  Face Malai - 30g,Face Malai,3,3,4,1203
"Aug 18, 2026",FC-CWDM-BT-030,D2C,Winter Blackseed Tulsi (Cold) 13 - 19 Yrs Face Malai,Face Malai,1,1,1,182
"Aug 18, 2026",FC-AC-OK-050,Pop Club,Active Orange Kiwi Vit-C Gel,Active Gel,3,3,3,747
"Aug 18, 2026",FC-HDDM-FB-030,D2C,Flax Bakuchi (Hot Dry) 35+ Face Malai - 30g,Face Malai,3,3,3,1002
"Aug 18, 2026",FC-DM-NR-030,Pop Club,Cocoa Mogra (Overnight) Face Malai - 30g,Face Malai,1,1,1,259
"Aug 18, 2026",FC-HHDM-TV-050,D2C,Tomato Vetiver (Hot Humid) 20 - 35 Yrs Face Malai - 50g,Face Malai,2,2,3,921.9
"Aug 18, 2026",EC-UE-FNC-020,Flipkart,Netraa Cream - UnderEye Vit-E Cream,Pure Netraa,2,2,2,498
"Aug 18, 2026",FC-AC-BT-050,Meesho,Active Beetroot Tomato Vit-A Gel,Active Gel,1,1,2,512
"Aug 18, 2026",FC-DM-DP-030,Nykaa,Honey Multi-Nut (Dry & Peeling Skin) Face Malai,Face Malai,1,1,1,313
"Aug 18, 2026",BA-FM-MNO-075,D2C,Baby Face Malai Multi-Nut Oats Vit-E,Baby Face Malai,9,9,10,2554.2
"Aug 18, 2026",FC-CWDM-FW-030,Amazon,Flax Walnut (Cold) 35+ Face Malai,Face Malai,4,4,6,2034.9
"Aug 18, 2026",FC-DM-PG-030,Cred,Turmeric Nutmeg (Pigmentation)  Face Malai - 30g,Face Malai,2,2,2,373.5
"Aug 18, 2026",FC-DM-AA-030,D2C,Clove Tea-Tree (Anti-Acne) Face Malai,Face Malai,1,1,1,355
"Aug 18, 2026",FC-HHDM-TV-005,D2C,Tomato Vetiver (Hot Humid) 20 - 35 Yrs Face Malai - 5g - Brand starter,Face Malai,2,2,2,100.04
"Aug 18, 2026",BA-FM-MNO-075,Flipkart Fulfilled,Baby Face Malai Multi-Nut Oats Vit-E,Baby Face Malai,2,2,3,475
"Aug 18, 2026",BA-FM-MNO-075,Amazon,Baby Face Malai Multi-Nut Oats Vit-E,Baby Face Malai,5,5,5,1501.5
"Aug 18, 2026",FC-CWDM-TP-030,First Cry,Tomato Patchouli (Cold) 20 - 35 Yrs Face Malai,Face Malai,1,1,1,200
"Aug 18, 2026",FC-DM-NR-030,Cred,Cocoa Mogra (Overnight) Face Malai - 30g,Face Malai,2,2,2,373.5
"Aug 18, 2026",FC-CWDM-BT-030,First Cry,Winter Blackseed Tulsi (Cold) 13 - 19 Yrs Face Malai,Face Malai,1,1,1,162.54
"Aug 18, 2026",FC-HDDM-FB-050,D2C,Flax Bakuchi (Hot Dry) 35+ Face Malai - 50g,Face Malai,4,4,8,1444.27
"Aug 19, 2026",FC-AC-OK-050,Pop Club,Active Orange Kiwi Vit-C Gel,Active Gel,2,2,2,498
"Aug 19, 2026",FC-HDDM-FB-050,D2C,Flax Bakuchi (Hot Dry) 35+ Face Malai - 50g,Face Malai,1,1,2,400
"Aug 19, 2026",FC-AC-BT-050,D2C,Active Beetroot Tomato Vit-A Gel,Active Gel,8,8,8,2449.87
"Aug 19, 2026",FC-CWDM-FW-030,Nykaa,Flax Walnut (Cold) 35+ Face Malai,Face Malai,2,2,2,591.16
"Aug 19, 2026",FC-CWDM-FW-030,First Cry,Flax Walnut (Cold) 35+ Face Malai,Face Malai,1,1,1,264.65
"Aug 19, 2026",EC-UE-FNC-020,Nykaa,Netraa Cream - UnderEye Vit-E Cream,Pure Netraa,3,3,4,1288
"Aug 19, 2026",FC-CWDM-TP-030,D2C,Tomato Patchouli (Cold) 20 - 35 Yrs Face Malai,Face Malai,3,3,3,782.81
"Aug 19, 2026",EC-UE-PN-009,Flipkart,Netraa - Under Eye Roll On Serum,Pure Netraa,1,1,1,239
"Aug 19, 2026",FC-AC-OK-050,Amazon,Active Orange Kiwi Vit-C Gel,Active Gel,1,1,1,376.95
"Aug 19, 2026",FC-DM-NR-030,Cred,Cocoa Mogra (Overnight) Face Malai - 30g,Face Malai,2,2,2,349
"Aug 19, 2026",FC-HHDM-TV-050,D2C,Tomato Vetiver (Hot Humid) 20 - 35 Yrs Face Malai - 50g,Face Malai,1,1,1,263.4
"Aug 19, 2026",FC-DM-NR-030,Pop Club,Cocoa Mogra (Overnight) Face Malai - 30g,Face Malai,1,1,1,259
"Aug 19, 2026",FC-HDDM-FB-030,D2C,Flax Bakuchi (Hot Dry) 35+ Face Malai - 30g,Face Malai,5,5,5,1474.79
"Aug 19, 2026",FC-DM-DP-030,Amazon,Honey Multi-Nut (Dry & Peeling Skin) Face Malai,Face Malai,5,5,5,1575
"Aug 19, 2026",FC-AC-OV-050,D2C,Active Olive Vit-E Night Gel,Active Gel,10,10,11,3744.03
"Aug 19, 2026",FC-HHDM-FC-030,D2C,Flax Carrot (Hot Humid) 35+ Face Malai - 30g,Face Malai,2,2,2,535.4
"Aug 19, 2026",EC-UE-FNC-020,First Cry,Netraa Cream - UnderEye Vit-E Cream,Pure Netraa,1,1,1,155.2
"Aug 19, 2026",FC-HHDM-TV-050,Nykaa,Tomato Vetiver (Hot Humid) 20 - 35 Yrs Face Malai - 50g,Face Malai,1,1,1,439
"Aug 19, 2026",FC-DM-DP-030,Snapdeal,Honey Multi-Nut (Dry & Peeling Skin) Face Malai,Face Malai,1,1,1,257
"Aug 19, 2026",FC-AC-NT-050,Nykaa,Active Neem TeaTree Gel,Active Gel,2,2,2,762
"Aug 19, 2026",FC-CWDM-TP-030,Flipkart,Tomato Patchouli (Cold) 20 - 35 Yrs Face Malai,Face Malai,1,1,1,259
"Aug 19, 2026",FC-DM-AA-030,Myntra,Clove Tea-Tree (Anti-Acne) Face Malai,Face Malai,1,1,1,316
"Aug 19, 2026",FC-HHDM-FC-030,Myntra,Flax Carrot (Hot Humid) 35+ Face Malai - 30g,Face Malai,1,1,1,348
"Aug 19, 2026",FC-CWDM-FW-030,Myntra,Flax Walnut (Cold) 35+ Face Malai,Face Malai,1,1,1,352
"Aug 19, 2026",FC-AC-OV-050,Nykaa,Active Olive Vit-E Night Gel,Active Gel,3,3,3,1124.43
"Aug 19, 2026",FC-DM-PG-030,D2C,Turmeric Nutmeg (Pigmentation)  Face Malai - 30g,Face Malai,16,16,16,4973.76
"Aug 19, 2026",FC-AC-OK-050,Nykaa,Active Orange Kiwi Vit-C Gel,Active Gel,7,7,7,2700.78
"Aug 19, 2026",FC-HHDM-TV-050,Flipkart,Tomato Vetiver (Hot Humid) 20 - 35 Yrs Face Malai - 50g,Face Malai,1,1,1,285
"Aug 19, 2026",FC-HHDM-TV-030,D2C,Tomato Vetiver (Hot Humid) 20 - 35 Yrs Face Malai,Face Malai,21,18,22,5155.66
"Aug 19, 2026",FC-DM-DP-030,Myntra,Honey Multi-Nut (Dry & Peeling Skin) Face Malai,Face Malai,2,2,2,656
"Aug 19, 2026",EC-UE-FNC-020,Pop Club,Netraa Cream - UnderEye Vit-E Cream,Pure Netraa,7,7,7,1533
"Aug 19, 2026",BA-FM-MNO-075,Nykaa,Baby Face Malai Multi-Nut Oats Vit-E,Baby Face Malai,5,5,5,1477.89
"Aug 19, 2026",EC-UE-PN-009,Cred,Netraa - Under Eye Roll On Serum,Pure Netraa,1,1,1,159
"Aug 19, 2026",FC-HHDM-TV-005,D2C,Tomato Vetiver (Hot Humid) 20 - 35 Yrs Face Malai - 5g - Brand starter,Face Malai,1,1,1,63.6
"Aug 19, 2026",FC-DM-PG-030,Pop Club,Turmeric Nutmeg (Pigmentation)  Face Malai - 30g,Face Malai,1,1,1,259
"Aug 19, 2026",FC-HHDM-FC-050,D2C,Flax Carrot (Hot Humid) 35+ Face Malai - 50g,Face Malai,8,8,16,2906.8
"Aug 19, 2026",FC-AC-NT-050,D2C,Active Neem TeaTree Gel,Active Gel,7,7,7,2140.98
"Aug 19, 2026",FC-CWDM-FW-030,D2C,Flax Walnut (Cold) 35+ Face Malai,Face Malai,2,2,2,626.33
"Aug 19, 2026",EC-UE-PN-009,D2C,Netraa - Under Eye Roll On Serum,Pure Netraa,23,23,24,4981.39
"Aug 19, 2026",FC-HHDM-TV-030,Nykaa,Tomato Vetiver (Hot Humid) 20 - 35 Yrs Face Malai,Face Malai,2,2,2,604
"Aug 19, 2026",FC-AC-OK-050,Flipkart Fulfilled,Active Orange Kiwi Vit-C Gel,Active Gel,1,1,1,244
"Aug 19, 2026",FC-HDDM-PT-030,Flipkart,Pomegranate Tulsi (Hot Dry) 13 - 19 Yrs Face Malai,Face Malai,1,1,1,242
"Aug 19, 2026",FC-HHDM-FC-030,First Cry,Flax Carrot (Hot Humid) 35+ Face Malai - 30g,Face Malai,1,1,3,452.4
"Aug 19, 2026",FC-HDDM-FB-030,First Cry,Flax Bakuchi (Hot Dry) 35+ Face Malai - 30g,Face Malai,1,1,1,218.66
"Aug 19, 2026",FC-HDDM-TR-050,D2C,Tomato Rosehip (Hot Dry) 20 - 35 Yrs Face Malai - 50g,Face Malai,7,7,14,1944.08
"Aug 19, 2026",FC-AC-OK-050,D2C,Active Orange Kiwi Vit-C Gel,Active Gel,22,22,22,7466.17
"Aug 19, 2026",FC-DM-NR-030,Amazon,Cocoa Mogra (Overnight) Face Malai - 30g,Face Malai,3,3,3,1004.85
"Aug 19, 2026",FC-HHDM-GAT-030,D2C,GreenApple Tulsi (Hot Humid) 13 - 19 Yrs Face Malai,Face Malai,2,2,2,519
"Aug 19, 2026",EC-UE-FNC-020,Myntra,Netraa Cream - UnderEye Vit-E Cream,Pure Netraa,6,6,6,1938
"Aug 19, 2026",FC-CWDM-FW-030,Amazon,Flax Walnut (Cold) 35+ Face Malai,Face Malai,3,3,3,1017.45
"Aug 19, 2026",FC-DM-AA-030,D2C,Clove Tea-Tree (Anti-Acne) Face Malai,Face Malai,16,16,19,5422.55
"Aug 19, 2026",FC-DM-PG-030,Cred,Turmeric Nutmeg (Pigmentation)  Face Malai - 30g,Face Malai,3,3,3,548
"Aug 19, 2026",FC-DM-AA-030,Meesho,Clove Tea-Tree (Anti-Acne) Face Malai,Face Malai,1,1,1,372
"Aug 19, 2026",FC-DM-NR-030,Myntra,Cocoa Mogra (Overnight) Face Malai - 30g,Face Malai,1,1,1,348
"Aug 19, 2026",FC-AC-OK-050,Cred,Active Orange Kiwi Vit-C Gel,Active Gel,2,2,2,269.92
"Aug 19, 2026",FC-DM-PG-030,Nykaa,Turmeric Nutmeg (Pigmentation)  Face Malai - 30g,Face Malai,5,5,6,1996.22
"Aug 19, 2026",FC-DM-PG-030,Myntra,Turmeric Nutmeg (Pigmentation)  Face Malai - 30g,Face Malai,3,3,3,1044
"Aug 19, 2026",FC-DM-NR-050,D2C,Cocoa Mogra (Overnight) Face Malai - 50g ,Face Malai,6,6,18,3237
"Aug 19, 2026",FC-DM-PG-030,Flipkart,Turmeric Nutmeg (Pigmentation)  Face Malai - 30g,Face Malai,5,5,5,1370
"Aug 19, 2026",FC-HDDM-TR-030,Amazon,Tomato Rosehip (Hot Dry) 20 - 35 Yrs Face Malai - 30g,Face Malai,2,2,2,630
"Aug 19, 2026",BA-FM-MNO-075,Flipkart Fulfilled,Baby Face Malai Multi-Nut Oats Vit-E,Baby Face Malai,3,3,3,758
"Aug 19, 2026",FC-DM-AA-030,Flipkart Fulfilled,Clove Tea-Tree (Anti-Acne) Face Malai,Face Malai,1,1,1,346
"Aug 19, 2026",EC-UE-PN-009,Amazon,Netraa - Under Eye Roll On Serum,Pure Netraa,3,3,3,904.05
"Aug 19, 2026",BA-FM-MNO-075,Amazon,Baby Face Malai Multi-Nut Oats Vit-E,Baby Face Malai,2,2,3,900.9
"Aug 19, 2026",FC-HDDM-FB-030,Nykaa,Flax Bakuchi (Hot Dry) 35+ Face Malai - 30g,Face Malai,4,4,4,1209.9
"Aug 19, 2026",FC-AC-OK-050,First Cry,Active Orange Kiwi Vit-C Gel,Active Gel,1,1,2,376.8
"Aug 19, 2026",EC-UE-PN-009,Nykaa,Netraa - Under Eye Roll On Serum,Pure Netraa,6,6,6,1853.77
"Aug 19, 2026",FC-HHDM-TV-050,Myntra,Tomato Vetiver (Hot Humid) 20 - 35 Yrs Face Malai - 50g,Face Malai,1,1,1,375
"Aug 19, 2026",FC-DM-NR-030,D2C,Cocoa Mogra (Overnight) Face Malai - 30g,Face Malai,7,7,7,2011.74
"Aug 19, 2026",FC-DM-PG-050,D2C,Turmeric Nutmeg (Pigmentation)  Face Malai - 50g ,Face Malai,14,14,34,6637.84
"Aug 19, 2026",FC-AC-AC-050,D2C,Active Aloe Cactus Hydra Lift Gel,Active Gel,3,3,3,935
"Aug 19, 2026",FC-HDDM-TR-030,Nykaa,Tomato Rosehip (Hot Dry) 20 - 35 Yrs Face Malai - 30g,Face Malai,1,1,1,302
"Aug 19, 2026",EC-UE-FNC-020,D2C,Netraa Cream - UnderEye Vit-E Cream,Pure Netraa,12,12,12,3280.52
"Aug 19, 2026",BC-BL-PM-250,Flipkart,Peach Milk Malai Lotion - 250ml,Face Malai,9,9,9,1575
"Aug 19, 2026",FC-HHDM-FC-030,Nykaa,Flax Carrot (Hot Humid) 35+ Face Malai - 30g,Face Malai,1,1,1,299.28
"Aug 19, 2026",BA-FM-MNO-075,First Cry,Baby Face Malai Multi-Nut Oats Vit-E,Baby Face Malai,9,9,9,2465.64
"Aug 19, 2026",FC-CWDM-BT-030,D2C,Winter Blackseed Tulsi (Cold) 13 - 19 Yrs Face Malai,Face Malai,1,1,1,280.33
"Aug 19, 2026",FC-CWDM-BT-030,Myntra,Winter Blackseed Tulsi (Cold) 13 - 19 Yrs Face Malai,Face Malai,1,1,1,322
"Aug 19, 2026",FC-DM-PG-030,Amazon,Turmeric Nutmeg (Pigmentation)  Face Malai - 30g,Face Malai,10,10,15,5024.25
"Aug 19, 2026",FC-HHDM-FC-050,Flipkart,Flax Carrot (Hot Humid) 35+ Face Malai - 50g,Face Malai,1,1,2,348
"Aug 19, 2026",FC-HHDM-TV-030,Myntra,Tomato Vetiver (Hot Humid) 20 - 35 Yrs Face Malai,Face Malai,1,1,1,328
"Aug 19, 2026",BA-FM-MNO-075,D2C,Baby Face Malai Multi-Nut Oats Vit-E,Baby Face Malai,12,12,12,3130.76
"Aug 19, 2026",FC-HDDM-PT-030,Myntra,Pomegranate Tulsi (Hot Dry) 13 - 19 Yrs Face Malai,Face Malai,1,1,1,316
"Aug 19, 2026",EC-UE-PN-009,Myntra,Netraa - Under Eye Roll On Serum,Pure Netraa,2,2,2,626
"Aug 20, 2026",FC-DM-AA-030,Amazon,Clove Tea-Tree (Anti-Acne) Face Malai,Face Malai,2,2,2,609
"Aug 20, 2026",FC-DM-NR-030,First Cry,Cocoa Mogra (Overnight) Face Malai - 30g,Face Malai,1,1,1,160.4
"Aug 20, 2026",EC-UE-PN-009,Nykaa,Netraa - Under Eye Roll On Serum,Pure Netraa,7,7,7,2184
"Aug 20, 2026",FC-HDDM-PT-030,Nykaa,Pomegranate Tulsi (Hot Dry) 13 - 19 Yrs Face Malai,Face Malai,1,1,1,309.43
"Aug 20, 2026",BA-FM-MNO-075,Flipkart Fulfilled,Baby Face Malai Multi-Nut Oats Vit-E,Baby Face Malai,1,1,1,165
"Aug 20, 2026",FC-HHDM-FC-030,Nykaa,Flax Carrot (Hot Humid) 35+ Face Malai - 30g,Face Malai,1,1,1,304.7
"Aug 20, 2026",EC-UE-PN-009,Cred,Netraa - Under Eye Roll On Serum,Pure Netraa,2,2,2,318
"Aug 20, 2026",FC-HDDM-TR-030,Cred,Tomato Rosehip (Hot Dry) 20 - 35 Yrs Face Malai - 30g,Face Malai,1,1,1,179
"Aug 20, 2026",FC-DM-DP-030,First Cry,Honey Multi-Nut (Dry & Peeling Skin) Face Malai,Face Malai,1,1,1,150.8
"Aug 20, 2026",FC-CWDM-FW-030,First Cry,Flax Walnut (Cold) 35+ Face Malai,Face Malai,1,1,1,150.8
"Aug 20, 2026",EC-UE-FNC-020,Nykaa,Netraa Cream - UnderEye Vit-E Cream,Pure Netraa,1,1,1,322
"Aug 20, 2026",FC-AC-OK-050,Amazon,Active Orange Kiwi Vit-C Gel,Active Gel,1,1,1,376.95
"Aug 20, 2026",FC-HDDM-TR-030,D2C,Tomato Rosehip (Hot Dry) 20 - 35 Yrs Face Malai - 30g,Face Malai,1,1,2,605.71
"Aug 20, 2026",FC-HHDM-FC-030,D2C,Flax Carrot (Hot Humid) 35+ Face Malai - 30g,Face Malai,6,6,6,1801.4
"Aug 20, 2026",EC-UE-PN-009,Myntra,Netraa - Under Eye Roll On Serum,Pure Netraa,1,1,1,313
"Aug 20, 2026",FC-HHDM-TV-050,Flipkart,Tomato Vetiver (Hot Humid) 20 - 35 Yrs Face Malai - 50g,Face Malai,2,2,2,570
"Aug 20, 2026",FC-DM-PG-030,Amazon,Turmeric Nutmeg (Pigmentation)  Face Malai - 30g,Face Malai,12,12,14,4689.3
"Aug 20, 2026",FC-HHDM-FC-030,Amazon,Flax Carrot (Hot Humid) 35+ Face Malai - 30g,Face Malai,1,1,1,334.95
"Aug 20, 2026",FC-DM-DP-030,Nykaa,Honey Multi-Nut (Dry & Peeling Skin) Face Malai,Face Malai,2,2,2,626
"Aug 20, 2026",FC-AC-AC-050,D2C,Active Aloe Cactus Hydra Lift Gel,Active Gel,6,6,6,2231.93
"Aug 20, 2026",FC-DM-NR-030,Flipkart,Cocoa Mogra (Overnight) Face Malai - 30g,Face Malai,2,2,2,512
"Aug 20, 2026",FC-DM-PG-030,Nykaa,Turmeric Nutmeg (Pigmentation)  Face Malai - 30g,Face Malai,5,5,5,1639.72
"Aug 20, 2026",FC-HHDM-TV-005,D2C,Tomato Vetiver (Hot Humid) 20 - 35 Yrs Face Malai - 5g - Brand starter,Face Malai,2,2,2,120.69
"Aug 20, 2026",FC-DM-PG-030,D2C,Turmeric Nutmeg (Pigmentation)  Face Malai - 30g,Face Malai,14,14,14,4269.47
"Aug 20, 2026",EC-UE-PN-009,D2C,Netraa - Under Eye Roll On Serum,Pure Netraa,15,15,16,3985.22
"Aug 20, 2026",FC-HDDM-PT-030,D2C,Pomegranate Tulsi (Hot Dry) 13 - 19 Yrs Face Malai,Face Malai,1,1,1,259.5
"Aug 20, 2026",FC-HHDM-TV-030,Flipkart,Tomato Vetiver (Hot Humid) 20 - 35 Yrs Face Malai,Face Malai,2,2,2,472
"Aug 20, 2026",FC-HHDM-TV-030,D2C,Tomato Vetiver (Hot Humid) 20 - 35 Yrs Face Malai,Face Malai,20,20,21,4885.8
"Aug 20, 2026",FC-DM-AA-030,D2C,Clove Tea-Tree (Anti-Acne) Face Malai,Face Malai,5,5,5,1548.93
"Aug 20, 2026",FC-AC-OK-050,Flipkart Fulfilled,Active Orange Kiwi Vit-C Gel,Active Gel,1,1,1,394
"Aug 20, 2026",FC-DM-DP-030,Myntra,Honey Multi-Nut (Dry & Peeling Skin) Face Malai,Face Malai,1,1,1,328
"Aug 20, 2026",FC-HHDM-TV-030,Cred,Tomato Vetiver (Hot Humid) 20 - 35 Yrs Face Malai,Face Malai,1,1,1,179
"Aug 20, 2026",FC-AC-OK-050,Cred,Active Orange Kiwi Vit-C Gel,Active Gel,4,4,4,540.44
"Aug 20, 2026",FC-CWDM-TP-030,D2C,Tomato Patchouli (Cold) 20 - 35 Yrs Face Malai,Face Malai,1,1,1,259.5
"Aug 20, 2026",FC-AC-AC-050,Flipkart,Active Aloe Cactus Hydra Lift Gel,Active Gel,2,2,2,658
"Aug 20, 2026",FC-DM-NR-030,D2C,Cocoa Mogra (Overnight) Face Malai - 30g,Face Malai,9,9,10,3111.17
"Aug 20, 2026",FC-HHDM-FC-030,First Cry,Flax Carrot (Hot Humid) 35+ Face Malai - 30g,Face Malai,2,2,2,309.14
"Aug 20, 2026",FC-DM-PG-030,Flipkart,Turmeric Nutmeg (Pigmentation)  Face Malai - 30g,Face Malai,6,6,6,1535.12
"Aug 20, 2026",EC-UE-FNC-020,Pop Club,Netraa Cream - UnderEye Vit-E Cream,Pure Netraa,4,4,4,876
"Aug 20, 2026",EC-UE-FNC-020,D2C,Netraa Cream - UnderEye Vit-E Cream,Pure Netraa,15,15,15,4204.59
"Aug 20, 2026",BC-BL-PM-250,Flipkart,Peach Milk Malai Lotion - 250ml,Face Malai,3,3,3,510
"Aug 20, 2026",FC-AC-OV-050,Nykaa,Active Olive Vit-E Night Gel,Active Gel,1,1,1,391
"Aug 20, 2026",FC-HDDM-TR-050,D2C,Tomato Rosehip (Hot Dry) 20 - 35 Yrs Face Malai - 50g,Face Malai,3,3,6,857.9
"Aug 20, 2026",FC-HDDM-FB-050,D2C,Flax Bakuchi (Hot Dry) 35+ Face Malai - 50g,Face Malai,1,1,2,280.8
"Aug 20, 2026",BA-FM-MNO-075,First Cry,Baby Face Malai Multi-Nut Oats Vit-E,Baby Face Malai,5,5,5,1405.66
"Aug 20, 2026",FC-HHDM-TV-050,D2C,Tomato Vetiver (Hot Humid) 20 - 35 Yrs Face Malai - 50g,Face Malai,1,1,1,285.35
"Aug 20, 2026",FC-HDDM-FB-030,Nykaa,Flax Bakuchi (Hot Dry) 35+ Face Malai - 30g,Face Malai,2,2,3,939
"Aug 20, 2026",EC-UE-PN-009,First Cry,Netraa - Under Eye Roll On Serum,Pure Netraa,1,1,1,157.92
"Aug 20, 2026",FC-CWDM-BT-030,Nykaa,Winter Blackseed Tulsi (Cold) 13 - 19 Yrs Face Malai,Face Malai,1,1,1,302
"Aug 20, 2026",EC-UE-FNC-020,First Cry,Netraa Cream - UnderEye Vit-E Cream,Pure Netraa,2,2,2,294.31
"Aug 20, 2026",BA-FM-MNO-075,D2C,Baby Face Malai Multi-Nut Oats Vit-E,Baby Face Malai,27,26,28,7436.24
"Aug 20, 2026",FC-HDDM-FB-030,D2C,Flax Bakuchi (Hot Dry) 35+ Face Malai - 30g,Face Malai,4,4,4,1273.5
"Aug 20, 2026",FC-DM-NR-030,Pop Club,Cocoa Mogra (Overnight) Face Malai - 30g,Face Malai,4,4,4,1036
"Aug 20, 2026",FC-HHDM-FC-030,Cred,Flax Carrot (Hot Humid) 35+ Face Malai - 30g,Face Malai,1,1,1,199
"Aug 20, 2026",FC-AC-NT-050,Flipkart,Active Neem TeaTree Gel,Active Gel,1,1,2,539
"Aug 20, 2026",FC-AC-OK-050,D2C,Active Orange Kiwi Vit-C Gel,Active Gel,18,18,19,6768.8
"Aug 20, 2026",FC-DM-NR-030,Nykaa,Cocoa Mogra (Overnight) Face Malai - 30g,Face Malai,2,2,2,666
"Aug 20, 2026",BA-FM-MNO-075,Meesho,Baby Face Malai Multi-Nut Oats Vit-E,Baby Face Malai,2,2,2,604
"Aug 20, 2026",FC-AC-BT-050,D2C,Active Beetroot Tomato Vit-A Gel,Active Gel,2,2,2,647.8
"Aug 20, 2026",FC-DM-PG-030,Myntra,Turmeric Nutmeg (Pigmentation)  Face Malai - 30g,Face Malai,1,1,1,348
"Aug 20, 2026",FC-AC-NT-050,D2C,Active Neem TeaTree Gel,Active Gel,7,7,7,2246.55
"Aug 20, 2026",FC-AC-OK-050,Nykaa,Active Orange Kiwi Vit-C Gel,Active Gel,2,2,2,749.53
"Aug 20, 2026",FC-HHDM-FC-050,D2C,Flax Carrot (Hot Humid) 35+ Face Malai - 50g,Face Malai,6,6,12,2104.85
"Aug 20, 2026",FC-HDDM-FB-030,Amazon,Flax Bakuchi (Hot Dry) 35+ Face Malai - 30g,Face Malai,3,3,3,1004.85
"Aug 20, 2026",FC-DM-PG-050,D2C,Turmeric Nutmeg (Pigmentation)  Face Malai - 50g ,Face Malai,11,11,24,4558.9
"Aug 20, 2026",FC-DM-AA-030,Nykaa,Clove Tea-Tree (Anti-Acne) Face Malai,Face Malai,1,1,1,333
"Aug 20, 2026",FC-AC-OV-050,D2C,Active Olive Vit-E Night Gel,Active Gel,6,6,7,2356.37
"Aug 20, 2026",FC-CWDM-FW-030,D2C,Flax Walnut (Cold) 35+ Face Malai,Face Malai,1,1,1,226.2
"Aug 20, 2026",FC-AC-OK-050,Flipkart,Active Orange Kiwi Vit-C Gel,Active Gel,2,2,2,598
"Aug 20, 2026",FC-DM-NR-050,D2C,Cocoa Mogra (Overnight) Face Malai - 50g ,Face Malai,5,5,10,1909.3
"Aug 20, 2026",FC-HDDM-TR-030,Nykaa,Tomato Rosehip (Hot Dry) 20 - 35 Yrs Face Malai - 30g,Face Malai,1,1,1,302
"Aug 20, 2026",FC-DM-DP-030,D2C,Honey Multi-Nut (Dry & Peeling Skin) Face Malai,Face Malai,5,5,6,1863.79
"Aug 20, 2026",FC-DM-AA-030,Flipkart,Clove Tea-Tree (Anti-Acne) Face Malai,Face Malai,1,1,2,448
"Aug 20, 2026",BA-FM-MNO-075,Amazon,Baby Face Malai Multi-Nut Oats Vit-E,Baby Face Malai,2,2,2,600.6
"Aug 20, 2026",FC-HHDM-GAT-030,D2C,GreenApple Tulsi (Hot Humid) 13 - 19 Yrs Face Malai,Face Malai,2,2,2,557
"Aug 20, 2026",FC-HHDM-TV-030,Flipkart Fulfilled,Tomato Vetiver (Hot Humid) 20 - 35 Yrs Face Malai,Face Malai,1,1,1,194
"Aug 20, 2026",FC-DM-DP-030,Amazon,Honey Multi-Nut (Dry & Peeling Skin) Face Malai,Face Malai,3,3,4,1260
"Aug 20, 2026",FC-HHDM-TV-050,Amazon,Tomato Vetiver (Hot Humid) 20 - 35 Yrs Face Malai - 50g,Face Malai,1,1,1,394.12
"Aug 20, 2026",FC-AC-NT-050,Nykaa,Active Neem TeaTree Gel,Active Gel,1,1,1,374.54
"Aug 20, 2026",FC-DM-NR-030,Amazon,Cocoa Mogra (Overnight) Face Malai - 30g,Face Malai,3,3,3,1004.85
"Aug 20, 2026",FC-DM-DP-030,Flipkart,Honey Multi-Nut (Dry & Peeling Skin) Face Malai,Face Malai,1,1,1,236
"Aug 20, 2026",FC-AC-AC-050,Nykaa,Active Aloe Cactus Hydra Lift Gel,Active Gel,1,1,1,420
"Aug 20, 2026",FC-CWDM-FW-030,Amazon,Flax Walnut (Cold) 35+ Face Malai,Face Malai,4,4,4,1356.6
"Aug 20, 2026",FC-HHDM-FC-030,Myntra,Flax Carrot (Hot Humid) 35+ Face Malai - 30g,Face Malai,1,1,1,348
"Aug 21, 2026",FC-HDDM-FB-030,Nykaa,Flax Bakuchi (Hot Dry) 35+ Face Malai - 30g,Face Malai,1,1,1,301.08
"Aug 21, 2026",FC-HDDM-TR-030,Flipkart,Tomato Rosehip (Hot Dry) 20 - 35 Yrs Face Malai - 30g,Face Malai,1,1,1,236
"Aug 21, 2026",FC-DM-PG-030,Pop Club,Turmeric Nutmeg (Pigmentation)  Face Malai - 30g,Face Malai,1,1,1,259
"Aug 21, 2026",FC-DM-PG-030,Myntra,Turmeric Nutmeg (Pigmentation)  Face Malai - 30g,Face Malai,2,2,5,1740
"Aug 21, 2026",FC-AC-NT-050,D2C,Active Neem TeaTree Gel,Active Gel,12,12,12,3884.54
"Aug 21, 2026",FC-HHDM-TV-050,Amazon,Tomato Vetiver (Hot Humid) 20 - 35 Yrs Face Malai - 50g,Face Malai,2,2,2,788.24
"Aug 21, 2026",FC-AC-OV-050,D2C,Active Olive Vit-E Night Gel,Active Gel,10,10,10,3403.94
"Aug 21, 2026",FC-AC-NT-050,First Cry,Active Neem TeaTree Gel,Active Gel,1,1,1,192.78
"Aug 21, 2026",FC-AC-OK-050,Flipkart,Active Orange Kiwi Vit-C Gel,Active Gel,3,3,3,897
"Aug 21, 2026",EC-UE-FNC-020,Myntra,Netraa Cream - UnderEye Vit-E Cream,Pure Netraa,5,5,5,1615
"Aug 21, 2026",FC-DM-PG-050,D2C,Turmeric Nutmeg (Pigmentation)  Face Malai - 50g ,Face Malai,16,16,32,6350.12
"Aug 21, 2026",BA-FM-MNO-075,First Cry,Baby Face Malai Multi-Nut Oats Vit-E,Baby Face Malai,2,2,2,518.5
"Aug 21, 2026",FC-HDDM-FB-050,D2C,Flax Bakuchi (Hot Dry) 35+ Face Malai - 50g,Face Malai,2,2,4,681
"Aug 21, 2026",FC-DM-AA-030,Myntra,Clove Tea-Tree (Anti-Acne) Face Malai,Face Malai,1,1,1,316
"Aug 21, 2026",FC-HHDM-TV-030,Amazon,Tomato Vetiver (Hot Humid) 20 - 35 Yrs Face Malai,Face Malai,1,1,1,315
"Aug 21, 2026",FC-CWDM-TP-030,D2C,Tomato Patchouli (Cold) 20 - 35 Yrs Face Malai,Face Malai,3,3,3,778.79
"Aug 21, 2026",FC-CWDM-FW-030,D2C,Flax Walnut (Cold) 35+ Face Malai,Face Malai,3,3,3,875.04
"Aug 21, 2026",FC-AC-BT-050,D2C,Active Beetroot Tomato Vit-A Gel,Active Gel,1,1,1,389
"Aug 21, 2026",FC-HHDM-TV-030,First Cry,Tomato Vetiver (Hot Humid) 20 - 35 Yrs Face Malai,Face Malai,1,1,1,145.6
"Aug 21, 2026",FC-DM-PG-030,D2C,Turmeric Nutmeg (Pigmentation)  Face Malai - 30g,Face Malai,9,9,9,2716.04
"Aug 21, 2026",FC-AC-NT-050,Nykaa,Active Neem TeaTree Gel,Active Gel,1,1,1,381
"Aug 21, 2026",FC-HDDM-PT-030,Myntra,Pomegranate Tulsi (Hot Dry) 13 - 19 Yrs Face Malai,Face Malai,1,1,1,316
"Aug 21, 2026",FC-HDDM-TR-030,First Cry,Tomato Rosehip (Hot Dry) 20 - 35 Yrs Face Malai - 30g,Face Malai,1,1,1,145.6
"Aug 21, 2026",FC-DM-NR-030,Nykaa,Cocoa Mogra (Overnight) Face Malai - 30g,Face Malai,1,1,1,314.34
"Aug 21, 2026",FC-DM-PG-030,Nykaa,Turmeric Nutmeg (Pigmentation)  Face Malai - 30g,Face Malai,12,12,14,4600.43
"Aug 21, 2026",FC-DM-NR-030,Amazon,Cocoa Mogra (Overnight) Face Malai - 30g,Face Malai,5,5,5,1674.75
"Aug 21, 2026",FC-DM-NR-030,Pop Club,Cocoa Mogra (Overnight) Face Malai - 30g,Face Malai,2,2,2,518
"Aug 21, 2026",FC-HDDM-FB-030,D2C,Flax Bakuchi (Hot Dry) 35+ Face Malai - 30g,Face Malai,1,1,1,238.5
"Aug 21, 2026",FC-AC-OK-050,Myntra,Active Orange Kiwi Vit-C Gel,Active Gel,1,1,1,391
"Aug 21, 2026",FC-HHDM-FC-030,Flipkart,Flax Carrot (Hot Humid) 35+ Face Malai - 30g,Face Malai,1,1,1,256
"Aug 21, 2026",EC-UE-PN-009,Amazon,Netraa - Under Eye Roll On Serum,Pure Netraa,1,1,1,301.35
"Aug 21, 2026",FC-DM-DP-030,Nykaa,Honey Multi-Nut (Dry & Peeling Skin) Face Malai,Face Malai,1,1,1,313
"Aug 21, 2026",BA-FM-MNO-075,D2C,Baby Face Malai Multi-Nut Oats Vit-E,Baby Face Malai,13,13,13,3361.65
"Aug 21, 2026",FC-DM-PG-030,Cred,Turmeric Nutmeg (Pigmentation)  Face Malai - 30g,Face Malai,45,43,45,6705
"Aug 21, 2026",EC-UE-FNC-020,D2C,Netraa Cream - UnderEye Vit-E Cream,Pure Netraa,15,15,15,4001.04
"Aug 21, 2026",FC-HHDM-TV-030,D2C,Tomato Vetiver (Hot Humid) 20 - 35 Yrs Face Malai,Face Malai,23,23,24,5383.56
"Aug 21, 2026",BC-BL-PM-250,Flipkart,Peach Milk Malai Lotion - 250ml,Face Malai,5,5,5,884
"Aug 21, 2026",FC-HHDM-FC-030,Amazon,Flax Carrot (Hot Humid) 35+ Face Malai - 30g,Face Malai,1,1,1,334.95
"Aug 21, 2026",FC-DM-NR-030,D2C,Cocoa Mogra (Overnight) Face Malai - 30g,Face Malai,5,5,5,1320.72
"Aug 21, 2026",FC-AC-AC-050,D2C,Active Aloe Cactus Hydra Lift Gel,Active Gel,2,2,2,635.55
"Aug 21, 2026",EC-UE-PN-009,Nykaa,Netraa - Under Eye Roll On Serum,Pure Netraa,8,8,8,2472.96
"Aug 21, 2026",BA-FM-MNO-075,Flipkart,Baby Face Malai Multi-Nut Oats Vit-E,Baby Face Malai,2,2,2,421.71
"Aug 21, 2026",FC-HHDM-FC-030,D2C,Flax Carrot (Hot Humid) 35+ Face Malai - 30g,Face Malai,2,2,2,458.19
"Aug 21, 2026",FC-AC-BT-050,First Cry,Active Beetroot Tomato Vit-A Gel,Active Gel,1,1,1,183.6
"Aug 21, 2026",BA-FM-MNO-075,Amazon,Baby Face Malai Multi-Nut Oats Vit-E,Baby Face Malai,3,3,3,900.9
"Aug 21, 2026",FC-DM-AA-030,Flipkart,Clove Tea-Tree (Anti-Acne) Face Malai,Face Malai,2,2,2,448
"Aug 21, 2026",FC-DM-DP-030,Myntra,Honey Multi-Nut (Dry & Peeling Skin) Face Malai,Face Malai,1,1,1,328
"Aug 21, 2026",FC-DM-AA-030,Pop Club,Clove Tea-Tree (Anti-Acne) Face Malai,Face Malai,1,1,1,259
"Aug 21, 2026",FC-HDDM-TR-050,D2C,Tomato Rosehip (Hot Dry) 20 - 35 Yrs Face Malai - 50g,Face Malai,5,5,10,1535.59
"Aug 21, 2026",FC-HDDM-FB-030,First Cry,Flax Bakuchi (Hot Dry) 35+ Face Malai - 30g,Face Malai,1,1,1,188.5
"Aug 21, 2026",FC-DM-PG-030,Flipkart,Turmeric Nutmeg (Pigmentation)  Face Malai - 30g,Face Malai,5,5,5,1177.22
"Aug 21, 2026",FC-HHDM-FC-030,First Cry,Flax Carrot (Hot Humid) 35+ Face Malai - 30g,Face Malai,1,1,1,150.8
"Aug 21, 2026",FC-DM-AA-030,D2C,Clove Tea-Tree (Anti-Acne) Face Malai,Face Malai,3,3,4,1237.21
"Aug 21, 2026",FC-HHDM-TV-030,Nykaa,Tomato Vetiver (Hot Humid) 20 - 35 Yrs Face Malai,Face Malai,2,2,2,512.13
"Aug 21, 2026",FC-CWDM-FW-030,Amazon,Flax Walnut (Cold) 35+ Face Malai,Face Malai,3,3,3,1017.45
"Aug 21, 2026",FC-HHDM-FC-030,Nykaa,Flax Carrot (Hot Humid) 35+ Face Malai - 30g,Face Malai,1,1,1,306.74
"Aug 21, 2026",FC-AC-OK-050,Cred,Active Orange Kiwi Vit-C Gel,Active Gel,6,6,6,811.56
"Aug 21, 2026",EC-UE-PN-009,Cred,Netraa - Under Eye Roll On Serum,Pure Netraa,1,1,1,159
"Aug 21, 2026",FC-CWDM-FW-030,Flipkart,Flax Walnut (Cold) 35+ Face Malai,Face Malai,1,1,1,260
"Aug 21, 2026",FC-DM-PG-030,Amazon,Turmeric Nutmeg (Pigmentation)  Face Malai - 30g,Face Malai,14,14,17,5694.15
"Aug 21, 2026",FC-HHDM-TV-005,D2C,Tomato Vetiver (Hot Humid) 20 - 35 Yrs Face Malai - 5g - Brand starter,Face Malai,3,3,3,157.39
"Aug 21, 2026",FC-HHDM-FC-030,Myntra,Flax Carrot (Hot Humid) 35+ Face Malai - 30g,Face Malai,2,2,2,696
"Aug 21, 2026",FC-HHDM-GAT-030,D2C,GreenApple Tulsi (Hot Humid) 13 - 19 Yrs Face Malai,Face Malai,3,3,3,847.5
"Aug 21, 2026",FC-DM-NR-050,D2C,Cocoa Mogra (Overnight) Face Malai - 50g ,Face Malai,6,6,12,2315.91
"Aug 21, 2026",FC-DM-PG-030,First Cry,Turmeric Nutmeg (Pigmentation)  Face Malai - 30g,Face Malai,2,2,2,343.58
"Aug 21, 2026",EC-UE-FNC-020,Nykaa,Netraa Cream - UnderEye Vit-E Cream,Pure Netraa,2,2,2,644
"Aug 21, 2026",FC-DM-NR-030,Flipkart,Cocoa Mogra (Overnight) Face Malai - 30g,Face Malai,1,1,1,256
"Aug 21, 2026",FC-HHDM-FC-030,Cred,Flax Carrot (Hot Humid) 35+ Face Malai - 30g,Face Malai,1,1,1,149
"Aug 21, 2026",FC-AC-OK-050,D2C,Active Orange Kiwi Vit-C Gel,Active Gel,23,23,24,8368.83
"Aug 21, 2026",FC-AC-NT-050,Flipkart,Active Neem TeaTree Gel,Active Gel,2,2,4,1078
"Aug 21, 2026",FC-DM-DP-030,D2C,Honey Multi-Nut (Dry & Peeling Skin) Face Malai,Face Malai,2,2,2,668
"Aug 21, 2026",FC-HHDM-TV-050,Flipkart,Tomato Vetiver (Hot Humid) 20 - 35 Yrs Face Malai - 50g,Face Malai,1,1,1,285
"Aug 21, 2026",FC-AC-OV-050,Cred,Active Olive Vit-E Night Gel,Active Gel,1,1,1,239
"Aug 21, 2026",FC-HHDM-TV-030,Pop Club,Tomato Vetiver (Hot Humid) 20 - 35 Yrs Face Malai,Face Malai,1,1,1,259
"Aug 21, 2026",EC-UE-PN-009,First Cry,Netraa - Under Eye Roll On Serum,Pure Netraa,3,3,3,451.2
"Aug 21, 2026",FC-HHDM-FC-050,D2C,Flax Carrot (Hot Humid) 35+ Face Malai - 50g,Face Malai,6,6,12,2140.36
"Aug 21, 2026",EC-UE-FNC-020,Pop Club,Netraa Cream - UnderEye Vit-E Cream,Pure Netraa,2,2,3,1095
"Aug 21, 2026",EC-UE-PN-009,Myntra,Netraa - Under Eye Roll On Serum,Pure Netraa,3,3,3,939
"Aug 21, 2026",BA-FM-MNO-075,Nykaa,Baby Face Malai Multi-Nut Oats Vit-E,Baby Face Malai,3,3,3,917.51
"Aug 21, 2026",FC-AC-NT-050,Amazon,Active Neem TeaTree Gel,Active Gel,1,1,1,367.5
"Aug 21, 2026",FC-HHDM-TV-050,D2C,Tomato Vetiver (Hot Humid) 20 - 35 Yrs Face Malai - 50g,Face Malai,3,3,3,1088
"Aug 21, 2026",FC-HHDM-TV-050,Nykaa,Tomato Vetiver (Hot Humid) 20 - 35 Yrs Face Malai - 50g,Face Malai,1,1,1,439
"Aug 21, 2026",FC-AC-OK-050,Nykaa,Active Orange Kiwi Vit-C Gel,Active Gel,1,1,1,391
"Aug 21, 2026",FC-AC-OK-050,Pop Club,Active Orange Kiwi Vit-C Gel,Active Gel,2,2,2,498
"Aug 21, 2026",FC-DM-AA-030,Nykaa,Clove Tea-Tree (Anti-Acne) Face Malai,Face Malai,1,1,1,329.95
"Aug 21, 2026",FC-DM-NR-030,Myntra,Cocoa Mogra (Overnight) Face Malai - 30g,Face Malai,1,1,1,348
"Aug 21, 2026",EC-UE-PN-009,D2C,Netraa - Under Eye Roll On Serum,Pure Netraa,14,14,14,3538.73
"Aug 21, 2026",EC-UE-PN-009,Flipkart,Netraa - Under Eye Roll On Serum,Pure Netraa,1,1,1,220
"Aug 21, 2026",EC-UE-FNC-020,Flipkart,Netraa Cream - UnderEye Vit-E Cream,Pure Netraa,1,1,1,230
"Aug 21, 2026",EC-UE-FNC-020,First Cry,Netraa Cream - UnderEye Vit-E Cream,Pure Netraa,4,4,4,667.36
"Aug 22, 2026",FC-AC-OK-050,Myntra,Active Orange Kiwi Vit-C Gel,Active Gel,1,1,1,391
"Aug 22, 2026",FC-HHDM-FC-030,Nykaa,Flax Carrot (Hot Humid) 35+ Face Malai - 30g,Face Malai,1,1,1,313
"Aug 22, 2026",FC-HHDM-TV-030,Cred,Tomato Vetiver (Hot Humid) 20 - 35 Yrs Face Malai,Face Malai,2,2,2,298
"Aug 22, 2026",FC-AC-NT-050,D2C,Active Neem TeaTree Gel,Active Gel,7,7,8,2456.5
"Aug 22, 2026",FC-DM-PG-050,D2C,Turmeric Nutmeg (Pigmentation)  Face Malai - 50g ,Face Malai,19,19,40,7827.97
"Aug 22, 2026",FC-HHDM-TV-030,Pop Club,Tomato Vetiver (Hot Humid) 20 - 35 Yrs Face Malai,Face Malai,1,1,1,259
"Aug 22, 2026",FC-DM-DP-030,D2C,Honey Multi-Nut (Dry & Peeling Skin) Face Malai,Face Malai,3,3,5,1670
"Aug 22, 2026",FC-CWDM-TP-030,D2C,Tomato Patchouli (Cold) 20 - 35 Yrs Face Malai,Face Malai,1,1,1,322
"Aug 22, 2026",FC-DM-NR-050,Flipkart,Cocoa Mogra (Overnight) Face Malai - 50g ,Face Malai,1,1,2,391
"Aug 22, 2026",EC-UE-FNC-020,Myntra,Netraa Cream - UnderEye Vit-E Cream,Pure Netraa,2,2,2,646
"Aug 22, 2026",BA-FM-MNO-075,Nykaa,Baby Face Malai Multi-Nut Oats Vit-E,Baby Face Malai,3,3,3,933
"Aug 22, 2026",FC-DM-PG-030,Amazon,Turmeric Nutmeg (Pigmentation)  Face Malai - 30g,Face Malai,9,9,10,3349.5
"Aug 22, 2026",FC-DM-PG-030,D2C,Turmeric Nutmeg (Pigmentation)  Face Malai - 30g,Face Malai,20,20,20,5613.4
"Aug 22, 2026",FC-HHDM-GAT-030,D2C,GreenApple Tulsi (Hot Humid) 13 - 19 Yrs Face Malai,Face Malai,1,1,1,255.76
"Aug 22, 2026",FC-HHDM-GAT-030,Nykaa,GreenApple Tulsi (Hot Humid) 13 - 19 Yrs Face Malai,Face Malai,3,3,3,936.7
"Aug 22, 2026",FC-DM-DP-030,Amazon,Honey Multi-Nut (Dry & Peeling Skin) Face Malai,Face Malai,1,1,1,315
"Aug 22, 2026",EC-UE-FNC-020,D2C,Netraa Cream - UnderEye Vit-E Cream,Pure Netraa,11,11,11,2988.25
"Aug 22, 2026",BC-BL-PM-250,Flipkart,Peach Milk Malai Lotion - 250ml,Face Malai,7,7,8,1400
"Aug 22, 2026",FC-DM-PG-030,First Cry,Turmeric Nutmeg (Pigmentation)  Face Malai - 30g,Face Malai,3,3,3,553.08
"Aug 22, 2026",FC-HHDM-FC-030,Myntra,Flax Carrot (Hot Humid) 35+ Face Malai - 30g,Face Malai,1,1,1,348
"Aug 22, 2026",FC-CWDM-TP-030,Flipkart,Tomato Patchouli (Cold) 20 - 35 Yrs Face Malai,Face Malai,1,1,1,241
"Aug 22, 2026",FC-AC-NT-050,Nykaa,Active Neem TeaTree Gel,Active Gel,1,1,1,381
"Aug 22, 2026",EC-UE-PN-009,Nykaa,Netraa - Under Eye Roll On Serum,Pure Netraa,8,8,8,2480.92
"Aug 22, 2026",FC-CWDM-FW-030,Flipkart,Flax Walnut (Cold) 35+ Face Malai,Face Malai,1,1,1,260
"Aug 22, 2026",EC-UE-PN-009,Cred,Netraa - Under Eye Roll On Serum,Pure Netraa,4,4,4,636
"Aug 22, 2026",FC-CWDM-FW-030,D2C,Flax Walnut (Cold) 35+ Face Malai,Face Malai,1,1,2,594
"Aug 22, 2026",FC-DM-AA-030,Nykaa,Clove Tea-Tree (Anti-Acne) Face Malai,Face Malai,3,3,3,986.17
"Aug 22, 2026",FC-DM-PG-030,Nykaa,Turmeric Nutmeg (Pigmentation)  Face Malai - 30g,Face Malai,9,9,9,2943.45
"Aug 22, 2026",EC-UE-FNC-020,First Cry,Netraa Cream - UnderEye Vit-E Cream,Pure Netraa,3,3,3,512.16
"Aug 22, 2026",FC-HHDM-FC-030,D2C,Flax Carrot (Hot Humid) 35+ Face Malai - 30g,Face Malai,5,5,5,1426.95
"Aug 22, 2026",FC-HHDM-FC-030,Cred,Flax Carrot (Hot Humid) 35+ Face Malai - 30g,Face Malai,3,3,3,447
"Aug 22, 2026",FC-HHDM-TV-030,D2C,Tomato Vetiver (Hot Humid) 20 - 35 Yrs Face Malai,Face Malai,31,28,32,6813.94
"Aug 22, 2026",FC-DM-NR-050,D2C,Cocoa Mogra (Overnight) Face Malai - 50g ,Face Malai,3,3,6,1260.34
"Aug 22, 2026",FC-AC-OK-050,Flipkart,Active Orange Kiwi Vit-C Gel,Active Gel,1,1,1,299
"Aug 22, 2026",FC-DM-NR-030,Nykaa,Cocoa Mogra (Overnight) Face Malai - 30g,Face Malai,2,2,2,657.97
"Aug 22, 2026",EC-UE-PN-009,Flipkart,Netraa - Under Eye Roll On Serum,Pure Netraa,1,1,1,220
"Aug 22, 2026",FC-HDDM-TR-030,Amazon,Tomato Rosehip (Hot Dry) 20 - 35 Yrs Face Malai - 30g,Face Malai,1,1,1,315
"Aug 22, 2026",FC-DM-NR-030,Amazon,Cocoa Mogra (Overnight) Face Malai - 30g,Face Malai,8,8,8,2679.6
"Aug 22, 2026",EC-UE-FNC-020,Nykaa,Netraa Cream - UnderEye Vit-E Cream,Pure Netraa,6,6,6,1909.62
"Aug 22, 2026",FC-DM-PG-030,Pop Club,Turmeric Nutmeg (Pigmentation)  Face Malai - 30g,Face Malai,1,1,1,259
"Aug 22, 2026",FC-DM-PG-030,Myntra,Turmeric Nutmeg (Pigmentation)  Face Malai - 30g,Face Malai,6,6,6,2088
"Aug 22, 2026",EC-UE-PN-009,Myntra,Netraa - Under Eye Roll On Serum,Pure Netraa,4,4,4,1252
"Aug 22, 2026",FC-AC-AC-050,D2C,Active Aloe Cactus Hydra Lift Gel,Active Gel,3,3,4,1481.35
"Aug 22, 2026",FC-HDDM-TR-050,D2C,Tomato Rosehip (Hot Dry) 20 - 35 Yrs Face Malai - 50g,Face Malai,2,2,4,750
"Aug 22, 2026",FC-HHDM-TV-030,Nykaa,Tomato Vetiver (Hot Humid) 20 - 35 Yrs Face Malai,Face Malai,3,3,3,906
"Aug 22, 2026",FC-HHDM-FC-030,First Cry,Flax Carrot (Hot Humid) 35+ Face Malai - 30g,Face Malai,1,1,1,150.8
"Aug 22, 2026",FC-HDDM-PT-030,Flipkart,Pomegranate Tulsi (Hot Dry) 13 - 19 Yrs Face Malai,Face Malai,1,1,1,224
"Aug 22, 2026",FC-DM-PG-030,Flipkart,Turmeric Nutmeg (Pigmentation)  Face Malai - 30g,Face Malai,9,9,9,2200.34
"Aug 22, 2026",FC-HHDM-TV-050,Flipkart,Tomato Vetiver (Hot Humid) 20 - 35 Yrs Face Malai - 50g,Face Malai,1,1,1,285
"Aug 22, 2026",FC-HHDM-TV-030,Amazon,Tomato Vetiver (Hot Humid) 20 - 35 Yrs Face Malai,Face Malai,2,2,2,630
"Aug 22, 2026",FC-DM-AA-030,Meesho,Clove Tea-Tree (Anti-Acne) Face Malai,Face Malai,1,1,1,372
"Aug 22, 2026",FC-CWDM-BT-030,D2C,Winter Blackseed Tulsi (Cold) 13 - 19 Yrs Face Malai,Face Malai,1,1,1,322
"Aug 22, 2026",FC-HDDM-TR-030,Nykaa,Tomato Rosehip (Hot Dry) 20 - 35 Yrs Face Malai - 30g,Face Malai,1,1,1,302
"Aug 22, 2026",FC-AC-OK-050,Cred,Active Orange Kiwi Vit-C Gel,Active Gel,7,4,7,1049.06
"Aug 22, 2026",FC-DM-NR-030,Cred,Cocoa Mogra (Overnight) Face Malai - 30g,Face Malai,3,3,3,548
"Aug 22, 2026",FC-AC-OK-050,First Cry,Active Orange Kiwi Vit-C Gel,Active Gel,1,1,1,235.5
"Aug 22, 2026",FC-DM-NR-030,Myntra,Cocoa Mogra (Overnight) Face Malai - 30g,Face Malai,2,2,2,696
"Aug 22, 2026",FC-AC-OV-050,Nykaa,Active Olive Vit-E Night Gel,Active Gel,2,2,2,782
"Aug 22, 2026",FC-HHDM-FC-050,Flipkart,Flax Carrot (Hot Humid) 35+ Face Malai - 50g,Face Malai,2,2,4,696
"Aug 22, 2026",FC-AC-NT-050,Myntra,Active Neem TeaTree Gel,Active Gel,1,1,1,382
"Aug 22, 2026",FC-AC-OK-050,Nykaa,Active Orange Kiwi Vit-C Gel,Active Gel,3,3,3,1161.8
"Aug 22, 2026",FC-HHDM-FC-030,Amazon,Flax Carrot (Hot Humid) 35+ Face Malai - 30g,Face Malai,1,1,1,334.95
"Aug 22, 2026",FC-DM-PG-030,Cred,Turmeric Nutmeg (Pigmentation)  Face Malai - 30g,Face Malai,7,7,7,1094
"Aug 22, 2026",BA-FM-MNO-075,D2C,Baby Face Malai Multi-Nut Oats Vit-E,Baby Face Malai,15,15,15,3680.36
"Aug 22, 2026",FC-AC-OV-050,First Cry,Active Olive Vit-E Night Gel,Active Gel,1,1,1,197.82
"Aug 22, 2026",FC-AC-OV-050,D2C,Active Olive Vit-E Night Gel,Active Gel,5,5,5,1809
"Aug 22, 2026",FC-HDDM-FB-030,D2C,Flax Bakuchi (Hot Dry) 35+ Face Malai - 30g,Face Malai,8,8,8,2153.91
"Aug 22, 2026",BA-FM-MNO-075,First Cry,Baby Face Malai Multi-Nut Oats Vit-E,Baby Face Malai,10,10,10,2716.64
"Aug 22, 2026",FC-HDDM-PT-030,Nykaa,Pomegranate Tulsi (Hot Dry) 13 - 19 Yrs Face Malai,Face Malai,1,1,1,298.86
"Aug 22, 2026",FC-HDDM-FB-030,Nykaa,Flax Bakuchi (Hot Dry) 35+ Face Malai - 30g,Face Malai,1,1,1,298.69
"Aug 22, 2026",FC-AC-OK-050,D2C,Active Orange Kiwi Vit-C Gel,Active Gel,21,21,23,8087.68
"Aug 22, 2026",FC-AC-NT-050,Flipkart,Active Neem TeaTree Gel,Active Gel,5,4,9,2446
"Aug 22, 2026",FC-AC-OK-050,Pop Club,Active Orange Kiwi Vit-C Gel,Active Gel,1,1,1,249
"Aug 22, 2026",FC-AC-OK-050,Meesho,Active Orange Kiwi Vit-C Gel,Active Gel,1,1,1,375
"Aug 22, 2026",FC-HHDM-TV-005,D2C,Tomato Vetiver (Hot Humid) 20 - 35 Yrs Face Malai - 5g - Brand starter,Face Malai,1,1,1,50.02
"Aug 22, 2026",FC-HDDM-FB-030,Cred,Flax Bakuchi (Hot Dry) 35+ Face Malai - 30g,Face Malai,3,3,3,447
"Aug 22, 2026",BA-FM-MNO-075,Flipkart Fulfilled,Baby Face Malai Multi-Nut Oats Vit-E,Baby Face Malai,1,1,1,383
"Aug 22, 2026",BA-FM-MNO-075,Myntra,Baby Face Malai Multi-Nut Oats Vit-E,Baby Face Malai,1,1,1,313
"Aug 22, 2026",FC-AC-BT-050,D2C,Active Beetroot Tomato Vit-A Gel,Active Gel,7,7,7,2174.21
"Aug 22, 2026",FC-HHDM-TV-050,D2C,Tomato Vetiver (Hot Humid) 20 - 35 Yrs Face Malai - 50g,Face Malai,2,2,2,682.3
"Aug 22, 2026",FC-HHDM-FC-050,D2C,Flax Carrot (Hot Humid) 35+ Face Malai - 50g,Face Malai,10,10,20,3767.72
"Aug 22, 2026",FC-HDDM-TR-030,Cred,Tomato Rosehip (Hot Dry) 20 - 35 Yrs Face Malai - 30g,Face Malai,12,11,12,1788
"Aug 22, 2026",FC-HDDM-FB-050,D2C,Flax Bakuchi (Hot Dry) 35+ Face Malai - 50g,Face Malai,1,1,2,316.67
"Aug 22, 2026",EC-UE-PN-009,D2C,Netraa - Under Eye Roll On Serum,Pure Netraa,14,14,14,3829.18
"Aug 22, 2026",FC-CWDM-FW-030,Amazon,Flax Walnut (Cold) 35+ Face Malai,Face Malai,4,4,4,1356.6
"Aug 22, 2026",FC-DM-AA-030,D2C,Clove Tea-Tree (Anti-Acne) Face Malai,Face Malai,12,12,12,3482.01
"Aug 22, 2026",FC-HHDM-TV-050,Amazon,Tomato Vetiver (Hot Humid) 20 - 35 Yrs Face Malai - 50g,Face Malai,2,2,2,788.24
"Aug 22, 2026",EC-UE-FNC-020,Pop Club,Netraa Cream - UnderEye Vit-E Cream,Pure Netraa,5,5,6,1752
"Aug 22, 2026",FC-DM-AA-030,Amazon,Clove Tea-Tree (Anti-Acne) Face Malai,Face Malai,2,2,2,609
"Aug 22, 2026",FC-DM-NR-030,D2C,Cocoa Mogra (Overnight) Face Malai - 30g,Face Malai,12,12,12,3686.64
"Aug 22, 2026",FC-DM-DP-030,Nykaa,Honey Multi-Nut (Dry & Peeling Skin) Face Malai,Face Malai,3,3,3,934.99
"Aug 23, 2026",FC-AC-OK-050,Amazon,Active Orange Kiwi Vit-C Gel,Active Gel,1,1,1,376.95
"Aug 23, 2026",FC-DM-PG-030,Amazon,Turmeric Nutmeg (Pigmentation)  Face Malai - 30g,Face Malai,18,18,18,6029.1
"Aug 23, 2026",FC-DM-NR-030,D2C,Cocoa Mogra (Overnight) Face Malai - 30g,Face Malai,12,12,12,3266.86
"Aug 23, 2026",FC-HHDM-TV-030,Myntra,Tomato Vetiver (Hot Humid) 20 - 35 Yrs Face Malai,Face Malai,1,1,1,328
"Aug 23, 2026",FC-HDDM-TR-030,Amazon,Tomato Rosehip (Hot Dry) 20 - 35 Yrs Face Malai - 30g,Face Malai,2,2,2,630
"Aug 23, 2026",FC-AC-AC-050,D2C,Active Aloe Cactus Hydra Lift Gel,Active Gel,6,6,6,2123.34
"Aug 23, 2026",FC-AC-BT-050,D2C,Active Beetroot Tomato Vit-A Gel,Active Gel,6,6,6,1752.28
"Aug 23, 2026",FC-HHDM-FC-050,D2C,Flax Carrot (Hot Humid) 35+ Face Malai - 50g,Face Malai,4,4,10,1752.42
"Aug 23, 2026",FC-DM-PG-030,Nykaa,Turmeric Nutmeg (Pigmentation)  Face Malai - 30g,Face Malai,11,11,11,3630.1
"Aug 23, 2026",FC-AC-NT-050,D2C,Active Neem TeaTree Gel,Active Gel,16,16,16,5129.05
"Aug 23, 2026",FC-HHDM-TV-030,D2C,Tomato Vetiver (Hot Humid) 20 - 35 Yrs Face Malai,Face Malai,28,28,37,7920.15
"Aug 23, 2026",EC-UE-PN-009,Myntra,Netraa - Under Eye Roll On Serum,Pure Netraa,2,2,2,626
"Aug 23, 2026",FC-DM-PG-030,Myntra,Turmeric Nutmeg (Pigmentation)  Face Malai - 30g,Face Malai,4,4,5,1740
"Aug 23, 2026",FC-HHDM-TV-050,Amazon,Tomato Vetiver (Hot Humid) 20 - 35 Yrs Face Malai - 50g,Face Malai,1,1,1,394.12
"Aug 23, 2026",FC-AC-OK-050,Nykaa,Active Orange Kiwi Vit-C Gel,Active Gel,6,6,6,2338.14
"Aug 23, 2026",FC-DM-PG-030,Flipkart,Turmeric Nutmeg (Pigmentation)  Face Malai - 30g,Face Malai,8,8,8,1846.68
"Aug 23, 2026",FC-AC-OV-050,Nykaa,Active Olive Vit-E Night Gel,Active Gel,3,3,3,1173
"Aug 23, 2026",FC-DM-PG-030,D2C,Turmeric Nutmeg (Pigmentation)  Face Malai - 30g,Face Malai,20,20,20,5819.07
"Aug 23, 2026",FC-HHDM-TV-005,D2C,Tomato Vetiver (Hot Humid) 20 - 35 Yrs Face Malai - 5g - Brand starter,Face Malai,2,2,4,211.28
"Aug 23, 2026",FC-AC-OV-050,D2C,Active Olive Vit-E Night Gel,Active Gel,11,11,13,4958.28
"Aug 23, 2026",FC-DM-NR-030,Nykaa,Cocoa Mogra (Overnight) Face Malai - 30g,Face Malai,6,6,6,1976.7
"Aug 23, 2026",FC-DM-NR-030,Amazon,Cocoa Mogra (Overnight) Face Malai - 30g,Face Malai,9,7,10,3349.5
"Aug 23, 2026",FC-AC-OV-050,Myntra,Active Olive Vit-E Night Gel,Active Gel,1,1,1,391
"Aug 23, 2026",FC-CWDM-TP-030,Myntra,Tomato Patchouli (Cold) 20 - 35 Yrs Face Malai,Face Malai,1,1,1,333
"Aug 23, 2026",EC-UE-FNC-020,Flipkart,Netraa Cream - UnderEye Vit-E Cream,Pure Netraa,1,1,1,230
"Aug 23, 2026",FC-HDDM-FB-030,D2C,Flax Bakuchi (Hot Dry) 35+ Face Malai - 30g,Face Malai,4,4,4,1108.39
"Aug 23, 2026",FC-DM-NR-030,Pop Club,Cocoa Mogra (Overnight) Face Malai - 30g,Face Malai,1,1,1,259
"Aug 23, 2026",FC-HHDM-TV-030,Amazon,Tomato Vetiver (Hot Humid) 20 - 35 Yrs Face Malai,Face Malai,2,2,2,630
"Aug 23, 2026",FC-CWDM-BT-030,D2C,Winter Blackseed Tulsi (Cold) 13 - 19 Yrs Face Malai,Face Malai,1,1,1,322
"Aug 23, 2026",FC-HHDM-FC-030,Amazon,Flax Carrot (Hot Humid) 35+ Face Malai - 30g,Face Malai,4,4,4,1339.8
"Aug 23, 2026",EC-UE-FNC-020,Myntra,Netraa Cream - UnderEye Vit-E Cream,Pure Netraa,3,3,3,969
"Aug 23, 2026",FC-HDDM-TR-030,Nykaa,Tomato Rosehip (Hot Dry) 20 - 35 Yrs Face Malai - 30g,Face Malai,1,1,1,302
"Aug 23, 2026",FC-DM-PG-030,Cred,Turmeric Nutmeg (Pigmentation)  Face Malai - 30g,Face Malai,1,1,1,174.5
"Aug 23, 2026",BA-FM-MNO-075,D2C,Baby Face Malai Multi-Nut Oats Vit-E,Baby Face Malai,17,17,20,4845.38
"Aug 23, 2026",FC-HDDM-TR-030,Cred,Tomato Rosehip (Hot Dry) 20 - 35 Yrs Face Malai - 30g,Face Malai,1,1,1,149
"Aug 23, 2026",FC-AC-OK-050,Flipkart,Active Orange Kiwi Vit-C Gel,Active Gel,1,1,1,299
"Aug 23, 2026",FC-CWDM-FW-030,Amazon,Flax Walnut (Cold) 35+ Face Malai,Face Malai,1,1,1,339.15
"Aug 23, 2026",FC-HHDM-TV-050,D2C,Tomato Vetiver (Hot Humid) 20 - 35 Yrs Face Malai - 50g,Face Malai,6,6,6,1989.67
"Aug 23, 2026",FC-DM-AA-030,Amazon,Clove Tea-Tree (Anti-Acne) Face Malai,Face Malai,2,2,3,913.5
"Aug 23, 2026",FC-CWDM-BT-030,Myntra,Winter Blackseed Tulsi (Cold) 13 - 19 Yrs Face Malai,Face Malai,1,1,1,322
"Aug 23, 2026",BA-FM-MNO-075,Amazon,Baby Face Malai Multi-Nut Oats Vit-E,Baby Face Malai,1,1,1,300.3
"Aug 23, 2026",FC-HDDM-FB-030,Nykaa,Flax Bakuchi (Hot Dry) 35+ Face Malai - 30g,Face Malai,1,1,1,310.33
"Aug 23, 2026",FC-HHDM-GAT-030,Nykaa,GreenApple Tulsi (Hot Humid) 13 - 19 Yrs Face Malai,Face Malai,1,1,1,313.77
"Aug 23, 2026",FC-DM-NR-030,Cred,Cocoa Mogra (Overnight) Face Malai - 30g,Face Malai,1,1,1,174.5
"Aug 23, 2026",FC-DM-DP-030,D2C,Honey Multi-Nut (Dry & Peeling Skin) Face Malai,Face Malai,2,2,3,1002
"Aug 23, 2026",FC-CWDM-TP-030,Amazon,Tomato Patchouli (Cold) 20 - 35 Yrs Face Malai,Face Malai,1,1,1,320.25
"Aug 23, 2026",EC-UE-PN-009,Nykaa,Netraa - Under Eye Roll On Serum,Pure Netraa,12,12,12,3728.72
"Aug 23, 2026",FC-HDDM-FB-030,Myntra,Flax Bakuchi (Hot Dry) 35+ Face Malai - 30g,Face Malai,1,1,1,348
"Aug 23, 2026",BC-BL-PM-250,Flipkart,Peach Milk Malai Lotion - 250ml,Face Malai,7,7,8,1400
"Aug 23, 2026",EC-UE-FNC-020,D2C,Netraa Cream - UnderEye Vit-E Cream,Pure Netraa,16,16,16,4213.74
"Aug 23, 2026",BA-FM-MNO-075,First Cry,Baby Face Malai Multi-Nut Oats Vit-E,Baby Face Malai,13,13,14,3675.35
"Aug 23, 2026",FC-DM-PG-050,D2C,Turmeric Nutmeg (Pigmentation)  Face Malai - 50g ,Face Malai,16,16,32,6412.45
"Aug 23, 2026",EC-UE-FNC-020,Nykaa,Netraa Cream - UnderEye Vit-E Cream,Pure Netraa,4,4,4,1278.62
"Aug 23, 2026",FC-DM-AA-030,Myntra,Clove Tea-Tree (Anti-Acne) Face Malai,Face Malai,1,1,1,316
"Aug 23, 2026",EC-UE-PN-009,First Cry,Netraa - Under Eye Roll On Serum,Pure Netraa,1,1,4,631.68
"Aug 23, 2026",FC-AC-AC-050,Myntra,Active Aloe Cactus Hydra Lift Gel,Active Gel,1,1,1,421
"Aug 23, 2026",FC-AC-OK-050,Cred,Active Orange Kiwi Vit-C Gel,Active Gel,9,8,9,1215.84
"Aug 23, 2026",FC-HHDM-TV-050,Flipkart,Tomato Vetiver (Hot Humid) 20 - 35 Yrs Face Malai - 50g,Face Malai,2,2,2,570
"Aug 23, 2026",FC-AC-NT-050,Myntra,Active Neem TeaTree Gel,Active Gel,1,1,1,382
"Aug 23, 2026",FC-HHDM-TV-030,Pop Club,Tomato Vetiver (Hot Humid) 20 - 35 Yrs Face Malai,Face Malai,2,2,2,518
"Aug 23, 2026",FC-AC-BT-050,Nykaa,Active Beetroot Tomato Vit-A Gel,Active Gel,1,1,1,381
"Aug 23, 2026",FC-HDDM-TR-050,D2C,Tomato Rosehip (Hot Dry) 20 - 35 Yrs Face Malai - 50g,Face Malai,5,5,10,1763.4
"Aug 23, 2026",FC-HDDM-FB-030,First Cry,Flax Bakuchi (Hot Dry) 35+ Face Malai - 30g,Face Malai,2,2,2,346.84
"Aug 23, 2026",BA-FM-MNO-075,Meesho,Baby Face Malai Multi-Nut Oats Vit-E,Baby Face Malai,1,1,1,302
"Aug 23, 2026",FC-DM-AA-030,First Cry,Clove Tea-Tree (Anti-Acne) Face Malai,Face Malai,1,1,2,336.84
"Aug 23, 2026",FC-DM-DP-030,Nykaa,Honey Multi-Nut (Dry & Peeling Skin) Face Malai,Face Malai,3,3,3,937.89
"Aug 23, 2026",FC-DM-AA-030,D2C,Clove Tea-Tree (Anti-Acne) Face Malai,Face Malai,8,7,8,2663.26
"Aug 23, 2026",FC-AC-OV-050,Cred,Active Olive Vit-E Night Gel,Active Gel,2,2,2,478
"Aug 23, 2026",FC-HHDM-FC-030,D2C,Flax Carrot (Hot Humid) 35+ Face Malai - 30g,Face Malai,5,5,5,1394.58
"Aug 23, 2026",FC-HDDM-TR-030,D2C,Tomato Rosehip (Hot Dry) 20 - 35 Yrs Face Malai - 30g,Face Malai,1,1,1,317.72
"Aug 23, 2026",FC-DM-DP-030,Amazon,Honey Multi-Nut (Dry & Peeling Skin) Face Malai,Face Malai,2,2,2,630
"Aug 23, 2026",FC-AC-OK-050,First Cry,Active Orange Kiwi Vit-C Gel,Active Gel,1,1,1,208.22
"Aug 23, 2026",FC-AC-OK-050,D2C,Active Orange Kiwi Vit-C Gel,Active Gel,31,30,36,12350.13
"Aug 23, 2026",FC-HHDM-FC-030,Nykaa,Flax Carrot (Hot Humid) 35+ Face Malai - 30g,Face Malai,1,1,1,308.66
"Aug 23, 2026",FC-CWDM-TP-030,Flipkart,Tomato Patchouli (Cold) 20 - 35 Yrs Face Malai,Face Malai,1,1,1,241
"Aug 23, 2026",FC-HDDM-FB-050,D2C,Flax Bakuchi (Hot Dry) 35+ Face Malai - 50g,Face Malai,4,4,8,1279.39
"Aug 23, 2026",EC-UE-PN-009,Cred,Netraa - Under Eye Roll On Serum,Pure Netraa,1,1,1,159
"Aug 23, 2026",BA-FM-MNO-075,Nykaa,Baby Face Malai Multi-Nut Oats Vit-E,Baby Face Malai,3,3,3,936
"Aug 23, 2026",FC-DM-AA-030,Nykaa,Clove Tea-Tree (Anti-Acne) Face Malai,Face Malai,3,3,3,986.38
"Aug 23, 2026",FC-CWDM-FW-030,D2C,Flax Walnut (Cold) 35+ Face Malai,Face Malai,4,4,4,1236.71
"Aug 23, 2026",EC-UE-FNC-020,Pop Club,Netraa Cream - UnderEye Vit-E Cream,Pure Netraa,1,1,1,219
"Aug 23, 2026",FC-DM-NR-050,D2C,Cocoa Mogra (Overnight) Face Malai - 50g ,Face Malai,3,3,6,1096.8
"Aug 23, 2026",FC-DM-NR-030,First Cry,Cocoa Mogra (Overnight) Face Malai - 30g,Face Malai,1,1,3,505.26
"Aug 23, 2026",FC-DM-NR-050,Flipkart,Cocoa Mogra (Overnight) Face Malai - 50g ,Face Malai,1,1,2,391
"Aug 23, 2026",FC-CWDM-TP-030,D2C,Tomato Patchouli (Cold) 20 - 35 Yrs Face Malai,Face Malai,1,1,1,224.21
"Aug 23, 2026",FC-HDDM-PT-030,D2C,Pomegranate Tulsi (Hot Dry) 13 - 19 Yrs Face Malai,Face Malai,4,4,4,1075.5
"Aug 23, 2026",EC-UE-PN-009,D2C,Netraa - Under Eye Roll On Serum,Pure Netraa,30,30,32,7401.1
"Aug 23, 2026",EC-UE-PN-009,Flipkart,Netraa - Under Eye Roll On Serum,Pure Netraa,1,1,1,220
"Aug 23, 2026",BC-BL-PM-250,D2C,Peach Milk Malai Lotion - 250ml,Face Malai,1,1,1,234.46
"Aug 23, 2026",FC-HHDM-TV-030,Nykaa,Tomato Vetiver (Hot Humid) 20 - 35 Yrs Face Malai,Face Malai,2,2,2,604
"Aug 23, 2026",FC-HHDM-TV-050,Nykaa,Tomato Vetiver (Hot Humid) 20 - 35 Yrs Face Malai - 50g,Face Malai,1,1,1,439
"Aug 23, 2026",FC-DM-NR-030,Flipkart,Cocoa Mogra (Overnight) Face Malai - 30g,Face Malai,1,1,1,256
"Aug 23, 2026",FC-AC-NT-050,Nykaa,Active Neem TeaTree Gel,Active Gel,1,1,1,381
